service_date,day_type,bus,rail_boardings,total_rides
2019-01-01T00:00:00.000,U,248879,245852,494731
2019-01-02T00:00:00.000,W,591006,573542,1164548
2019-01-03T00:00:00.000,W,664442,627781,1292223
2019-01-04T00:00:00.000,W,668812,628514,1297326
2019-01-05T00:00:00.000,A,444434,348257,792691
2019-01-06T00:00:00.000,U,318623,260556,579179
2019-01-07T00:00:00.000,W,723023,662470,1385493
2019-01-08T00:00:00.000,W,784085,701693,1485778
2019-01-09T00:00:00.000,W,747949,685444,1433393
2019-01-10T00:00:00.000,W,747850,690162,1438012
2019-01-11T00:00:00.000,W,763718,679115,1442833
2019-01-12T00:00:00.000,A,382464,325219,707683
2019-01-13T00:00:00.000,U,301855,250222,552077
2019-01-14T00:00:00.000,W,756590,705571,1462161
2019-01-15T00:00:00.000,W,783113,720095,1503208
2019-01-16T00:00:00.000,W,800537,728048,1528585
2019-01-17T00:00:00.000,W,800348,734929,1535277
2019-01-18T00:00:00.000,W,776640,700006,1476646
2019-01-19T00:00:00.000,A,337080,312424,649504
2019-01-20T00:00:00.000,U,271961,236744,508705
2019-01-21T00:00:00.000,W,445534,401503,847037
2019-01-22T00:00:00.000,W,757962,712125,1470087
2019-01-23T00:00:00.000,W,764136,718899,1483035
2019-01-24T00:00:00.000,W,745872,711300,1457172
2019-01-25T00:00:00.000,W,568100,590674,1158774
2019-01-26T00:00:00.000,A,343625,296063,639688
2019-01-27T00:00:00.000,U,258884,221081,479965
2019-01-28T00:00:00.000,W,668192,678810,1347002
2019-01-29T00:00:00.000,W,581664,579917,1161581
2019-01-30T00:00:00.000,W,124154,97917,222071
2019-01-31T00:00:00.000,W,282336,243912,526248
2019-02-01T00:00:00.000,W,683059,648091,1331150
2019-02-02T00:00:00.000,A,435441,345650,781091
2019-02-03T00:00:00.000,U,322488,250724,573212
2019-02-04T00:00:00.000,W,808055,718764,1526819
2019-02-05T00:00:00.000,W,808858,734181,1543039
2019-02-06T00:00:00.000,W,799164,727769,1526933
2019-02-07T00:00:00.000,W,789342,732351,1521693
2019-02-08T00:00:00.000,W,710682,655823,1366505
2019-02-09T00:00:00.000,A,423681,338847,762528
2019-02-10T00:00:00.000,U,296809,251192,548001
2019-02-11T00:00:00.000,W,779386,704667,1484053
2019-02-12T00:00:00.000,W,741083,698387,1439470
2019-02-13T00:00:00.000,W,795205,728764,1523969
2019-02-14T00:00:00.000,W,824482,746611,1571093
2019-02-15T00:00:00.000,W,754152,687932,1442084
2019-02-16T00:00:00.000,A,438454,362613,801067
2019-02-17T00:00:00.000,U,296482,256817,553299
2019-02-18T00:00:00.000,W,555501,519409,1074910
2019-02-19T00:00:00.000,W,812492,725195,1537687
2019-02-20T00:00:00.000,W,779660,717172,1496832
2019-02-21T00:00:00.000,W,813056,727504,1540560
2019-02-22T00:00:00.000,W,798311,702988,1501299
2019-02-23T00:00:00.000,A,406839,328179,735018
2019-02-24T00:00:00.000,U,288368,240478,528846
2019-02-25T00:00:00.000,W,762857,680844,1443701
2019-02-26T00:00:00.000,W,773049,699462,1472511
2019-02-27T00:00:00.000,W,797800,711827,1509627
2019-02-28T00:00:00.000,W,783920,714700,1498620
2019-03-01T00:00:00.000,W,812238,682969,1495207
2019-03-02T00:00:00.000,A,454119,349392,803511
2019-03-03T00:00:00.000,U,313539,252150,565689
2019-03-04T00:00:00.000,W,699086,635353,1334439
2019-03-05T00:00:00.000,W,761781,692945,1454726
2019-03-06T00:00:00.000,W,790908,708876,1499784
2019-03-07T00:00:00.000,W,790299,711428,1501727
2019-03-08T00:00:00.000,W,781577,684186,1465763
2019-03-09T00:00:00.000,A,409779,326686,736465
2019-03-10T00:00:00.000,U,310427,250702,561129
2019-03-11T00:00:00.000,W,784354,697758,1482112
2019-03-12T00:00:00.000,W,816229,729476,1545705
2019-03-13T00:00:00.000,W,785256,727150,1512406
2019-03-14T00:00:00.000,W,777417,726502,1503919
2019-03-15T00:00:00.000,W,769660,716230,1485890
2019-03-16T00:00:00.000,A,468181,570703,1038884
2019-03-17T00:00:00.000,U,337661,301294,638955
2019-03-18T00:00:00.000,W,786322,711535,1497857
2019-03-19T00:00:00.000,W,812217,727732,1539949
2019-03-20T00:00:00.000,W,782960,712714,1495674
2019-03-21T00:00:00.000,W,795501,719946,1515447
2019-03-22T00:00:00.000,W,784281,695716,1479997
2019-03-23T00:00:00.000,A,472376,386972,859348
2019-03-24T00:00:00.000,U,312958,279989,592947
2019-03-25T00:00:00.000,W,761448,666862,1428310
2019-03-26T00:00:00.000,W,794453,688849,1483302
2019-03-27T00:00:00.000,W,802407,693509,1495916
2019-03-28T00:00:00.000,W,782670,692421,1475091
2019-03-29T00:00:00.000,W,764086,667916,1432002
2019-03-30T00:00:00.000,A,428233,346980,775213
2019-03-31T00:00:00.000,U,324724,264228,588952
2019-04-01T00:00:00.000,W,825150,707874,1533024
2019-04-02T00:00:00.000,W,815370,727263,1542633
2019-04-03T00:00:00.000,W,846418,744443,1590861
2019-04-04T00:00:00.000,W,791393,735719,1527112
2019-04-05T00:00:00.000,W,754962,710414,1465376
2019-04-06T00:00:00.000,A,487323,414140,901463
2019-04-07T00:00:00.000,U,331229,276992,608221
2019-04-08T00:00:00.000,W,823032,754465,1577497
2019-04-09T00:00:00.000,W,791556,747311,1538867
2019-04-10T00:00:00.000,W,760548,731858,1492406
2019-04-11T00:00:00.000,W,771911,746596,1518507
2019-04-12T00:00:00.000,W,795077,731825,1526902
2019-04-13T00:00:00.000,A,473087,417501,890588
2019-04-14T00:00:00.000,U,240601,215007,455608
2019-04-15T00:00:00.000,W,694149,679904,1374053
2019-04-16T00:00:00.000,W,725056,709023,1434079
2019-04-17T00:00:00.000,W,710771,699083,1409854
2019-04-18T00:00:00.000,W,654819,675919,1330738
2019-04-19T00:00:00.000,W,643329,619953,1263282
2019-04-20T00:00:00.000,A,462233,372841,835074
2019-04-21T00:00:00.000,U,330270,276935,607205
2019-04-22T00:00:00.000,W,767623,692515,1460138
2019-04-23T00:00:00.000,W,806358,747351,1553709
2019-04-24T00:00:00.000,W,813407,759394,1572801
2019-04-25T00:00:00.000,W,820219,770006,1590225
2019-04-26T00:00:00.000,W,806103,731398,1537501
2019-04-27T00:00:00.000,A,369056,319488,688544
2019-04-28T00:00:00.000,U,338518,289270,627788
2019-04-29T00:00:00.000,W,729815,673476,1403291
2019-04-30T00:00:00.000,W,757497,707685,1465182
2019-05-01T00:00:00.000,W,841583,729104,1570687
2019-05-02T00:00:00.000,W,787163,728705,1515868
2019-05-03T00:00:00.000,W,834369,750517,1584886
2019-05-04T00:00:00.000,A,495436,437434,932870
2019-05-05T00:00:00.000,U,402463,338727,741190
2019-05-06T00:00:00.000,W,803622,724230,1527852
2019-05-07T00:00:00.000,W,805130,738981,1544111
2019-05-08T00:00:00.000,W,822516,755171,1577687
2019-05-09T00:00:00.000,W,810976,751965,1562941
2019-05-10T00:00:00.000,W,816268,749306,1565574
2019-05-11T00:00:00.000,A,456362,407442,863804
2019-05-12T00:00:00.000,U,336476,298999,635475
2019-05-13T00:00:00.000,W,783657,704326,1487983
2019-05-14T00:00:00.000,W,808863,722423,1531286
2019-05-15T00:00:00.000,W,810290,724761,1535051
2019-05-16T00:00:00.000,W,768250,714282,1482532
2019-05-17T00:00:00.000,W,758399,691390,1449789
2019-05-18T00:00:00.000,A,448115,388373,836488
2019-05-19T00:00:00.000,U,332006,295929,627935
2019-05-20T00:00:00.000,W,781061,721397,1502458
2019-05-21T00:00:00.000,W,777647,723782,1501429
2019-05-22T00:00:00.000,W,811376,756639,1568015
2019-05-23T00:00:00.000,W,801697,766717,1568414
2019-05-24T00:00:00.000,W,749827,681443,1431270
2019-05-25T00:00:00.000,A,483109,426932,910041
2019-05-26T00:00:00.000,U,349368,335435,684803
2019-05-27T00:00:00.000,U,298987,256757,555744
2019-05-28T00:00:00.000,W,769069,694292,1463361
2019-05-29T00:00:00.000,W,791059,717681,1508740
2019-05-30T00:00:00.000,W,792091,735508,1527599
2019-05-31T00:00:00.000,W,817633,738322,1555955
2019-06-01T00:00:00.000,A,473204,379044,852248
2019-06-02T00:00:00.000,U,370049,319334,689383
2019-06-03T00:00:00.000,W,814607,731571,1546178
2019-06-04T00:00:00.000,W,797511,749759,1547270
2019-06-05T00:00:00.000,W,817943,764911,1582854
2019-06-06T00:00:00.000,W,819351,773638,1592989
2019-06-07T00:00:00.000,W,797917,760907,1558824
2019-06-08T00:00:00.000,A,517706,469189,986895
2019-06-09T00:00:00.000,U,372952,329388,702340
2019-06-10T00:00:00.000,W,787528,717811,1505339
2019-06-11T00:00:00.000,W,812806,748133,1560939
2019-06-12T00:00:00.000,W,768907,722333,1491240
2019-06-13T00:00:00.000,W,784003,758006,1542009
2019-06-14T00:00:00.000,W,786956,769162,1556118
2019-06-15T00:00:00.000,A,447116,419997,867113
2019-06-16T00:00:00.000,U,347416,319752,667168
2019-06-17T00:00:00.000,W,739714,684609,1424323
2019-06-18T00:00:00.000,W,783381,747919,1531300
2019-06-19T00:00:00.000,W,762852,735207,1498059
2019-06-20T00:00:00.000,W,754094,755009,1509103
2019-06-21T00:00:00.000,W,741691,748258,1489949
2019-06-22T00:00:00.000,A,485555,468890,954445
2019-06-23T00:00:00.000,U,372216,314345,686561
2019-06-24T00:00:00.000,W,713826,694599,1408425
2019-06-25T00:00:00.000,W,790945,756023,1546968
2019-06-26T00:00:00.000,W,778502,758880,1537382
2019-06-27T00:00:00.000,W,763256,757999,1521255
2019-06-28T00:00:00.000,W,742317,717591,1459908
2019-06-29T00:00:00.000,A,507082,438017,945099
2019-06-30T00:00:00.000,U,342891,473462,816353
2019-07-01T00:00:00.000,W,751938,691817,1443755
2019-07-02T00:00:00.000,W,732483,698347,1430830
2019-07-03T00:00:00.000,W,761825,694945,1456770
2019-07-04T00:00:00.000,U,386135,354474,740609
2019-07-05T00:00:00.000,W,593204,492198,1085402
2019-07-06T00:00:00.000,A,464539,390851,855390
2019-07-07T00:00:00.000,U,365003,328344,693347
2019-07-08T00:00:00.000,W,738529,696647,1435176
2019-07-09T00:00:00.000,W,760765,733255,1494020
2019-07-10T00:00:00.000,W,750223,735504,1485727
2019-07-11T00:00:00.000,W,761712,767177,1528889
2019-07-12T00:00:00.000,W,738700,777202,1515902
2019-07-13T00:00:00.000,A,496000,471671,967671
2019-07-14T00:00:00.000,U,386786,362994,749780
2019-07-15T00:00:00.000,W,733408,723684,1457092
2019-07-16T00:00:00.000,W,736299,746731,1483030
2019-07-17T00:00:00.000,W,751727,751160,1502887
2019-07-18T00:00:00.000,W,681127,699545,1380672
2019-07-19T00:00:00.000,W,700392,721558,1421950
2019-07-20T00:00:00.000,A,466646,419897,886543
2019-07-21T00:00:00.000,U,360488,342739,703227
2019-07-22T00:00:00.000,W,733191,716299,1449490
2019-07-23T00:00:00.000,W,754783,731712,1486495
2019-07-24T00:00:00.000,W,754694,737880,1492574
2019-07-25T00:00:00.000,W,746240,746890,1493130
2019-07-26T00:00:00.000,W,728460,713766,1442226
2019-07-27T00:00:00.000,A,509542,417935,927477
2019-07-28T00:00:00.000,U,399059,314226,713285
2019-07-29T00:00:00.000,W,677033,663313,1340346
2019-07-30T00:00:00.000,W,744356,721545,1465901
2019-07-31T00:00:00.000,W,738630,739592,1478222
2019-08-01T00:00:00.000,W,763703,795333,1559036
2019-08-02T00:00:00.000,W,740366,804952,1545318
2019-08-03T00:00:00.000,A,497883,512548,1010431
2019-08-04T00:00:00.000,U,375863,416740,792603
2019-08-05T00:00:00.000,W,727517,724021,1451538
2019-08-06T00:00:00.000,W,737702,738151,1475853
2019-08-07T00:00:00.000,W,745371,746207,1491578
2019-08-08T00:00:00.000,W,746213,735310,1481523
2019-08-09T00:00:00.000,W,720081,716084,1436165
2019-08-10T00:00:00.000,A,490001,428555,918556
2019-08-11T00:00:00.000,U,376464,321310,697774
2019-08-12T00:00:00.000,W,672626,659442,1332068
2019-08-13T00:00:00.000,W,715539,697693,1413232
2019-08-14T00:00:00.000,W,708180,698339,1406519
2019-08-15T00:00:00.000,W,723069,703513,1426582
2019-08-16T00:00:00.000,W,699501,675393,1374894
2019-08-17T00:00:00.000,A,456968,396155,853123
2019-08-18T00:00:00.000,U,330848,289890,620738
2019-08-19T00:00:00.000,W,697759,669727,1367486
2019-08-20T00:00:00.000,W,670195,689224,1359419
2019-08-21T00:00:00.000,W,732929,724089,1457018
2019-08-22T00:00:00.000,W,739175,741995,1481170
2019-08-23T00:00:00.000,W,720876,723775,1444651
2019-08-24T00:00:00.000,A,499355,424284,923639
2019-08-25T00:00:00.000,U,395847,327749,723596
2019-08-26T00:00:00.000,W,693566,678343,1371909
2019-08-27T00:00:00.000,W,776670,740341,1517011
2019-08-28T00:00:00.000,W,772893,736506,1509399
2019-08-29T00:00:00.000,W,769645,747141,1516786
2019-08-30T00:00:00.000,W,761440,717490,1478930
2019-08-31T00:00:00.000,A,482463,428658,911121
2019-09-01T00:00:00.000,U,379610,357032,736642
2019-09-02T00:00:00.000,U,374967,328376,703343
2019-09-03T00:00:00.000,W,821674,738399,1560073
2019-09-04T00:00:00.000,W,861286,762868,1624154
2019-09-05T00:00:00.000,W,853186,800432,1653618
2019-09-06T00:00:00.000,W,821645,744323,1565968
2019-09-07T00:00:00.000,A,486423,420502,906925
2019-09-08T00:00:00.000,U,344385,310823,655208
2019-09-09T00:00:00.000,W,829266,737160,1566426
2019-09-10T00:00:00.000,W,856513,769458,1625971
2019-09-11T00:00:00.000,W,848169,777407,1625576
2019-09-12T00:00:00.000,W,845028,795224,1640252
2019-09-13T00:00:00.000,W,822197,800812,1623009
2019-09-14T00:00:00.000,A,498571,487396,985967
2019-09-15T00:00:00.000,U,353264,352467,705731
2019-09-16T00:00:00.000,W,825739,777685,1603424
2019-09-17T00:00:00.000,W,856186,797063,1653249
2019-09-18T00:00:00.000,W,859904,807081,1666985
2019-09-19T00:00:00.000,W,845624,816086,1661710
2019-09-20T00:00:00.000,W,830757,803291,1634048
2019-09-21T00:00:00.000,A,489155,440464,929619
2019-09-22T00:00:00.000,U,338418,299658,638076
2019-09-23T00:00:00.000,W,832762,766712,1599474
2019-09-24T00:00:00.000,W,850825,780378,1631203
2019-09-25T00:00:00.000,W,859089,781453,1640542
2019-09-26T00:00:00.000,W,853333,791418,1644751
2019-09-27T00:00:00.000,W,734962,699996,1434958
2019-09-28T00:00:00.000,A,476234,401745,877979
2019-09-29T00:00:00.000,U,358174,294350,652524
2019-09-30T00:00:00.000,W,850333,738159,1588492
2019-10-01T00:00:00.000,W,905477,772082,1677559
2019-10-02T00:00:00.000,W,844694,765652,1610346
2019-10-03T00:00:00.000,W,885919,781701,1667620
2019-10-04T00:00:00.000,W,851906,740946,1592852
2019-10-05T00:00:00.000,A,492689,388710,881399
2019-10-06T00:00:00.000,U,403747,306647,710394
2019-10-07T00:00:00.000,W,845146,748413,1593559
2019-10-08T00:00:00.000,W,868009,773805,1641814
2019-10-09T00:00:00.000,W,857532,766121,1623653
2019-10-10T00:00:00.000,W,855556,803767,1659323
2019-10-11T00:00:00.000,W,776609,762011,1538620
2019-10-12T00:00:00.000,A,480048,470284,950332
2019-10-13T00:00:00.000,U,319885,522816,842701
2019-10-14T00:00:00.000,W,666607,698402,1365009
2019-10-15T00:00:00.000,W,844826,788101,1632927
2019-10-16T00:00:00.000,W,845543,782133,1627676
2019-10-17T00:00:00.000,W,787285,790202,1577487
2019-10-18T00:00:00.000,W,762811,778466,1541277
2019-10-19T00:00:00.000,A,499700,467794,967494
2019-10-20T00:00:00.000,U,377822,340156,717978
2019-10-21T00:00:00.000,W,739027,727743,1466770
2019-10-22T00:00:00.000,W,772142,750644,1522786
2019-10-23T00:00:00.000,W,789783,791468,1581251
2019-10-24T00:00:00.000,W,790853,766559,1557412
2019-10-25T00:00:00.000,W,757907,729221,1487128
2019-10-26T00:00:00.000,A,412819,356371,769190
2019-10-27T00:00:00.000,U,390090,314740,704830
2019-10-28T00:00:00.000,W,762580,729809,1492389
2019-10-29T00:00:00.000,W,781400,752054,1533454
2019-10-30T00:00:00.000,W,733054,721966,1455020
2019-10-31T00:00:00.000,W,698934,693962,1392896
2019-11-01T00:00:00.000,W,798542,719267,1517809
2019-11-02T00:00:00.000,A,467877,381954,849831
2019-11-03T00:00:00.000,U,356367,310621,666988
2019-11-04T00:00:00.000,W,848867,749735,1598602
2019-11-05T00:00:00.000,W,855055,769233,1624288
2019-11-06T00:00:00.000,W,840399,762015,1602414
2019-11-07T00:00:00.000,W,821063,768460,1589523
2019-11-08T00:00:00.000,W,718820,702518,1421338
2019-11-09T00:00:00.000,A,479816,386355,866171
2019-11-10T00:00:00.000,U,353042,292170,645212
2019-11-11T00:00:00.000,W,590714,604475,1195189
2019-11-12T00:00:00.000,W,756604,724448,1481052
2019-11-13T00:00:00.000,W,762247,729140,1491387
2019-11-14T00:00:00.000,W,764328,745044,1509372
2019-11-15T00:00:00.000,W,794430,732607,1527037
2019-11-16T00:00:00.000,A,467987,398924,866911
2019-11-17T00:00:00.000,U,340985,280372,621357
2019-11-18T00:00:00.000,W,807951,731335,1539286
2019-11-19T00:00:00.000,W,822152,755257,1577409
2019-11-20T00:00:00.000,W,839934,756096,1596030
2019-11-21T00:00:00.000,W,790016,752762,1542778
2019-11-22T00:00:00.000,W,817445,782838,1600283
2019-11-23T00:00:00.000,A,468337,443394,911731
2019-11-24T00:00:00.000,U,358133,301849,659982
2019-11-25T00:00:00.000,W,810928,721624,1532552
2019-11-26T00:00:00.000,W,791651,707015,1498666
2019-11-27T00:00:00.000,W,669245,576379,1245624
2019-11-28T00:00:00.000,U,244233,186732,430965
2019-11-29T00:00:00.000,W,480801,373012,853813
2019-11-30T00:00:00.000,A,386439,302733,689172
2019-12-01T00:00:00.000,U,315646,257317,572963
2019-12-02T00:00:00.000,W,803894,702424,1506318
2019-12-03T00:00:00.000,W,849440,732651,1582091
2019-12-04T00:00:00.000,W,837738,739104,1576842
2019-12-05T00:00:00.000,W,833516,761399,1594915
2019-12-06T00:00:00.000,W,799551,729231,1528782
2019-12-07T00:00:00.000,A,472207,404394,876601
2019-12-08T00:00:00.000,U,347917,286023,633940
2019-12-09T00:00:00.000,W,786431,690443,1476874
2019-12-10T00:00:00.000,W,770888,697269,1468157
2019-12-11T00:00:00.000,W,753922,692730,1446652
2019-12-12T00:00:00.000,W,787393,716707,1504100
2019-12-13T00:00:00.000,W,788504,704438,1492942
2019-12-14T00:00:00.000,A,471203,367508,838711
2019-12-15T00:00:00.000,U,348516,255659,604175
2019-12-16T00:00:00.000,W,743694,648766,1392460
2019-12-17T00:00:00.000,W,765207,678194,1443401
2019-12-18T00:00:00.000,W,734493,658439,1392932
2019-12-19T00:00:00.000,W,745959,664554,1410513
2019-12-20T00:00:00.000,W,731997,640236,1372233
2019-12-21T00:00:00.000,A,454167,356991,811158
2019-12-22T00:00:00.000,U,350959,283094,634053
2019-12-23T00:00:00.000,W,601685,501524,1103209
2019-12-24T00:00:00.000,W,462098,310604,772702
2019-12-25T00:00:00.000,U,200121,133009,333130
2019-12-26T00:00:00.000,W,517911,402948,920859
2019-12-27T00:00:00.000,W,552198,445835,998033
2019-12-28T00:00:00.000,A,394869,298646,693515
2019-12-29T00:00:00.000,U,315428,251105,566533
2019-12-30T00:00:00.000,W,544713,480721,1025434
2019-12-31T00:00:00.000,W,511289,431677,942966
2020-01-01T00:00:00.000,U,267300,255759,523059
2020-01-02T00:00:00.000,W,651421,565139,1216560
2020-01-03T00:00:00.000,W,688165,578202,1266367
2020-01-04T00:00:00.000,A,409243,306656,715899
2020-01-05T00:00:00.000,U,314424,234155,548579
2020-01-06T00:00:00.000,W,750349,659521,1409870
2020-01-07T00:00:00.000,W,775765,677497,1453262
2020-01-08T00:00:00.000,W,744261,665227,1409488
2020-01-09T00:00:00.000,W,758063,679244,1437307
2020-01-10T00:00:00.000,W,753866,654344,1408210
2020-01-11T00:00:00.000,A,345787,281493,627280
2020-01-12T00:00:00.000,U,294457,237736,532193
2020-01-13T00:00:00.000,W,775861,699927,1475788
2020-01-14T00:00:00.000,W,807239,720277,1527516
2020-01-15T00:00:00.000,W,794821,720057,1514878
2020-01-16T00:00:00.000,W,774375,715978,1490353
2020-01-17T00:00:00.000,W,737073,687789,1424862
2020-01-18T00:00:00.000,A,371460,319878,691338
2020-01-19T00:00:00.000,U,256029,219005,475034
2020-01-20T00:00:00.000,W,477995,410324,888319
2020-01-21T00:00:00.000,W,789718,712386,1502104
2020-01-22T00:00:00.000,W,794213,715399,1509612
2020-01-23T00:00:00.000,W,768601,717469,1486070
2020-01-24T00:00:00.000,W,745526,677320,1422846
2020-01-25T00:00:00.000,A,408051,320905,728956
2020-01-26T00:00:00.000,U,318824,241153,559977
2020-01-27T00:00:00.000,W,790014,697371,1487385
2020-01-28T00:00:00.000,W,802484,715500,1517984
2020-01-29T00:00:00.000,W,793740,711177,1504917
2020-01-30T00:00:00.000,W,787640,718793,1506433
2020-01-31T00:00:00.000,W,735622,665472,1401094
2020-02-01T00:00:00.000,A,449112,325925,775037
2020-02-02T00:00:00.000,U,352056,253149,605205
2020-02-03T00:00:00.000,W,816538,689308,1505846
2020-02-04T00:00:00.000,W,806946,710072,1517018
2020-02-05T00:00:00.000,W,802795,707772,1510567
2020-02-06T00:00:00.000,W,761859,701795,1463654
2020-02-07T00:00:00.000,W,778480,676805,1455285
2020-02-08T00:00:00.000,A,456540,325289,781829
2020-02-09T00:00:00.000,U,310705,223411,534116
2020-02-10T00:00:00.000,W,799851,694168,1494019
2020-02-11T00:00:00.000,W,819275,717350,1536625
2020-02-12T00:00:00.000,W,785838,697300,1483138
2020-02-13T00:00:00.000,W,746798,689019,1435817
2020-02-14T00:00:00.000,W,674960,628729,1303689
2020-02-15T00:00:00.000,A,408435,326795,735230
2020-02-16T00:00:00.000,U,338343,267790,606133
2020-02-17T00:00:00.000,W,567523,502927,1070450
2020-02-18T00:00:00.000,W,815098,711305,1526403
2020-02-19T00:00:00.000,W,804097,707598,1511695
2020-02-20T00:00:00.000,W,778698,700575,1479273
2020-02-21T00:00:00.000,W,782853,675973,1458826
2020-02-22T00:00:00.000,A,463771,344117,807888
2020-02-23T00:00:00.000,U,357784,260505,618289
2020-02-24T00:00:00.000,W,789498,682036,1471534
2020-02-25T00:00:00.000,W,781725,693749,1475474
2020-02-26T00:00:00.000,W,756936,682501,1439437
2020-02-27T00:00:00.000,W,778992,698886,1477878
2020-02-28T00:00:00.000,W,786008,665937,1451945
2020-02-29T00:00:00.000,A,458601,337983,796584
2020-03-01T00:00:00.000,U,357257,267438,624695
2020-03-02T00:00:00.000,W,785700,666046,1451746
2020-03-03T00:00:00.000,W,834640,701777,1536417
2020-03-04T00:00:00.000,W,815420,699192,1514612
2020-03-05T00:00:00.000,W,803260,698732,1501992
2020-03-06T00:00:00.000,W,767084,655010,1422094
2020-03-07T00:00:00.000,A,455672,366530,822202
2020-03-08T00:00:00.000,U,343291,269577,612868
2020-03-09T00:00:00.000,W,736013,647602,1383615
2020-03-10T00:00:00.000,W,787025,678996,1466021
2020-03-11T00:00:00.000,W,767610,660739,1428349
2020-03-12T00:00:00.000,W,737628,601682,1339310
2020-03-13T00:00:00.000,W,674594,496474,1171068
2020-03-14T00:00:00.000,A,347925,235841,583766
2020-03-15T00:00:00.000,U,256591,166575,423166
2020-03-16T00:00:00.000,W,493179,284844,778023
2020-03-17T00:00:00.000,W,390091,217294,607385
2020-03-18T00:00:00.000,W,320242,179316,499558
2020-03-19T00:00:00.000,W,305501,163013,468514
2020-03-20T00:00:00.000,W,303882,152797,456679
2020-03-21T00:00:00.000,A,185406,86695,272101
2020-03-22T00:00:00.000,U,113282,60490,173772
2020-03-23T00:00:00.000,W,212121,103992,316113
2020-03-24T00:00:00.000,W,220319,105312,325631
2020-03-25T00:00:00.000,W,229414,106913,336327
2020-03-26T00:00:00.000,W,211746,100860,312606
2020-03-27T00:00:00.000,W,220715,102714,323429
2020-03-28T00:00:00.000,A,144561,68572,213133
2020-03-29T00:00:00.000,U,111188,57736,168924
2020-03-30T00:00:00.000,W,208762,96996,305758
2020-03-31T00:00:00.000,W,200537,94709,295246
2020-04-01T00:00:00.000,W,235503,100042,335545
2020-04-02T00:00:00.000,W,214222,95183,309405
2020-04-03T00:00:00.000,W,240528,101015,341543
2020-04-04T00:00:00.000,A,154302,65727,220029
2020-04-05T00:00:00.000,U,118701,53173,171874
2020-04-06T00:00:00.000,W,199323,89714,289037
2020-04-07T00:00:00.000,W,202629,90824,293453
2020-04-08T00:00:00.000,W,197789,88894,286683
2020-04-09T00:00:00.000,W,189898,86725,276623
2020-04-10T00:00:00.000,W,202934,85608,288542
2020-04-11T00:00:00.000,A,161743,59808,221551
2020-04-12T00:00:00.000,U,117907,46243,164150
2020-04-13T00:00:00.000,W,199679,79074,278753
2020-04-14T00:00:00.000,W,196277,79616,275893
2020-04-15T00:00:00.000,W,199545,78844,278389
2020-04-16T00:00:00.000,W,213862,79764,293626
2020-04-17T00:00:00.000,W,205280,77935,283215
2020-04-18T00:00:00.000,A,175887,58347,234234
2020-04-19T00:00:00.000,U,135539,47512,183051
2020-04-20T00:00:00.000,W,225938,79017,304955
2020-04-21T00:00:00.000,W,219120,77886,297006
2020-04-22T00:00:00.000,W,213080,77822,290902
2020-04-23T00:00:00.000,W,214131,77918,292049
2020-04-24T00:00:00.000,W,225498,78966,304464
2020-04-25T00:00:00.000,A,156179,51764,207943
2020-04-26T00:00:00.000,U,145023,47350,192373
2020-04-27T00:00:00.000,W,230903,77830,308733
2020-04-28T00:00:00.000,W,229831,79284,309115
2020-04-29T00:00:00.000,W,205453,74942,280395
2020-04-30T00:00:00.000,W,224948,79783,304731
2020-05-01T00:00:00.000,W,272700,89139,361839
2020-05-02T00:00:00.000,A,210617,59142,269759
2020-05-03T00:00:00.000,U,155791,49160,204951
2020-05-04T00:00:00.000,W,244960,79706,324666
2020-05-05T00:00:00.000,W,224885,77485,302370
2020-05-06T00:00:00.000,W,248434,82526,330960
2020-05-07T00:00:00.000,W,247597,83941,331538
2020-05-08T00:00:00.000,W,242402,82107,324509
2020-05-09T00:00:00.000,A,206907,59372,266279
2020-05-10T00:00:00.000,U,134047,43773,177820
2020-05-11T00:00:00.000,W,236521,77650,314171
2020-05-12T00:00:00.000,W,244938,81217,326155
2020-05-13T00:00:00.000,W,259169,83529,342698
2020-05-14T00:00:00.000,W,211894,76152,288046
2020-05-15T00:00:00.000,W,261148,82454,343602
2020-05-16T00:00:00.000,A,204433,60144,264577
2020-05-17T00:00:00.000,U,119698,40451,160149
2020-05-18T00:00:00.000,W,242568,80822,323390
2020-05-19T00:00:00.000,W,228412,79752,308164
2020-05-20T00:00:00.000,W,253916,85596,339512
2020-05-21T00:00:00.000,W,244336,85164,329500
2020-05-22T00:00:00.000,W,255894,86436,342330
2020-05-23T00:00:00.000,A,198708,59164,257872
2020-05-24T00:00:00.000,U,171095,53281,224376
2020-05-25T00:00:00.000,U,170039,52921,222960
2020-05-26T00:00:00.000,W,260758,84940,345698
2020-05-27T00:00:00.000,W,258713,86518,345231
2020-05-28T00:00:00.000,W,250675,86579,337254
2020-05-29T00:00:00.000,W,265087,92565,357652
2020-05-30T00:00:00.000,A,210004,69848,279852
2020-05-31T00:00:00.000,U,86503,23544,110047
2020-06-01T00:00:00.000,W,146931,27517,174448
2020-06-02T00:00:00.000,W,154414,31544,185958
2020-06-03T00:00:00.000,W,207502,68423,275925
2020-06-04T00:00:00.000,W,236590,83605,320195
2020-06-05T00:00:00.000,W,252137,90734,342871
2020-06-06T00:00:00.000,A,184406,69622,254028
2020-06-07T00:00:00.000,U,143697,53232,196929
2020-06-08T00:00:00.000,W,263520,100516,364036
2020-06-09T00:00:00.000,W,245154,98717,343871
2020-06-10T00:00:00.000,W,258523,101685,360208
2020-06-11T00:00:00.000,W,282597,110709,393306
2020-06-12T00:00:00.000,W,276051,113656,389707
2020-06-13T00:00:00.000,A,206386,81727,288113
2020-06-14T00:00:00.000,U,165299,66384,231683
2020-06-15T00:00:00.000,W,294517,111956,406473
2020-06-16T00:00:00.000,W,301881,114566,416447
2020-06-17T00:00:00.000,W,306380,117798,424178
2020-06-18T00:00:00.000,W,305028,119506,424534
2020-06-19T00:00:00.000,W,303502,125162,428664
2020-06-20T00:00:00.000,A,221620,81634,303254
2020-06-21T00:00:00.000,U,165913,70884,236797
2020-06-22T00:00:00.000,W,260524,114622,375146
2020-06-23T00:00:00.000,W,299680,131100,430780
2020-06-24T00:00:00.000,W,286680,133015,419695
2020-06-25T00:00:00.000,W,304522,139288,443810
2020-06-26T00:00:00.000,W,275240,130402,405642
2020-06-27T00:00:00.000,A,233358,106092,339450
2020-06-28T00:00:00.000,U,171693,86966,258659
2020-06-29T00:00:00.000,W,279383,133291,412674
2020-06-30T00:00:00.000,W,298563,140782,439345
2020-07-01T00:00:00.000,W,327984,148683,476667
2020-07-02T00:00:00.000,W,320859,149071,469930
2020-07-03T00:00:00.000,U,272940,127079,400019
2020-07-04T00:00:00.000,A,188378,94601,282979
2020-07-05T00:00:00.000,U,166998,84977,251975
2020-07-06T00:00:00.000,W,301317,143054,444371
2020-07-07T00:00:00.000,W,300508,147310,447818
2020-07-08T00:00:00.000,W,301892,149845,451737
2020-07-09T00:00:00.000,W,301260,149971,451231
2020-07-10T00:00:00.000,W,312226,155529,467755
2020-07-11T00:00:00.000,A,233152,112641,345793
2020-07-12T00:00:00.000,U,174761,90382,265143
2020-07-13T00:00:00.000,W,309700,149117,458817
2020-07-14T00:00:00.000,W,312379,152758,465137
2020-07-15T00:00:00.000,W,295648,147794,443442
2020-07-16T00:00:00.000,W,306288,154912,461200
2020-07-17T00:00:00.000,W,315882,161335,477217
2020-07-18T00:00:00.000,A,219217,109549,328766
2020-07-19T00:00:00.000,U,148461,80714,229175
2020-07-20T00:00:00.000,W,307261,149404,456665
2020-07-21T00:00:00.000,W,297659,148632,446291
2020-07-22T00:00:00.000,W,306629,152652,459281
2020-07-23T00:00:00.000,W,315401,156970,472371
2020-07-24T00:00:00.000,W,318269,161024,479293
2020-07-25T00:00:00.000,A,228619,116404,345023
2020-07-26T00:00:00.000,U,163332,90069,253401
2020-07-27T00:00:00.000,W,295579,144168,439747
2020-07-28T00:00:00.000,W,314899,153221,468120
2020-07-29T00:00:00.000,W,305332,152279,457611
2020-07-30T00:00:00.000,W,307576,156312,463888
2020-07-31T00:00:00.000,W,338021,164604,502625
2020-08-01T00:00:00.000,A,235944,117414,353358
2020-08-02T00:00:00.000,U,169536,89199,258735
2020-08-03T00:00:00.000,W,324028,152552,476580
2020-08-04T00:00:00.000,W,326128,157759,483887
2020-08-05T00:00:00.000,W,319021,157695,476716
2020-08-06T00:00:00.000,W,320751,159609,480360
2020-08-07T00:00:00.000,W,326107,164886,490993
2020-08-08T00:00:00.000,A,232723,118676,351399
2020-08-09T00:00:00.000,U,175080,93832,268912
2020-08-10T00:00:00.000,W,250672,96642,347314
2020-08-11T00:00:00.000,W,309009,138581,447590
2020-08-12T00:00:00.000,W,313739,146680,460419
2020-08-13T00:00:00.000,W,313917,150941,464858
2020-08-14T00:00:00.000,W,315311,155653,470964
2020-08-15T00:00:00.000,A,215071,107720,322791
2020-08-16T00:00:00.000,U,172492,89599,262091
2020-08-17T00:00:00.000,W,304431,147684,452115
2020-08-18T00:00:00.000,W,313038,155406,468444
2020-08-19T00:00:00.000,W,317835,158653,476488
2020-08-20T00:00:00.000,W,317199,160843,478042
2020-08-21T00:00:00.000,W,322563,165104,487667
2020-08-22T00:00:00.000,A,229626,119732,349358
2020-08-23T00:00:00.000,U,167737,93123,260860
2020-08-24T00:00:00.000,W,295919,152126,448045
2020-08-25T00:00:00.000,W,306720,156020,462740
2020-08-26T00:00:00.000,W,311882,158419,470301
2020-08-27T00:00:00.000,W,307570,159603,467173
2020-08-28T00:00:00.000,W,313712,163890,477602
2020-08-29T00:00:00.000,A,228415,120335,348750
2020-08-30T00:00:00.000,U,172100,96089,268189
2020-08-31T00:00:00.000,W,312659,156093,468752
2020-09-01T00:00:00.000,W,320186,157112,477298
2020-09-02T00:00:00.000,W,335025,167989,503014
2020-09-03T00:00:00.000,W,347516,172408,519924
2020-09-04T00:00:00.000,W,339339,176834,516173
2020-09-05T00:00:00.000,A,239660,134087,373747
2020-09-06T00:00:00.000,U,161152,98132,259284
2020-09-07T00:00:00.000,U,189391,104992,294383
2020-09-08T00:00:00.000,W,288854,151558,440412
2020-09-09T00:00:00.000,W,318510,162823,481333
2020-09-10T00:00:00.000,W,320927,167696,488623
2020-09-11T00:00:00.000,W,323815,172643,496458
2020-09-12T00:00:00.000,A,213040,118325,331365
2020-09-13T00:00:00.000,U,183881,104162,288043
2020-09-14T00:00:00.000,W,314508,159479,473987
2020-09-15T00:00:00.000,W,323465,166872,490337
2020-09-16T00:00:00.000,W,323500,171467,494967
2020-09-17T00:00:00.000,W,322703,171455,494158
2020-09-18T00:00:00.000,W,329339,179021,508360
2020-09-19T00:00:00.000,A,240028,135343,375371
2020-09-20T00:00:00.000,U,175502,101785,277287
2020-09-21T00:00:00.000,W,312717,160531,473248
2020-09-22T00:00:00.000,W,324554,166852,491406
2020-09-23T00:00:00.000,W,326416,169407,495823
2020-09-24T00:00:00.000,W,321314,169953,491267
2020-09-25T00:00:00.000,W,338121,180938,519059
2020-09-26T00:00:00.000,A,239686,136388,376074
2020-09-27T00:00:00.000,U,176943,102308,279251
2020-09-28T00:00:00.000,W,299874,158980,458854
2020-09-29T00:00:00.000,W,323062,167874,490936
2020-09-30T00:00:00.000,W,320186,169305,489491
2020-10-01T00:00:00.000,W,336911,173387,510298
2020-10-02T00:00:00.000,W,349664,182413,532077
2020-10-03T00:00:00.000,A,241921,133772,375693
2020-10-04T00:00:00.000,U,179954,100387,280341
2020-10-05T00:00:00.000,W,326242,164517,490759
2020-10-06T00:00:00.000,W,332474,168456,500930
2020-10-07T00:00:00.000,W,333595,171757,505352
2020-10-08T00:00:00.000,W,334365,174469,508834
2020-10-09T00:00:00.000,W,335842,183544,519386
2020-10-10T00:00:00.000,A,248858,137846,386704
2020-10-11T00:00:00.000,U,181194,103244,284438
2020-10-12T00:00:00.000,W,271925,145635,417560
2020-10-13T00:00:00.000,W,334145,170998,505143
2020-10-14T00:00:00.000,W,334911,172419,507330
2020-10-15T00:00:00.000,W,323424,172888,496312
2020-10-16T00:00:00.000,W,324544,178507,503051
2020-10-17T00:00:00.000,A,231563,134238,365801
2020-10-18T00:00:00.000,U,150496,92227,242723
2020-10-19T00:00:00.000,W,300842,158006,458848
2020-10-20T00:00:00.000,W,310091,163811,473902
2020-10-21T00:00:00.000,W,321256,167872,489128
2020-10-22T00:00:00.000,W,318012,168824,486836
2020-10-23T00:00:00.000,W,288787,166459,455246
2020-10-24T00:00:00.000,A,239353,132006,371359
2020-10-25T00:00:00.000,U,160807,94731,255538
2020-10-26T00:00:00.000,W,294204,155238,449442
2020-10-27T00:00:00.000,W,299100,158973,458073
2020-10-28T00:00:00.000,W,318538,165838,484376
2020-10-29T00:00:00.000,W,304342,165360,469702
2020-10-30T00:00:00.000,W,334559,172445,507004
2020-10-31T00:00:00.000,A,224885,120080,344965
2020-11-01T00:00:00.000,U,149896,85934,235830
2020-11-02T00:00:00.000,W,301558,154284,455842
2020-11-03T00:00:00.000,W,317723,149741,467464
2020-11-04T00:00:00.000,W,306904,151147,458051
2020-11-05T00:00:00.000,W,311836,158434,470270
2020-11-06T00:00:00.000,W,318896,167110,486006
2020-11-07T00:00:00.000,A,226237,126890,353127
2020-11-08T00:00:00.000,U,166538,94199,260737
2020-11-09T00:00:00.000,W,308098,157126,465224
2020-11-10T00:00:00.000,W,298502,153003,451505
2020-11-11T00:00:00.000,W,286362,147595,433957
2020-11-12T00:00:00.000,W,305497,158496,463993
2020-11-13T00:00:00.000,W,305354,159535,464889
2020-11-14T00:00:00.000,A,206691,104500,311191
2020-11-15T00:00:00.000,U,136434,75619,212053
2020-11-16T00:00:00.000,W,282290,140661,422951
2020-11-17T00:00:00.000,W,279757,140971,420728
2020-11-18T00:00:00.000,W,285245,143331,428576
2020-11-19T00:00:00.000,W,292548,148286,440834
2020-11-20T00:00:00.000,W,297292,149612,446904
2020-11-21T00:00:00.000,A,206379,100672,307051
2020-11-22T00:00:00.000,U,146562,74926,221488
2020-11-23T00:00:00.000,W,283365,138635,422000
2020-11-24T00:00:00.000,W,264500,135119,399619
2020-11-25T00:00:00.000,W,267787,131704,399491
2020-11-26T00:00:00.000,U,119470,56839,176309
2020-11-27T00:00:00.000,W,221878,106692,328570
2020-11-28T00:00:00.000,A,198860,97141,296001
2020-11-29T00:00:00.000,U,145682,76276,221958
2020-11-30T00:00:00.000,W,255801,130426,386227
2020-12-01T00:00:00.000,W,290906,138364,429270
2020-12-02T00:00:00.000,W,289930,137598,427528
2020-12-03T00:00:00.000,W,301357,142080,443437
2020-12-04T00:00:00.000,W,297160,144348,441508
2020-12-05T00:00:00.000,A,206508,100869,307377
2020-12-06T00:00:00.000,U,144322,74099,218421
2020-12-07T00:00:00.000,W,272363,133537,405900
2020-12-08T00:00:00.000,W,277139,137145,414284
2020-12-09T00:00:00.000,W,293699,143390,437089
2020-12-10T00:00:00.000,W,297368,144459,441827
2020-12-11T00:00:00.000,W,277727,138386,416113
2020-12-12T00:00:00.000,A,181545,92521,274066
2020-12-13T00:00:00.000,U,150344,78380,228724
2020-12-14T00:00:00.000,W,269583,135394,404977
2020-12-15T00:00:00.000,W,273075,137120,410195
2020-12-16T00:00:00.000,W,269375,138422,407797
2020-12-17T00:00:00.000,W,273791,139375,413166
2020-12-18T00:00:00.000,W,284841,144568,429409
2020-12-19T00:00:00.000,A,201406,101970,303376
2020-12-20T00:00:00.000,U,157805,80063,237868
2020-12-21T00:00:00.000,W,280892,137696,418588
2020-12-22T00:00:00.000,W,289292,140759,430051
2020-12-23T00:00:00.000,W,283137,138325,421462
2020-12-24T00:00:00.000,W,201261,92528,293789
2020-12-25T00:00:00.000,U,80783,40861,121644
2020-12-26T00:00:00.000,A,170294,81793,252087
2020-12-27T00:00:00.000,U,139350,72363,211713
2020-12-28T00:00:00.000,W,259552,125317,384869
2020-12-29T00:00:00.000,W,253437,128558,381995
2020-12-30T00:00:00.000,W,244219,126447,370666
2020-12-31T00:00:00.000,W,254787,114338,369125
2021-01-01T00:00:00.000,U,114115,62077,176192
2021-01-02T00:00:00.000,A,186877,91034,277911
2021-01-03T00:00:00.000,U,140440,72391,212831
2021-01-04T00:00:00.000,W,282862,132124,414986
2021-01-05T00:00:00.000,W,281724,134514,416238
2021-01-06T00:00:00.000,W,278317,136069,414386
2021-01-07T00:00:00.000,W,270340,135092,405432
2021-01-08T00:00:00.000,W,272827,137181,410008
2021-01-09T00:00:00.000,A,205370,101095,306465
2021-01-10T00:00:00.000,U,145412,71867,217279
2021-01-11T00:00:00.000,W,262355,129615,391970
2021-01-12T00:00:00.000,W,277882,136866,414748
2021-01-13T00:00:00.000,W,282529,140007,422536
2021-01-14T00:00:00.000,W,275747,137634,413381
2021-01-15T00:00:00.000,W,277928,139988,417916
2021-01-16T00:00:00.000,A,193303,96530,289833
2021-01-17T00:00:00.000,U,143923,72570,216493
2021-01-18T00:00:00.000,W,227108,113727,340835
2021-01-19T00:00:00.000,W,270497,137227,407724
2021-01-20T00:00:00.000,W,257638,131313,388951
2021-01-21T00:00:00.000,W,287899,144085,431984
2021-01-22T00:00:00.000,W,264517,138811,403328
2021-01-23T00:00:00.000,A,190988,96503,287491
2021-01-24T00:00:00.000,U,141538,71996,213534
2021-01-25T00:00:00.000,W,265782,135618,401400
2021-01-26T00:00:00.000,W,233767,127803,361570
2021-01-27T00:00:00.000,W,262570,138610,401180
2021-01-28T00:00:00.000,W,265152,140259,405411
2021-01-29T00:00:00.000,W,285439,148439,433878
2021-01-30T00:00:00.000,A,192267,102119,294386
2021-01-31T00:00:00.000,U,119669,75697,195366
2021-02-01T00:00:00.000,W,285366,145356,430722
2021-02-02T00:00:00.000,W,288369,146050,434419
2021-02-03T00:00:00.000,W,315672,152303,467975
2021-02-04T00:00:00.000,W,278515,147593,426108
2021-02-05T00:00:00.000,W,250369,139613,389982
2021-02-06T00:00:00.000,A,161437,89065,250502
2021-02-07T00:00:00.000,U,110637,64459,175096
2021-02-08T00:00:00.000,W,242899,128998,371897
2021-02-09T00:00:00.000,W,260772,137064,397836
2021-02-10T00:00:00.000,W,267271,141210,408481
2021-02-11T00:00:00.000,W,269772,146284,416056
2021-02-12T00:00:00.000,W,280767,149261,430028
2021-02-13T00:00:00.000,A,186257,106030,292287
2021-02-14T00:00:00.000,U,121070,73603,194673
2021-02-15T00:00:00.000,W,196912,118258,315170
2021-02-16T00:00:00.000,W,206197,114830,321027
2021-02-17T00:00:00.000,W,278930,149828,428758
2021-02-18T00:00:00.000,W,283168,155250,438418
2021-02-19T00:00:00.000,W,287852,156832,444684
2021-02-20T00:00:00.000,A,192157,112011,304168
2021-02-21T00:00:00.000,U,146116,81211,227327
2021-02-22T00:00:00.000,W,280331,146573,426904
2021-02-23T00:00:00.000,W,308822,157020,465842
2021-02-24T00:00:00.000,W,307300,156793,464093
2021-02-25T00:00:00.000,W,300304,157867,458171
2021-02-26T00:00:00.000,W,309217,164565,473782
2021-02-27T00:00:00.000,A,232432,127246,359678
2021-02-28T00:00:00.000,U,158200,87008,245208
2021-03-01T00:00:00.000,W,309106,149826,458932
2021-03-02T00:00:00.000,W,308998,156140,465138
2021-03-03T00:00:00.000,W,333410,163566,496976
2021-03-04T00:00:00.000,W,309302,159889,469191
2021-03-05T00:00:00.000,W,317629,167771,485400
2021-03-06T00:00:00.000,A,228890,124851,353741
2021-03-07T00:00:00.000,U,173071,95906,268977
2021-03-08T00:00:00.000,W,317267,159512,476779
2021-03-09T00:00:00.000,W,327340,164868,492208
2021-03-10T00:00:00.000,W,312074,161736,473810
2021-03-11T00:00:00.000,W,318121,165057,483178
2021-03-12T00:00:00.000,W,323199,172476,495675
2021-03-13T00:00:00.000,A,247738,148004,395742
2021-03-14T00:00:00.000,U,163299,97387,260686
2021-03-15T00:00:00.000,W,265818,144990,410808
2021-03-16T00:00:00.000,W,300583,158171,458754
2021-03-17T00:00:00.000,W,310656,165207,475863
2021-03-18T00:00:00.000,W,293346,160989,454335
2021-03-19T00:00:00.000,W,330666,178106,508772
2021-03-20T00:00:00.000,A,246067,141702,387769
2021-03-21T00:00:00.000,U,187953,111138,299091
2021-03-22T00:00:00.000,W,319333,164624,483957
2021-03-23T00:00:00.000,W,303876,159635,463511
2021-03-24T00:00:00.000,W,320929,168422,489351
2021-03-25T00:00:00.000,W,316190,168278,484468
2021-03-26T00:00:00.000,W,321386,175255,496641
2021-03-27T00:00:00.000,A,235940,137705,373645
2021-03-28T00:00:00.000,U,171037,101679,272716
2021-03-29T00:00:00.000,W,316586,165113,481699
2021-03-30T00:00:00.000,W,324218,170588,494806
2021-03-31T00:00:00.000,W,313521,168955,482476
2021-04-01T00:00:00.000,W,330414,178267,508681
2021-04-02T00:00:00.000,W,329144,180602,509746
2021-04-03T00:00:00.000,A,258780,150786,409566
2021-04-04T00:00:00.000,U,178580,105039,283619
2021-04-05T00:00:00.000,W,313426,166404,479830
2021-04-06T00:00:00.000,W,338664,181795,520459
2021-04-07T00:00:00.000,W,340512,181069,521581
2021-04-08T00:00:00.000,W,302569,171140,473709
2021-04-09T00:00:00.000,W,330542,186985,517527
2021-04-10T00:00:00.000,A,212976,129831,342807
2021-04-11T00:00:00.000,U,177686,105758,283444
2021-04-12T00:00:00.000,W,326192,170290,496482
2021-04-13T00:00:00.000,W,335197,179135,514332
2021-04-14T00:00:00.000,W,320689,173838,494527
2021-04-15T00:00:00.000,W,321850,179206,501056
2021-04-16T00:00:00.000,W,334144,199086,533230
2021-04-17T00:00:00.000,A,237265,155208,392473
2021-04-18T00:00:00.000,U,177249,112596,289845
2021-04-19T00:00:00.000,W,307407,165608,473015
2021-04-20T00:00:00.000,W,310048,170031,480079
2021-04-21T00:00:00.000,W,313705,173325,487030
2021-04-22T00:00:00.000,W,336610,187886,524496
2021-04-23T00:00:00.000,W,341811,203880,545691
2021-04-24T00:00:00.000,A,234939,149135,384074
2021-04-25T00:00:00.000,U,175558,113050,288608
2021-04-26T00:00:00.000,W,337128,176283,513411
2021-04-27T00:00:00.000,W,352388,193712,546100
2021-04-28T00:00:00.000,W,303689,172569,476258
2021-04-29T00:00:00.000,W,327089,184416,511505
2021-04-30T00:00:00.000,W,358329,207166,565495
2021-05-01T00:00:00.000,A,266141,170503,436644
2021-05-02T00:00:00.000,U,195776,126355,322131
2021-05-03T00:00:00.000,W,334667,174120,508787
2021-05-04T00:00:00.000,W,330540,183621,514161
2021-05-05T00:00:00.000,W,346837,193605,540442
2021-05-06T00:00:00.000,W,322453,187545,509998
2021-05-07T00:00:00.000,W,351011,212194,563205
2021-05-08T00:00:00.000,A,255252,161702,416954
2021-05-09T00:00:00.000,U,158199,108981,267180
2021-05-10T00:00:00.000,W,317899,175820,493719
2021-05-11T00:00:00.000,W,338523,189589,528112
2021-05-12T00:00:00.000,W,337223,193841,531064
2021-05-13T00:00:00.000,W,347914,205589,553503
2021-05-14T00:00:00.000,W,353950,222830,576780
2021-05-15T00:00:00.000,A,234951,166559,401510
2021-05-16T00:00:00.000,U,195939,137410,333349
2021-05-17T00:00:00.000,W,333150,190203,523353
2021-05-18T00:00:00.000,W,338267,195305,533572
2021-05-19T00:00:00.000,W,331674,198718,530392
2021-05-20T00:00:00.000,W,350455,215181,565636
2021-05-21T00:00:00.000,W,353721,226276,579997
2021-05-22T00:00:00.000,A,265066,188124,453190
2021-05-23T00:00:00.000,U,184730,129720,314450
2021-05-24T00:00:00.000,W,338290,196524,534814
2021-05-25T00:00:00.000,W,345371,205679,551050
2021-05-26T00:00:00.000,W,349319,208470,557789
2021-05-27T00:00:00.000,W,334991,208682,543673
2021-05-28T00:00:00.000,W,313635,217115,530750
2021-05-29T00:00:00.000,A,266944,208819,475763
2021-05-30T00:00:00.000,U,209937,177745,387682
2021-05-31T00:00:00.000,U,194901,147880,342781
2021-06-01T00:00:00.000,W,349451,221402,570853
2021-06-02T00:00:00.000,W,356620,222827,579447
2021-06-03T00:00:00.000,W,382161,231398,613559
2021-06-04T00:00:00.000,W,374475,244454,618929
2021-06-05T00:00:00.000,A,278036,199123,477159
2021-06-06T00:00:00.000,U,204309,148509,352818
2021-06-07T00:00:00.000,W,343982,202767,546749
2021-06-08T00:00:00.000,W,366854,222841,589695
2021-06-09T00:00:00.000,W,367755,231622,599377
2021-06-10T00:00:00.000,W,374697,246542,621239
2021-06-11T00:00:00.000,W,375533,271425,646958
2021-06-12T00:00:00.000,A,265224,224185,489409
2021-06-13T00:00:00.000,U,219260,184714,403974
2021-06-14T00:00:00.000,W,362267,227377,589644
2021-06-15T00:00:00.000,W,372531,238872,611403
2021-06-16T00:00:00.000,W,374362,242785,617147
2021-06-17T00:00:00.000,W,372186,247900,620086
2021-06-18T00:00:00.000,W,362823,272803,635626
2021-06-19T00:00:00.000,A,276925,238075,515000
2021-06-20T00:00:00.000,U,194025,158875,352900
2021-06-21T00:00:00.000,W,349781,237699,587480
2021-06-22T00:00:00.000,W,376511,256084,632595
2021-06-23T00:00:00.000,W,362682,239858,602540
2021-06-24T00:00:00.000,W,345186,240440,585626
2021-06-25T00:00:00.000,W,343853,251904,595757
2021-06-26T00:00:00.000,A,232678,190791,423469
2021-06-27T00:00:00.000,U,219887,176898,396785
2021-06-28T00:00:00.000,W,337566,218776,556342
2021-06-29T00:00:00.000,W,346254,229881,576135
2021-06-30T00:00:00.000,W,356837,237763,594600
2021-07-01T00:00:00.000,W,397781,257789,655570
2021-07-02T00:00:00.000,W,389185,254956,644141
2021-07-03T00:00:00.000,A,292341,215230,507571
2021-07-04T00:00:00.000,U,214496,167760,382256
2021-07-05T00:00:00.000,U,237811,178415,416226
2021-07-06T00:00:00.000,W,378230,255296,633526
2021-07-07T00:00:00.000,W,371601,261796,633397
2021-07-08T00:00:00.000,W,375578,276819,652397
2021-07-09T00:00:00.000,W,389894,302893,692787
2021-07-10T00:00:00.000,A,275612,238903,514515
2021-07-11T00:00:00.000,U,189913,165360,355273
2021-07-12T00:00:00.000,W,363268,237710,600978
2021-07-13T00:00:00.000,W,375230,250575,625805
2021-07-14T00:00:00.000,W,396163,262113,658276
2021-07-15T00:00:00.000,W,374072,261351,635423
2021-07-16T00:00:00.000,W,379552,280527,660079
2021-07-17T00:00:00.000,A,296714,245066,541780
2021-07-18T00:00:00.000,U,226558,191007,417565
2021-07-19T00:00:00.000,W,377772,248181,625953
2021-07-20T00:00:00.000,W,390578,264471,655049
2021-07-21T00:00:00.000,W,392548,274123,666671
2021-07-22T00:00:00.000,W,390531,275892,666423
2021-07-23T00:00:00.000,W,386289,298869,685158
2021-07-24T00:00:00.000,A,280927,250014,530941
2021-07-25T00:00:00.000,U,221645,198799,420444
2021-07-26T00:00:00.000,W,373206,260296,633502
2021-07-27T00:00:00.000,W,387327,279049,666376
2021-07-28T00:00:00.000,W,390425,298392,688817
2021-07-29T00:00:00.000,W,394751,362106,756857
2021-07-30T00:00:00.000,W,402364,362949,765313
2021-07-31T00:00:00.000,A,292772,310759,603531
2021-08-01T00:00:00.000,U,223161,244404,467565
2021-08-02T00:00:00.000,W,374987,259408,634395
2021-08-03T00:00:00.000,W,407869,267547,675416
2021-08-04T00:00:00.000,W,401665,271469,673134
2021-08-05T00:00:00.000,W,401248,283716,684964
2021-08-06T00:00:00.000,W,387894,313936,701830
2021-08-07T00:00:00.000,A,301542,275050,576592
2021-08-08T00:00:00.000,U,223653,187344,410997
2021-08-09T00:00:00.000,W,334547,240520,575067
2021-08-10T00:00:00.000,W,372961,264354,637315
2021-08-11T00:00:00.000,W,364185,258741,622926
2021-08-12T00:00:00.000,W,381061,280760,661821
2021-08-13T00:00:00.000,W,396567,277082,673649
2021-08-14T00:00:00.000,A,294345,252710,547055
2021-08-15T00:00:00.000,U,221156,205673,426829
2021-08-16T00:00:00.000,W,371748,246824,618572
2021-08-17T00:00:00.000,W,385106,259308,644414
2021-08-18T00:00:00.000,W,387316,265679,652995
2021-08-19T00:00:00.000,W,390171,274749,664920
2021-08-20T00:00:00.000,W,399149,298535,697684
2021-08-21T00:00:00.000,A,282205,248705,530910
2021-08-22T00:00:00.000,U,231270,202393,433663
2021-08-23T00:00:00.000,W,389873,263283,653156
2021-08-24T00:00:00.000,W,382748,259641,642389
2021-08-25T00:00:00.000,W,398464,278830,677294
2021-08-26T00:00:00.000,W,417416,287640,705056
2021-08-27T00:00:00.000,W,411406,302286,713692
2021-08-28T00:00:00.000,A,290939,232278,523217
2021-08-29T00:00:00.000,U,215493,180030,395523
2021-08-30T00:00:00.000,W,452128,283312,735440
2021-08-31T00:00:00.000,W,457408,294988,752396
2021-09-01T00:00:00.000,W,483883,302972,786855
2021-09-02T00:00:00.000,W,466988,316474,783462
2021-09-03T00:00:00.000,W,460822,332962,793784
2021-09-04T00:00:00.000,A,288744,249857,538601
2021-09-05T00:00:00.000,U,238982,232104,471086
2021-09-06T00:00:00.000,U,231171,190360,421531
2021-09-07T00:00:00.000,W,445989,291803,737792
2021-09-08T00:00:00.000,W,480111,320091,800202
2021-09-09T00:00:00.000,W,471953,326271,798224
2021-09-10T00:00:00.000,W,469400,355788,825188
2021-09-11T00:00:00.000,A,292316,276714,569030
2021-09-12T00:00:00.000,U,216327,206582,422909
2021-09-13T00:00:00.000,W,450527,296554,747081
2021-09-14T00:00:00.000,W,468812,311965,780777
2021-09-15T00:00:00.000,W,472623,329295,801918
2021-09-16T00:00:00.000,W,467659,365090,832749
2021-09-17T00:00:00.000,W,469512,377373,846885
2021-09-18T00:00:00.000,A,297188,295961,593149
2021-09-19T00:00:00.000,U,221743,220835,442578
2021-09-20T00:00:00.000,W,443252,298947,742199
2021-09-21T00:00:00.000,W,452211,319330,771541
2021-09-22T00:00:00.000,W,450883,322522,773405
2021-09-23T00:00:00.000,W,464140,327671,791811
2021-09-24T00:00:00.000,W,463710,365392,829102
2021-09-25T00:00:00.000,A,300821,296621,597442
2021-09-26T00:00:00.000,U,214958,195380,410338
2021-09-27T00:00:00.000,W,458134,298532,756666
2021-09-28T00:00:00.000,W,474767,315354,790121
2021-09-29T00:00:00.000,W,471319,323001,794320
2021-09-30T00:00:00.000,W,469820,326450,796270
2021-10-01T00:00:00.000,W,486451,343048,829499
2021-10-02T00:00:00.000,A,283289,248678,531967
2021-10-03T00:00:00.000,U,209009,188875,397884
2021-10-04T00:00:00.000,W,453108,297717,750825
2021-10-05T00:00:00.000,W,469691,317319,787010
2021-10-06T00:00:00.000,W,474666,317494,792160
2021-10-07T00:00:00.000,W,447936,323569,771505
2021-10-08T00:00:00.000,W,461163,348740,809903
2021-10-09T00:00:00.000,A,301635,281790,583425
2021-10-10T00:00:00.000,U,194232,312750,506982
2021-10-11T00:00:00.000,W,335704,269043,604747
2021-10-12T00:00:00.000,W,469702,337547,807249
2021-10-13T00:00:00.000,W,456836,323735,780571
2021-10-14T00:00:00.000,W,466987,336464,803451
2021-10-15T00:00:00.000,W,456194,338278,794472
2021-10-16T00:00:00.000,A,301890,266017,567907
2021-10-17T00:00:00.000,U,219929,196386,416315
2021-10-18T00:00:00.000,W,447658,303246,750904
2021-10-19T00:00:00.000,W,467179,323286,790465
2021-10-20T00:00:00.000,W,470815,323794,794609
2021-10-21T00:00:00.000,W,449160,330258,779418
2021-10-22T00:00:00.000,W,446072,328904,774976
2021-10-23T00:00:00.000,A,288871,244421,533292
2021-10-24T00:00:00.000,U,171424,144992,316416
2021-10-25T00:00:00.000,W,384314,270031,654345
2021-10-26T00:00:00.000,W,476997,320974,797971
2021-10-27T00:00:00.000,W,475784,327121,802905
2021-10-28T00:00:00.000,W,447442,328865,776307
2021-10-29T00:00:00.000,W,407815,307878,715693
2021-10-30T00:00:00.000,A,280283,244786,525069
2021-10-31T00:00:00.000,U,203393,183268,386661
2021-11-01T00:00:00.000,W,452937,300996,753933
2021-11-02T00:00:00.000,W,463908,319122,783030
2021-11-03T00:00:00.000,W,481029,327770,808799
2021-11-04T00:00:00.000,W,463508,333562,797070
2021-11-05T00:00:00.000,W,403870,312819,716689
2021-11-06T00:00:00.000,A,279147,235533,514680
2021-11-07T00:00:00.000,U,211114,177817,388931
2021-11-08T00:00:00.000,W,458387,305403,763790
2021-11-09T00:00:00.000,W,465479,324645,790124
2021-11-10T00:00:00.000,W,474682,332506,807188
2021-11-11T00:00:00.000,W,349696,286823,636519
2021-11-12T00:00:00.000,W,381722,302454,684176
2021-11-13T00:00:00.000,A,263401,221836,485237
2021-11-14T00:00:00.000,U,191694,153282,344976
2021-11-15T00:00:00.000,W,427781,292876,720657
2021-11-16T00:00:00.000,W,463846,321135,784981
2021-11-17T00:00:00.000,W,436216,311717,747933
2021-11-18T00:00:00.000,W,413008,315161,728169
2021-11-19T00:00:00.000,W,443247,337202,780449
2021-11-20T00:00:00.000,A,271655,276136,547791
2021-11-21T00:00:00.000,U,214017,179537,393554
2021-11-22T00:00:00.000,W,428156,288075,716231
2021-11-23T00:00:00.000,W,437577,300261,737838
2021-11-24T00:00:00.000,W,359261,257882,617143
2021-11-25T00:00:00.000,U,136680,103108,239788
2021-11-26T00:00:00.000,W,257700,189694,447394
2021-11-27T00:00:00.000,A,237839,187065,424904
2021-11-28T00:00:00.000,U,184817,147830,332647
2021-11-29T00:00:00.000,W,421322,276090,697412
2021-11-30T00:00:00.000,W,450230,302349,752579
2021-12-01T00:00:00.000,W,464613,309075,773688
2021-12-02T00:00:00.000,W,466625,323958,790583
2021-12-03T00:00:00.000,W,460247,320326,780573
2021-12-04T00:00:00.000,A,282720,237153,519873
2021-12-05T00:00:00.000,U,175680,150682,326362
2021-12-06T00:00:00.000,W,419783,278439,698222
2021-12-07T00:00:00.000,W,412108,287065,699173
2021-12-08T00:00:00.000,W,440298,300242,740540
2021-12-09T00:00:00.000,W,441609,310636,752245
2021-12-10T00:00:00.000,W,425279,297443,722722
2021-12-11T00:00:00.000,A,253954,221509,475463
2021-12-12T00:00:00.000,U,200373,165296,365669
2021-12-13T00:00:00.000,W,425654,272016,697670
2021-12-14T00:00:00.000,W,443484,293750,737234
2021-12-15T00:00:00.000,W,441500,299691,741191
2021-12-16T00:00:00.000,W,424823,297427,722250
2021-12-17T00:00:00.000,W,405415,282060,687475
2021-12-18T00:00:00.000,A,243767,196349,440116
2021-12-19T00:00:00.000,U,193554,150673,344227
2021-12-20T00:00:00.000,W,346355,235596,581951
2021-12-21T00:00:00.000,W,343757,224928,568685
2021-12-22T00:00:00.000,W,314359,209334,523693
2021-12-23T00:00:00.000,W,311895,192858,504753
2021-12-24T00:00:00.000,U,215369,118922,334291
2021-12-25T00:00:00.000,A,101622,63575,165197
2021-12-26T00:00:00.000,U,160349,106278,266627
2021-12-27T00:00:00.000,W,276748,170801,447549
2021-12-28T00:00:00.000,W,267102,174336,441438
2021-12-29T00:00:00.000,W,294413,191745,486158
2021-12-30T00:00:00.000,W,295024,194851,489875
2021-12-31T00:00:00.000,U,227449,163183,390632
2022-01-01T00:00:00.000,A,115581,116473,232054
2022-01-02T00:00:00.000,U,141100,114070,255170
2022-01-03T00:00:00.000,W,308893,184727,493620
2022-01-04T00:00:00.000,W,343163,202963,546126
2022-01-05T00:00:00.000,W,261752,177105,438857
2022-01-06T00:00:00.000,W,256983,175465,432448
2022-01-07T00:00:00.000,W,246042,172216,418258
2022-01-08T00:00:00.000,A,190569,133844,324413
2022-01-09T00:00:00.000,U,139413,102330,241743
2022-01-10T00:00:00.000,W,273785,175964,449749
2022-01-11T00:00:00.000,W,299534,190644,490178
2022-01-12T00:00:00.000,W,364308,214250,578558
2022-01-13T00:00:00.000,W,364235,218508,582743
2022-01-14T00:00:00.000,W,355305,224098,579403
2022-01-15T00:00:00.000,A,201975,153357,355332
2022-01-16T00:00:00.000,U,157849,117493,275342
2022-01-17T00:00:00.000,W,247901,160202,408103
2022-01-18T00:00:00.000,W,394532,239770,634302
2022-01-19T00:00:00.000,W,373531,235997,609528
2022-01-20T00:00:00.000,W,343001,227670,570671
2022-01-21T00:00:00.000,W,360918,227754,588672
2022-01-22T00:00:00.000,A,213615,153452,367067
2022-01-23T00:00:00.000,U,149802,112997,262799
2022-01-24T00:00:00.000,W,352311,235351,587662
2022-01-25T00:00:00.000,W,352155,234112,586267
2022-01-26T00:00:00.000,W,313683,215518,529201
2022-01-27T00:00:00.000,W,388880,254620,643500
2022-01-28T00:00:00.000,W,310477,229809,540286
2022-01-29T00:00:00.000,A,216590,160644,377234
2022-01-30T00:00:00.000,U,163483,115445,278928
2022-01-31T00:00:00.000,W,405219,253283,658502
2022-02-01T00:00:00.000,W,438309,273732,712041
2022-02-02T00:00:00.000,W,252363,189573,441936
2022-02-03T00:00:00.000,W,342011,232018,574029
2022-02-04T00:00:00.000,W,391793,263572,655365
2022-02-05T00:00:00.000,A,222874,169731,392605
2022-02-06T00:00:00.000,U,179811,125211,305022
2022-02-07T00:00:00.000,W,405768,257867,663635
2022-02-08T00:00:00.000,W,431086,280312,711398
2022-02-09T00:00:00.000,W,433494,283336,716830
2022-02-10T00:00:00.000,W,426111,284248,710359
2022-02-11T00:00:00.000,W,413489,269373,682862
2022-02-12T00:00:00.000,A,236977,177109,414086
2022-02-13T00:00:00.000,U,175728,133282,309010
2022-02-14T00:00:00.000,W,400492,260703,661195
2022-02-15T00:00:00.000,W,434683,282736,717419
2022-02-16T00:00:00.000,W,436057,286506,722563
2022-02-17T00:00:00.000,W,365062,260175,625237
2022-02-18T00:00:00.000,W,383850,268927,652777
2022-02-19T00:00:00.000,A,228190,179991,408181
2022-02-20T00:00:00.000,U,193971,146532,340503
2022-02-21T00:00:00.000,W,330376,219366,549742
2022-02-22T00:00:00.000,W,402852,275702,678554
2022-02-23T00:00:00.000,W,434639,288569,723208
2022-02-24T00:00:00.000,W,417551,290246,707797
2022-02-25T00:00:00.000,W,411882,278287,690169
2022-02-26T00:00:00.000,A,260161,190557,450718
2022-02-27T00:00:00.000,U,197978,139377,337355
2022-02-28T00:00:00.000,W,437269,272433,709702
2022-03-01T00:00:00.000,W,471547,297951,769498
2022-03-02T00:00:00.000,W,461679,304639,766318
2022-03-03T00:00:00.000,W,450905,301344,752249
2022-03-04T00:00:00.000,W,437164,288975,726139
2022-03-05T00:00:00.000,A,291281,221714,512995
2022-03-06T00:00:00.000,U,194300,141976,336276
2022-03-07T00:00:00.000,W,399383,261592,660975
2022-03-08T00:00:00.000,W,464441,303631,768072
2022-03-09T00:00:00.000,W,466984,310336,777320
2022-03-10T00:00:00.000,W,444721,310435,755156
2022-03-11T00:00:00.000,W,422764,294476,717240
2022-03-12T00:00:00.000,A,247872,287526,535398
2022-03-13T00:00:00.000,U,200879,168821,369700
2022-03-14T00:00:00.000,W,448558,294168,742726
2022-03-15T00:00:00.000,W,463215,322609,785824
2022-03-16T00:00:00.000,W,479823,333597,813420
2022-03-17T00:00:00.000,W,463068,336933,800001
2022-03-18T00:00:00.000,W,404540,292739,697279
2022-03-19T00:00:00.000,A,250839,203842,454681
2022-03-20T00:00:00.000,U,220280,183597,403877
2022-03-21T00:00:00.000,W,459452,286077,745529
2022-03-22T00:00:00.000,W,432916,290803,723719
2022-03-23T00:00:00.000,W,411053,285528,696581
2022-03-24T00:00:00.000,W,452116,279960,732076
2022-03-25T00:00:00.000,W,431829,290569,722398
2022-03-26T00:00:00.000,A,242199,191025,433224
2022-03-27T00:00:00.000,U,193217,147865,341082
2022-03-28T00:00:00.000,W,443113,283316,726429
2022-03-29T00:00:00.000,W,459127,310432,769559
2022-03-30T00:00:00.000,W,425844,299471,725315
2022-03-31T00:00:00.000,W,446918,313624,760542
2022-04-01T00:00:00.000,W,484903,314610,799513
2022-04-02T00:00:00.000,A,264044,194383,458427
2022-04-03T00:00:00.000,U,218901,153875,372776
2022-04-04T00:00:00.000,W,457452,291019,748471
2022-04-05T00:00:00.000,W,482775,326164,808939
2022-04-06T00:00:00.000,W,470573,327753,798326
2022-04-07T00:00:00.000,W,468788,346853,815641
2022-04-08T00:00:00.000,W,398017,301320,699337
2022-04-09T00:00:00.000,A,283129,232566,515695
2022-04-10T00:00:00.000,U,221977,184272,406249
2022-04-11T00:00:00.000,W,388543,276040,664583
2022-04-12T00:00:00.000,W,426444,323042,749486
2022-04-13T00:00:00.000,W,375870,290641,666511
2022-04-14T00:00:00.000,W,408379,316347,724726
2022-04-15T00:00:00.000,W,367610,276605,644215
2022-04-16T00:00:00.000,A,274093,216395,490488
2022-04-17T00:00:00.000,U,183837,139738,323575
2022-04-18T00:00:00.000,W,416359,279342,695701
2022-04-19T00:00:00.000,W,461501,324667,786168
2022-04-20T00:00:00.000,W,453943,322677,776620
2022-04-21T00:00:00.000,W,455139,339779,794918
2022-04-22T00:00:00.000,W,414144,295319,709463
2022-04-23T00:00:00.000,A,312128,278763,590891
2022-04-24T00:00:00.000,U,192744,162462,355206
2022-04-25T00:00:00.000,W,454532,293934,748466
2022-04-26T00:00:00.000,W,476474,323321,799795
2022-04-27T00:00:00.000,W,473316,325530,798846
2022-04-28T00:00:00.000,W,461751,329024,790775
2022-04-29T00:00:00.000,W,472802,324138,796940
2022-04-30T00:00:00.000,A,260440,208693,469133
2022-05-01T00:00:00.000,U,209565,167306,376871
2022-05-02T00:00:00.000,W,456676,288292,744968
2022-05-03T00:00:00.000,W,427088,304189,731277
2022-05-04T00:00:00.000,W,500429,344233,844662
2022-05-05T00:00:00.000,W,464544,329241,793785
2022-05-06T00:00:00.000,W,429700,298387,728087
2022-05-07T00:00:00.000,A,308573,262869,571442
2022-05-08T00:00:00.000,U,204641,167467,372108
2022-05-09T00:00:00.000,W,456324,296458,752782
2022-05-10T00:00:00.000,W,487603,334899,822502
2022-05-11T00:00:00.000,W,481802,332548,814350
2022-05-12T00:00:00.000,W,475308,345676,820984
2022-05-13T00:00:00.000,W,470223,332657,802880
2022-05-14T00:00:00.000,A,303044,249361,552405
2022-05-15T00:00:00.000,U,210931,171982,382913
2022-05-16T00:00:00.000,W,460986,304494,765480
2022-05-17T00:00:00.000,W,479630,337079,816709
2022-05-18T00:00:00.000,W,452731,322841,775572
2022-05-19T00:00:00.000,W,486489,351429,837918
2022-05-20T00:00:00.000,W,458078,321127,779205
2022-05-21T00:00:00.000,A,258763,218972,477735
2022-05-22T00:00:00.000,U,221756,193002,414758
2022-05-23T00:00:00.000,W,456515,297901,754416
2022-05-24T00:00:00.000,W,484351,336010,820361
2022-05-25T00:00:00.000,W,461780,319883,781663
2022-05-26T00:00:00.000,W,467853,332069,799922
2022-05-27T00:00:00.000,W,435553,299737,735290
2022-05-28T00:00:00.000,A,299533,280228,579761
2022-05-29T00:00:00.000,U,239199,246793,485992
2022-05-30T00:00:00.000,U,235865,210421,446286
2022-05-31T00:00:00.000,W,468550,326376,794926
2022-06-01T00:00:00.000,W,496766,346924,843690
2022-06-02T00:00:00.000,W,492400,355544,847944
2022-06-03T00:00:00.000,W,494862,353934,848796
2022-06-04T00:00:00.000,A,298993,261915,560908
2022-06-05T00:00:00.000,U,230730,216530,447260
2022-06-06T00:00:00.000,W,437910,291922,729832
2022-06-07T00:00:00.000,W,492774,348945,841719
2022-06-08T00:00:00.000,W,454093,328980,783073
2022-06-09T00:00:00.000,W,488146,359630,847776
2022-06-10T00:00:00.000,W,450488,327910,778398
2022-06-11T00:00:00.000,A,311911,264509,576420
2022-06-12T00:00:00.000,U,224348,193587,417935
2022-06-13T00:00:00.000,W,433682,306621,740303
2022-06-14T00:00:00.000,W,467146,345831,812977
2022-06-15T00:00:00.000,W,435538,338852,774390
2022-06-16T00:00:00.000,W,441821,351622,793443
2022-06-17T00:00:00.000,W,438575,356445,795020
2022-06-18T00:00:00.000,A,316980,307051,624031
2022-06-19T00:00:00.000,U,227181,226033,453214
2022-06-20T00:00:00.000,W,365955,257700,623655
2022-06-21T00:00:00.000,W,427588,321100,748688
2022-06-22T00:00:00.000,W,444712,335641,780353
2022-06-23T00:00:00.000,W,442860,345391,788251
2022-06-24T00:00:00.000,W,429666,353308,782974
2022-06-25T00:00:00.000,A,276951,259318,536269
2022-06-26T00:00:00.000,U,228786,301320,530106
2022-06-27T00:00:00.000,W,416606,298347,714953
2022-06-28T00:00:00.000,W,445097,348827,793924
2022-06-29T00:00:00.000,W,448310,350300,798610
2022-06-30T00:00:00.000,W,434307,354302,788609
2022-07-01T00:00:00.000,W,427111,319073,746184
2022-07-02T00:00:00.000,A,314971,271980,586951
2022-07-03T00:00:00.000,U,234889,221003,455892
2022-07-04T00:00:00.000,U,201272,158486,359758
2022-07-05T00:00:00.000,W,400714,283797,684511
2022-07-06T00:00:00.000,W,438241,315347,753588
2022-07-07T00:00:00.000,W,444168,331132,775300
2022-07-08T00:00:00.000,W,414527,323371,737898
2022-07-09T00:00:00.000,A,314661,288100,602761
2022-07-10T00:00:00.000,U,228764,208566,437330
2022-07-11T00:00:00.000,W,411177,289480,700657
2022-07-12T00:00:00.000,W,460573,351612,812185
2022-07-13T00:00:00.000,W,462243,357923,820166
2022-07-14T00:00:00.000,W,459272,364927,824199
2022-07-15T00:00:00.000,W,385035,307877,692912
2022-07-16T00:00:00.000,A,306271,295499,601770
2022-07-17T00:00:00.000,U,212995,208264,421259
2022-07-18T00:00:00.000,W,432780,299248,732028
2022-07-19T00:00:00.000,W,453338,335621,788959
2022-07-20T00:00:00.000,W,455439,338205,793644
2022-07-21T00:00:00.000,W,445763,342598,788361
2022-07-22T00:00:00.000,W,426586,323821,750407
2022-07-23T00:00:00.000,A,275396,265291,540687
2022-07-24T00:00:00.000,U,209703,202481,412184
2022-07-25T00:00:00.000,W,423680,314719,738399
2022-07-26T00:00:00.000,W,460649,352662,813311
2022-07-27T00:00:00.000,W,446320,340006,786326
2022-07-28T00:00:00.000,W,448728,380517,829245
2022-07-29T00:00:00.000,W,430804,378849,809653
2022-07-30T00:00:00.000,A,304052,327388,631440
2022-07-31T00:00:00.000,U,224307,252781,477088
2022-08-01T00:00:00.000,W,433904,304820,738724
2022-08-02T00:00:00.000,W,451890,335737,787627
2022-08-03T00:00:00.000,W,430236,321771,752007
2022-08-04T00:00:00.000,W,449161,341966,791127
2022-08-05T00:00:00.000,W,445484,357462,802946
2022-08-06T00:00:00.000,A,302707,280369,583076
2022-08-07T00:00:00.000,U,202042,193344,395386
2022-08-08T00:00:00.000,W,381427,286194,667621
2022-08-09T00:00:00.000,W,454272,352582,806854
2022-08-10T00:00:00.000,W,455381,346182,801563
2022-08-11T00:00:00.000,W,444736,337937,782673
2022-08-12T00:00:00.000,W,430652,320260,750912
2022-08-13T00:00:00.000,A,295364,253835,549199
2022-08-14T00:00:00.000,U,214683,189154,403837
2022-08-15T00:00:00.000,W,422612,312773,735385
2022-08-16T00:00:00.000,W,445900,335456,781356
2022-08-17T00:00:00.000,W,451427,335610,787037
2022-08-18T00:00:00.000,W,447149,343155,790304
2022-08-19T00:00:00.000,W,446821,359501,806322
2022-08-20T00:00:00.000,A,276088,263681,539769
2022-08-21T00:00:00.000,U,235253,221628,456881
2022-08-22T00:00:00.000,W,484550,322408,806958
2022-08-23T00:00:00.000,W,510024,370191,880215
2022-08-24T00:00:00.000,W,509522,369646,879168
2022-08-25T00:00:00.000,W,491181,367289,858470
2022-08-26T00:00:00.000,W,495636,347989,843625
2022-08-27T00:00:00.000,A,313588,249105,562693
2022-08-28T00:00:00.000,U,219848,188705,408553
2022-08-29T00:00:00.000,W,453804,307410,761214
2022-08-30T00:00:00.000,W,524895,366870,891765
2022-08-31T00:00:00.000,W,521586,366459,888045
2022-09-01T00:00:00.000,W,526641,371181,897822
2022-09-02T00:00:00.000,W,507102,361289,868391
2022-09-03T00:00:00.000,A,329125,291196,620321
2022-09-04T00:00:00.000,U,229381,227410,456791
2022-09-05T00:00:00.000,U,236613,180944,417557
2022-09-06T00:00:00.000,W,523472,365689,889161
2022-09-07T00:00:00.000,W,534473,388259,922732
2022-09-08T00:00:00.000,W,529691,391210,920901
2022-09-09T00:00:00.000,W,506174,373012,879186
2022-09-10T00:00:00.000,A,328476,293144,621620
2022-09-11T00:00:00.000,U,180862,175036,355898
2022-09-12T00:00:00.000,W,480954,342767,823721
2022-09-13T00:00:00.000,W,527850,390462,918312
2022-09-14T00:00:00.000,W,531662,395177,926839
2022-09-15T00:00:00.000,W,526216,409158,935374
2022-09-16T00:00:00.000,W,508567,431965,940532
2022-09-17T00:00:00.000,A,333893,324035,657928
2022-09-18T00:00:00.000,U,237991,241024,479015
2022-09-19T00:00:00.000,W,495344,350160,845504
2022-09-20T00:00:00.000,W,522109,387279,909388
2022-09-21T00:00:00.000,W,537697,392818,930515
2022-09-22T00:00:00.000,W,530009,398846,928855
2022-09-23T00:00:00.000,W,458882,354789,813671
2022-09-24T00:00:00.000,A,320145,265000,585145
2022-09-25T00:00:00.000,U,229013,196621,425634
2022-09-26T00:00:00.000,W,497354,338256,835610
2022-09-27T00:00:00.000,W,527776,392549,920325
2022-09-28T00:00:00.000,W,530749,399004,929753
2022-09-29T00:00:00.000,W,521049,399396,920445
2022-09-30T00:00:00.000,W,517079,372584,889663
2022-10-01T00:00:00.000,A,331991,278557,610548
2022-10-02T00:00:00.000,U,230938,198343,429281
2022-10-03T00:00:00.000,W,522157,347552,869709
2022-10-04T00:00:00.000,W,539617,387120,926737
2022-10-05T00:00:00.000,W,535091,386695,921786
2022-10-06T00:00:00.000,W,528937,407379,936316
2022-10-07T00:00:00.000,W,497726,385824,883550
2022-10-08T00:00:00.000,A,327134,300298,627432
2022-10-09T00:00:00.000,U,207502,351798,559300
2022-10-10T00:00:00.000,W,413126,332397,745523
2022-10-11T00:00:00.000,W,516976,397158,914134
2022-10-12T00:00:00.000,W,497854,384939,882793
2022-10-13T00:00:00.000,W,533103,420167,953270
2022-10-14T00:00:00.000,W,501494,372144,873638
2022-10-15T00:00:00.000,A,325294,272080,597374
2022-10-16T00:00:00.000,U,227365,191906,419271
2022-10-17T00:00:00.000,W,470688,332889,803577
2022-10-18T00:00:00.000,W,499407,372296,871703
2022-10-19T00:00:00.000,W,525153,378834,903987
2022-10-20T00:00:00.000,W,507374,383470,890844
2022-10-21T00:00:00.000,W,462718,343986,806704
2022-10-22T00:00:00.000,A,328599,254638,583237
2022-10-23T00:00:00.000,U,239284,189552,428836
2022-10-24T00:00:00.000,W,499098,342781,841879
2022-10-25T00:00:00.000,W,478171,370030,848201
2022-10-26T00:00:00.000,W,539425,393904,933329
2022-10-27T00:00:00.000,W,528826,395129,923955
2022-10-28T00:00:00.000,W,501985,352842,854827
2022-10-29T00:00:00.000,A,311437,254149,565586
2022-10-30T00:00:00.000,U,217204,177961,395165
2022-10-31T00:00:00.000,W,454862,318942,773804
2022-11-01T00:00:00.000,W,535639,378179,913818
2022-11-02T00:00:00.000,W,532834,379413,912247
2022-11-03T00:00:00.000,W,540308,389939,930247
2022-11-04T00:00:00.000,W,489779,345651,835430
2022-11-05T00:00:00.000,A,271210,239302,510512
2022-11-06T00:00:00.000,U,237292,195418,432710
2022-11-07T00:00:00.000,W,502205,345095,847300
2022-11-08T00:00:00.000,W,445547,343165,788712
2022-11-09T00:00:00.000,W,524300,382075,906375
2022-11-10T00:00:00.000,W,534931,396488,931419
2022-11-11T00:00:00.000,W,458476,329637,788113
2022-11-12T00:00:00.000,A,283958,233513,517471
2022-11-13T00:00:00.000,U,216386,184686,401072
2022-11-14T00:00:00.000,W,479311,330831,810142
2022-11-15T00:00:00.000,W,482772,363154,845926
2022-11-16T00:00:00.000,W,501388,367015,868403
2022-11-17T00:00:00.000,W,489196,368122,857318
2022-11-18T00:00:00.000,W,437859,348326,786185
2022-11-19T00:00:00.000,A,253918,231052,484970
2022-11-20T00:00:00.000,U,204456,163384,367840
2022-11-21T00:00:00.000,W,423423,299744,723167
2022-11-22T00:00:00.000,W,435161,314006,749167
2022-11-23T00:00:00.000,W,398091,275787,673878
2022-11-24T00:00:00.000,U,160200,111986,272186
2022-11-25T00:00:00.000,W,305747,216040,521787
2022-11-26T00:00:00.000,A,283619,206385,490004
2022-11-27T00:00:00.000,U,190990,145822,336812
2022-11-28T00:00:00.000,W,472849,306743,779592
2022-11-29T00:00:00.000,W,492390,346172,838562
2022-11-30T00:00:00.000,W,471180,342095,813275
2022-12-01T00:00:00.000,W,494028,351763,845791
2022-12-02T00:00:00.000,W,490109,327826,817935
2022-12-03T00:00:00.000,A,302524,235937,538461
2022-12-04T00:00:00.000,U,219158,175364,394522
2022-12-05T00:00:00.000,W,473036,301290,774326
2022-12-06T00:00:00.000,W,491402,343974,835376
2022-12-07T00:00:00.000,W,501570,348450,850020
2022-12-08T00:00:00.000,W,491122,354293,845415
2022-12-09T00:00:00.000,W,434379,310116,744495
2022-12-10T00:00:00.000,A,301199,250406,551605
2022-12-11T00:00:00.000,U,217920,181270,399190
2022-12-12T00:00:00.000,W,461205,309804,771009
2022-12-13T00:00:00.000,W,488778,350345,839123
2022-12-14T00:00:00.000,W,460656,334180,794836
2022-12-15T00:00:00.000,W,479951,357938,837889
2022-12-16T00:00:00.000,W,438828,317559,756387
2022-12-17T00:00:00.000,A,273704,221530,495234
2022-12-18T00:00:00.000,U,205652,168395,374047
2022-12-19T00:00:00.000,W,422466,271588,694054
2022-12-20T00:00:00.000,W,458350,301658,760008
2022-12-21T00:00:00.000,W,449539,293415,742954
2022-12-22T00:00:00.000,W,334740,211520,546260
2022-12-23T00:00:00.000,W,154576,107314,261890
2022-12-24T00:00:00.000,A,150459,94387,244846
2022-12-25T00:00:00.000,U,85188,55366,140554
2022-12-26T00:00:00.000,U,205368,123005,328373
2022-12-27T00:00:00.000,W,315154,202638,517792
2022-12-28T00:00:00.000,W,321472,212073,533545
2022-12-29T00:00:00.000,W,347158,231287,578445
2022-12-30T00:00:00.000,W,364899,243067,607966
2022-12-31T00:00:00.000,A,257498,181031,438529
2023-01-01T00:00:00.000,U,164489,140776,305265
2023-01-02T00:00:00.000,U,254124,165797,419921
2023-01-03T00:00:00.000,W,383247,275846,659093
2023-01-04T00:00:00.000,W,398456,292474,690930
2023-01-05T00:00:00.000,W,384238,292708,676946
2023-01-06T00:00:00.000,W,371923,258636,630559
2023-01-07T00:00:00.000,A,272633,183930,456563
2023-01-08T00:00:00.000,U,209397,145377,354774
2023-01-09T00:00:00.000,W,449465,296803,746268
2023-01-10T00:00:00.000,W,499769,345615,845384
2023-01-11T00:00:00.000,W,499126,343468,842594
2023-01-12T00:00:00.000,W,474679,340171,814850
2023-01-13T00:00:00.000,W,443233,292169,735402
2023-01-14T00:00:00.000,A,288502,201672,490174
2023-01-15T00:00:00.000,U,220389,154138,374527
2023-01-16T00:00:00.000,W,295880,196321,492201
2023-01-17T00:00:00.000,W,496926,344762,841688
2023-01-18T00:00:00.000,W,495410,346875,842285
2023-01-19T00:00:00.000,W,479283,347238,826521
2023-01-20T00:00:00.000,W,457848,296350,754198
2023-01-21T00:00:00.000,A,285487,196802,482289
2023-01-22T00:00:00.000,U,201809,140538,342347
2023-01-23T00:00:00.000,W,468304,307836,776140
2023-01-24T00:00:00.000,W,505791,355136,860927
2023-01-25T00:00:00.000,W,462648,337076,799724
2023-01-26T00:00:00.000,W,484428,350067,834495
2023-01-27T00:00:00.000,W,435531,290048,725579
2023-01-28T00:00:00.000,A,270454,190883,461337
2023-01-29T00:00:00.000,U,199420,144673,344093
2023-01-30T00:00:00.000,W,420711,284230,704941
2023-01-31T00:00:00.000,W,428116,311121,739237
2023-02-01T00:00:00.000,W,488390,332706,821096
2023-02-02T00:00:00.000,W,488230,339244,827474
2023-02-03T00:00:00.000,W,367206,247871,615077
2023-02-04T00:00:00.000,A,295858,188543,484401
2023-02-05T00:00:00.000,U,228506,147681,376187
2023-02-06T00:00:00.000,W,489061,304675,793736
2023-02-07T00:00:00.000,W,512128,348998,861126
2023-02-08T00:00:00.000,W,517223,348441,865664
2023-02-09T00:00:00.000,W,456891,326676,783567
2023-02-10T00:00:00.000,W,480757,289003,769760
2023-02-11T00:00:00.000,A,305427,182401,487828
2023-02-12T00:00:00.000,U,228971,139964,368935
2023-02-13T00:00:00.000,W,477325,298814,776139
2023-02-14T00:00:00.000,W,510605,355572,866177
2023-02-15T00:00:00.000,W,498251,346762,845013
2023-02-16T00:00:00.000,W,450939,324574,775513
2023-02-17T00:00:00.000,W,447365,297527,744892
2023-02-18T00:00:00.000,A,307618,213471,521089
2023-02-19T00:00:00.000,U,241433,167599,409032
2023-02-20T00:00:00.000,W,371110,251523,622633
2023-02-21T00:00:00.000,W,512268,349053,861321
2023-02-22T00:00:00.000,W,445175,320183,765358
2023-02-23T00:00:00.000,W,500377,349987,850364
2023-02-24T00:00:00.000,W,468093,303528,771621
2023-02-25T00:00:00.000,A,313877,199947,513824
2023-02-26T00:00:00.000,U,246373,152718,399091
2023-02-27T00:00:00.000,W,438886,284156,723042
2023-02-28T00:00:00.000,W,516342,350093,866435
2023-03-01T00:00:00.000,W,538035,357399,895434
2023-03-02T00:00:00.000,W,505862,352552,858414
2023-03-03T00:00:00.000,W,441984,285055,727039
2023-03-04T00:00:00.000,A,332481,209545,542026
2023-03-05T00:00:00.000,U,246208,156086,402294
2023-03-06T00:00:00.000,W,470524,303195,773719
2023-03-07T00:00:00.000,W,528413,362941,891354
2023-03-08T00:00:00.000,W,521850,359517,881367
2023-03-09T00:00:00.000,W,498577,352220,850797
2023-03-10T00:00:00.000,W,466305,312533,778838
2023-03-11T00:00:00.000,A,326961,340919,667880
2023-03-12T00:00:00.000,U,215765,159274,375039
2023-03-13T00:00:00.000,W,459265,307389,766654
2023-03-14T00:00:00.000,W,524325,366497,890822
2023-03-15T00:00:00.000,W,535449,367880,903329
2023-03-16T00:00:00.000,W,499382,360728,860110
2023-03-17T00:00:00.000,W,435055,319561,754616
2023-03-18T00:00:00.000,A,284653,199267,483920
2023-03-19T00:00:00.000,U,238907,157695,396602
2023-03-20T00:00:00.000,W,478059,300593,778652
2023-03-21T00:00:00.000,W,510959,347098,858057
2023-03-22T00:00:00.000,W,499380,340260,839640
2023-03-23T00:00:00.000,W,489519,342562,832081
2023-03-24T00:00:00.000,W,475520,306297,781817
2023-03-25T00:00:00.000,A,287548,202198,489746
2023-03-26T00:00:00.000,U,222855,179536,402391
2023-03-27T00:00:00.000,W,493436,320115,813551
2023-03-28T00:00:00.000,W,521594,365749,887343
2023-03-29T00:00:00.000,W,470430,353192,823622
2023-03-30T00:00:00.000,W,517477,388264,905741
2023-03-31T00:00:00.000,W,467904,309609,777513
2023-04-01T00:00:00.000,A,315267,235235,550502
2023-04-02T00:00:00.000,U,261251,191192,452443
2023-04-03T00:00:00.000,W,439537,304009,743546
2023-04-04T00:00:00.000,W,428000,325448,753448
2023-04-05T00:00:00.000,W,438936,335701,774637
2023-04-06T00:00:00.000,W,459977,353018,812995
2023-04-07T00:00:00.000,W,419926,312653,732579
2023-04-08T00:00:00.000,A,333736,244038,577774
2023-04-09T00:00:00.000,U,237320,168475,405795
2023-04-10T00:00:00.000,W,492576,324608,817184
2023-04-11T00:00:00.000,W,539533,388288,927821
2023-04-12T00:00:00.000,W,516841,388965,905806
2023-04-13T00:00:00.000,W,541076,386440,927516
2023-04-14T00:00:00.000,W,518497,353807,872304
2023-04-15T00:00:00.000,A,360082,254964,615046
2023-04-16T00:00:00.000,U,229968,157603,387571
2023-04-17T00:00:00.000,W,458530,310077,768607
2023-04-18T00:00:00.000,W,523866,378471,902337
2023-04-19T00:00:00.000,W,527267,380103,907370
2023-04-20T00:00:00.000,W,516298,393967,910265
2023-04-21T00:00:00.000,W,505681,360742,866423
2023-04-22T00:00:00.000,A,329493,240134,569627
2023-04-23T00:00:00.000,U,245927,174185,420112
2023-04-24T00:00:00.000,W,502642,328298,830940
2023-04-25T00:00:00.000,W,516696,378228,894924
2023-04-26T00:00:00.000,W,539161,388688,927849
2023-04-27T00:00:00.000,W,532971,395661,928632
2023-04-28T00:00:00.000,W,503332,340242,843574
2023-04-29T00:00:00.000,A,331120,224434,555554
2023-04-30T00:00:00.000,U,238929,165311,404240
2023-05-01T00:00:00.000,W,482348,315630,797978
2023-05-02T00:00:00.000,W,530573,372211,902784
2023-05-03T00:00:00.000,W,555155,381538,936693
2023-05-04T00:00:00.000,W,542958,391265,934223
2023-05-05T00:00:00.000,W,518792,367635,886427
2023-05-06T00:00:00.000,A,354490,259476,613966
2023-05-07T00:00:00.000,U,281403,198280,479683
2023-05-08T00:00:00.000,W,469174,325860,795034
2023-05-09T00:00:00.000,W,548033,396388,944421
2023-05-10T00:00:00.000,W,544618,397870,942488
2023-05-11T00:00:00.000,W,533940,384804,918744
2023-05-12T00:00:00.000,W,481927,328362,810289
2023-05-13T00:00:00.000,A,344247,221075,565322
2023-05-14T00:00:00.000,U,233363,156364,389727
2023-05-15T00:00:00.000,W,486638,320403,807041
2023-05-16T00:00:00.000,W,533948,384145,918093
2023-05-17T00:00:00.000,W,527429,382604,910033
2023-05-18T00:00:00.000,W,525435,390005,915440
2023-05-19T00:00:00.000,W,486435,337006,823441
2023-05-20T00:00:00.000,A,354750,241214,595964
2023-05-21T00:00:00.000,U,273007,193053,466060
2023-05-22T00:00:00.000,W,499608,333292,832900
2023-05-23T00:00:00.000,W,537810,406630,944440
2023-05-24T00:00:00.000,W,535858,401039,936897
2023-05-25T00:00:00.000,W,528009,395099,923108
2023-05-26T00:00:00.000,W,497832,356184,854016
2023-05-27T00:00:00.000,A,340968,290957,631925
2023-05-28T00:00:00.000,U,273385,247157,520542
2023-05-29T00:00:00.000,U,269683,209702,479385
2023-05-30T00:00:00.000,W,517974,382375,900349
2023-05-31T00:00:00.000,W,517111,389469,906580
2023-06-01T00:00:00.000,W,544178,393187,937365
2023-06-02T00:00:00.000,W,514354,386122,900476
2023-06-03T00:00:00.000,A,371914,300646,672560
2023-06-04T00:00:00.000,U,278304,238509,516813
2023-06-05T00:00:00.000,W,511045,350028,861073
2023-06-06T00:00:00.000,W,522067,389250,911317
2023-06-07T00:00:00.000,W,535180,390851,926031
2023-06-08T00:00:00.000,W,493065,387473,880538
2023-06-09T00:00:00.000,W,476837,381247,858084
2023-06-10T00:00:00.000,A,379556,320326,699882
2023-06-11T00:00:00.000,U,239715,193563,433278
2023-06-12T00:00:00.000,W,457944,327050,784994
2023-06-13T00:00:00.000,W,450859,375000,825859
2023-06-14T00:00:00.000,W,493401,392696,886097
2023-06-15T00:00:00.000,W,482965,398441,881406
2023-06-16T00:00:00.000,W,453530,361553,815083
2023-06-17T00:00:00.000,A,372865,295909,668774
2023-06-18T00:00:00.000,U,272736,221073,493809
2023-06-19T00:00:00.000,W,384578,261569,646147
2023-06-20T00:00:00.000,W,488457,375171,863628
2023-06-21T00:00:00.000,W,495689,401487,897176
2023-06-22T00:00:00.000,W,486237,402155,888392
2023-06-23T00:00:00.000,W,469905,383443,853348
2023-06-24T00:00:00.000,A,369643,298557,668200
2023-06-25T00:00:00.000,U,258229,295714,553943
2023-06-26T00:00:00.000,W,445453,323554,769007
2023-06-27T00:00:00.000,W,496729,395754,892483
2023-06-28T00:00:00.000,W,496731,392034,888765
2023-06-29T00:00:00.000,W,470303,393963,864266
2023-06-30T00:00:00.000,W,473836,378120,851956
2023-07-01T00:00:00.000,A,335143,311337,646480
2023-07-02T00:00:00.000,U,170177,192380,362557
2023-07-03T00:00:00.000,W,444738,293378,738116
2023-07-04T00:00:00.000,U,281675,195858,477533
2023-07-05T00:00:00.000,W,448241,324432,772673
2023-07-06T00:00:00.000,W,495284,375201,870485
2023-07-07T00:00:00.000,W,479367,347499,826866
2023-07-08T00:00:00.000,A,352631,259570,612201
2023-07-09T00:00:00.000,U,281445,205204,486649
2023-07-10T00:00:00.000,W,485647,330776,816423
2023-07-11T00:00:00.000,W,483040,372976,856016
2023-07-12T00:00:00.000,W,443121,354104,797225
2023-07-13T00:00:00.000,W,505564,394862,900426
2023-07-14T00:00:00.000,W,476443,373807,850250
2023-07-15T00:00:00.000,A,359874,287408,647282
2023-07-16T00:00:00.000,U,281420,234238,515658
2023-07-17T00:00:00.000,W,480822,349113,829935
2023-07-18T00:00:00.000,W,512122,398713,910835
2023-07-19T00:00:00.000,W,515105,402686,917791
2023-07-20T00:00:00.000,W,502681,414002,916683
2023-07-21T00:00:00.000,W,485225,389288,874513
2023-07-22T00:00:00.000,A,360932,312905,673837
2023-07-23T00:00:00.000,U,288305,247161,535466
2023-07-24T00:00:00.000,W,474506,338496,813002
2023-07-25T00:00:00.000,W,508517,383391,891908
2023-07-26T00:00:00.000,W,478350,371278,849628
2023-07-27T00:00:00.000,W,502581,385163,887744
2023-07-28T00:00:00.000,W,446842,334517,781359
2023-07-29T00:00:00.000,A,364824,286441,651265
2023-07-30T00:00:00.000,U,285496,219936,505432
2023-07-31T00:00:00.000,W,469024,334195,803219
2023-08-01T00:00:00.000,W,528437,389535,917972
2023-08-02T00:00:00.000,W,519583,423358,942941
2023-08-03T00:00:00.000,W,521191,480968,1002159
2023-08-04T00:00:00.000,W,493321,456039,949360
2023-08-05T00:00:00.000,A,338701,346075,684776
2023-08-06T00:00:00.000,U,264872,298188,563060
2023-08-07T00:00:00.000,W,467465,346627,814092
2023-08-08T00:00:00.000,W,508824,388916,897740
2023-08-09T00:00:00.000,W,501770,394563,896333
2023-08-10T00:00:00.000,W,506343,383545,889888
2023-08-11T00:00:00.000,W,472150,370307,842457
2023-08-12T00:00:00.000,A,370464,315090,685554
2023-08-13T00:00:00.000,U,279218,225085,504303
2023-08-14T00:00:00.000,W,408865,290559,699424
2023-08-15T00:00:00.000,W,500013,382517,882530
2023-08-16T00:00:00.000,W,518485,390193,908678
2023-08-17T00:00:00.000,W,484256,366327,850583
2023-08-18T00:00:00.000,W,490626,366654,857280
2023-08-19T00:00:00.000,A,381458,303336,684794
2023-08-20T00:00:00.000,U,296344,239159,535503
2023-08-21T00:00:00.000,W,551302,343866,895168
2023-08-22T00:00:00.000,W,564653,390141,954794
2023-08-23T00:00:00.000,W,531763,365111,896874
2023-08-24T00:00:00.000,W,501750,365055,866805
2023-08-25T00:00:00.000,W,553276,375055,928331
2023-08-26T00:00:00.000,A,361538,273589,635127
2023-08-27T00:00:00.000,U,289983,218533,508516
2023-08-28T00:00:00.000,W,567171,371199,938370
2023-08-29T00:00:00.000,W,585643,418817,1004460
2023-08-30T00:00:00.000,W,589901,420080,1009981
2023-08-31T00:00:00.000,W,579376,413083,992459
2023-09-01T00:00:00.000,W,585674,386812,972486
2023-09-02T00:00:00.000,A,384728,291029,675757
2023-09-03T00:00:00.000,U,309758,248524,558282
2023-09-04T00:00:00.000,U,293106,220411,513517
2023-09-05T00:00:00.000,W,586167,409043,995210
2023-09-06T00:00:00.000,W,578259,425429,1003688
2023-09-07T00:00:00.000,W,597711,442432,1040143
2023-09-08T00:00:00.000,W,555213,397332,952545
2023-09-09T00:00:00.000,A,385592,323033,708625
2023-09-10T00:00:00.000,U,297306,247808,545114
2023-09-11T00:00:00.000,W,504742,356445,861187
2023-09-12T00:00:00.000,W,603242,432403,1035645
2023-09-13T00:00:00.000,W,593103,431950,1025053
2023-09-14T00:00:00.000,W,587439,437320,1024759
2023-09-15T00:00:00.000,W,566708,432176,998884
2023-09-16T00:00:00.000,A,352049,340865,692914
2023-09-17T00:00:00.000,U,252015,219746,471761
2023-09-18T00:00:00.000,W,560810,382031,942841
2023-09-19T00:00:00.000,W,555949,432367,988316
2023-09-20T00:00:00.000,W,599268,447165,1046433
2023-09-21T00:00:00.000,W,581536,449600,1031136
2023-09-22T00:00:00.000,W,525718,400937,926655
2023-09-23T00:00:00.000,A,381816,312772,694588
2023-09-24T00:00:00.000,U,290336,234578,524914
2023-09-25T00:00:00.000,W,552311,370891,923202
2023-09-26T00:00:00.000,W,565172,416619,981791
2023-09-27T00:00:00.000,W,583749,427267,1011016
2023-09-28T00:00:00.000,W,597723,437574,1035297
2023-09-29T00:00:00.000,W,578054,401168,979222
2023-09-30T00:00:00.000,A,391173,301206,692379
2023-10-01T00:00:00.000,U,303953,229368,533321
2023-10-02T00:00:00.000,W,576630,378334,954964
2023-10-03T00:00:00.000,W,619488,434467,1053955
2023-10-04T00:00:00.000,W,610623,445787,1056410
2023-10-05T00:00:00.000,W,584937,447707,1032644
2023-10-06T00:00:00.000,W,559485,428321,987806
2023-10-07T00:00:00.000,A,386990,334134,721124
2023-10-08T00:00:00.000,U,253021,403385,656406
2023-10-09T00:00:00.000,W,452540,366694,819234
2023-10-10T00:00:00.000,W,601129,443465,1044594
2023-10-11T00:00:00.000,W,598019,442594,1040613
2023-10-12T00:00:00.000,W,567954,433731,1001685
2023-10-13T00:00:00.000,W,519462,373986,893448
2023-10-14T00:00:00.000,A,338320,266624,604944
2023-10-15T00:00:00.000,U,293753,222768,516521
2023-10-16T00:00:00.000,W,551971,374520,926491
2023-10-17T00:00:00.000,W,587256,440241,1027497
2023-10-18T00:00:00.000,W,595182,439266,1034448
2023-10-19T00:00:00.000,W,579587,433975,1013562
2023-10-20T00:00:00.000,W,562941,395292,958233
2023-10-21T00:00:00.000,A,364186,309900,674086
2023-10-22T00:00:00.000,U,288942,219804,508746
2023-10-23T00:00:00.000,W,555068,379650,934718
2023-10-24T00:00:00.000,W,598773,434867,1033640
2023-10-25T00:00:00.000,W,570560,426962,997522
2023-10-26T00:00:00.000,W,535013,412606,947619
2023-10-27T00:00:00.000,W,503840,373004,876844
2023-10-28T00:00:00.000,A,360484,275006,635490
2023-10-29T00:00:00.000,U,250473,185823,436296
2023-10-30T00:00:00.000,W,551840,367453,919293
2023-10-31T00:00:00.000,W,520069,390110,910179
2023-11-01T00:00:00.000,W,576336,410084,986420
2023-11-02T00:00:00.000,W,579094,419780,998874
2023-11-03T00:00:00.000,W,563943,373412,937355
2023-11-04T00:00:00.000,A,401704,280222,681926
2023-11-05T00:00:00.000,U,296526,200577,497103
2023-11-06T00:00:00.000,W,568672,375471,944143
2023-11-07T00:00:00.000,W,588549,424318,1012867
2023-11-08T00:00:00.000,W,578329,422082,1000411
2023-11-09T00:00:00.000,W,588110,454074,1042184
2023-11-10T00:00:00.000,W,461731,351382,813113
2023-11-11T00:00:00.000,A,354671,266284,620955
2023-11-12T00:00:00.000,U,294251,195035,489286
2023-11-13T00:00:00.000,W,558320,370511,928831
2023-11-14T00:00:00.000,W,581009,424128,1005137
2023-11-15T00:00:00.000,W,587609,422609,1010218
2023-11-16T00:00:00.000,W,580758,415406,996164
2023-11-17T00:00:00.000,W,544624,418827,963451
2023-11-18T00:00:00.000,A,348044,315864,663908
2023-11-19T00:00:00.000,U,278346,201431,479777
2023-11-20T00:00:00.000,W,472022,334103,806125
2023-11-21T00:00:00.000,W,465329,339605,804934
2023-11-22T00:00:00.000,W,443954,298121,742075
2023-11-23T00:00:00.000,U,187931,128326,316257
2023-11-24T00:00:00.000,W,323157,227199,550356
2023-11-25T00:00:00.000,A,310164,213175,523339
2023-11-26T00:00:00.000,U,219912,160320,380232
2023-11-27T00:00:00.000,W,505729,325992,831721
2023-11-28T00:00:00.000,W,522935,368618,891553
2023-11-29T00:00:00.000,W,553418,387126,940544
2023-11-30T00:00:00.000,W,559855,396342,956197
2023-12-01T00:00:00.000,W,513523,339748,853271
2023-12-02T00:00:00.000,A,358919,260456,619375
2023-12-03T00:00:00.000,U,268845,172945,441790
2023-12-04T00:00:00.000,W,537917,337666,875583
2023-12-05T00:00:00.000,W,556584,384481,941065
2023-12-06T00:00:00.000,W,572732,389802,962534
2023-12-07T00:00:00.000,W,580504,404303,984807
2023-12-08T00:00:00.000,W,561665,372605,934270
2023-12-09T00:00:00.000,A,369433,283097,652530
2023-12-10T00:00:00.000,U,264202,196318,460520
2023-12-11T00:00:00.000,W,517482,326238,843720
2023-12-12T00:00:00.000,W,556451,378617,935068
2023-12-13T00:00:00.000,W,559461,378896,938357
2023-12-14T00:00:00.000,W,558905,384778,943683
2023-12-15T00:00:00.000,W,535654,351722,887376
2023-12-16T00:00:00.000,A,321951,230799,552750
2023-12-17T00:00:00.000,U,271335,184885,456220
2023-12-18T00:00:00.000,W,498940,306545,805485
2023-12-19T00:00:00.000,W,527927,342290,870217
2023-12-20T00:00:00.000,W,540890,343581,884471
2023-12-21T00:00:00.000,W,519383,325377,844760
2023-12-22T00:00:00.000,W,418720,267301,686021
2023-12-23T00:00:00.000,A,341975,206358,548333
2023-12-24T00:00:00.000,U,247277,141693,388970
2023-12-25T00:00:00.000,U,145433,80206,225639
2023-12-26T00:00:00.000,W,360458,208665,569123
2023-12-27T00:00:00.000,W,403147,252136,655283
2023-12-28T00:00:00.000,W,392855,253397,646252
2023-12-29T00:00:00.000,W,415822,261610,677432
2023-12-30T00:00:00.000,A,340207,212901,553108
2023-12-31T00:00:00.000,U,250204,187144,437348
2024-01-01T00:00:00.000,U,205964,152767,358731
2024-01-02T00:00:00.000,W,417384,278216,695600
2024-01-03T00:00:00.000,W,451613,307037,758650
2024-01-04T00:00:00.000,W,460277,317437,777714
2024-01-05T00:00:00.000,W,445488,280897,726385
2024-01-06T00:00:00.000,A,308872,196983,505855
2024-01-07T00:00:00.000,U,249187,152158,401345
2024-01-08T00:00:00.000,W,517198,326817,844015
2024-01-09T00:00:00.000,W,478685,330005,808690
2024-01-10T00:00:00.000,W,548560,369768,918328
2024-01-11T00:00:00.000,W,552911,377922,930833
2024-01-12T00:00:00.000,W,368347,239249,607596
2024-01-13T00:00:00.000,A,286037,183824,469861
2024-01-14T00:00:00.000,U,146724,93057,239781
2024-01-15T00:00:00.000,W,206791,127069,333860
2024-01-16T00:00:00.000,W,280514,185903,466417
2024-01-17T00:00:00.000,W,466850,322741,789591
2024-01-18T00:00:00.000,W,521058,362414,883472
2024-01-19T00:00:00.000,W,462986,293650,756636
2024-01-20T00:00:00.000,A,301556,191705,493261
2024-01-21T00:00:00.000,U,227288,147028,374316
2024-01-22T00:00:00.000,W,518106,336751,854857
2024-01-23T00:00:00.000,W,521585,369664,891249
2024-01-24T00:00:00.000,W,549204,389714,938918
2024-01-25T00:00:00.000,W,554313,390971,945284
2024-01-26T00:00:00.000,W,534739,329826,864565
2024-01-27T00:00:00.000,A,349068,222033,571101
2024-01-28T00:00:00.000,U,255458,158081,413539
2024-01-29T00:00:00.000,W,545769,340556,886325
2024-01-30T00:00:00.000,W,571297,388718,960015
2024-01-31T00:00:00.000,W,579236,389322,968558
2024-02-01T00:00:00.000,W,601932,393012,994944
2024-02-02T00:00:00.000,W,558905,329307,888212
2024-02-03T00:00:00.000,A,372165,230410,602575
2024-02-04T00:00:00.000,U,274654,168339,442993
2024-02-05T00:00:00.000,W,558625,339256,897881
2024-02-06T00:00:00.000,W,595983,390513,986496
2024-02-07T00:00:00.000,W,595233,389227,984460
2024-02-08T00:00:00.000,W,584729,391355,976084
2024-02-09T00:00:00.000,W,515769,333453,849222
2024-02-10T00:00:00.000,A,373420,231891,605311
2024-02-11T00:00:00.000,U,277432,165836,443268
2024-02-12T00:00:00.000,W,534181,325070,859251
2024-02-13T00:00:00.000,W,598961,395880,994841
2024-02-14T00:00:00.000,W,595347,397294,992641
2024-02-15T00:00:00.000,W,568392,387472,955864
2024-02-16T00:00:00.000,W,533701,325332,859033
2024-02-17T00:00:00.000,A,340993,224306,565299
2024-02-18T00:00:00.000,U,280002,189881,469883
2024-02-19T00:00:00.000,W,417871,271357,689228
2024-02-20T00:00:00.000,W,591252,389327,980579
2024-02-21T00:00:00.000,W,600241,395915,996156
2024-02-22T00:00:00.000,W,587867,396466,984333
2024-02-23T00:00:00.000,W,551392,336416,887808
2024-02-24T00:00:00.000,A,345189,225233,570422
2024-02-25T00:00:00.000,U,280214,175446,455660
2024-02-26T00:00:00.000,W,560355,347691,908046
2024-02-27T00:00:00.000,W,587359,392420,979779
2024-02-28T00:00:00.000,W,549028,375242,924270
2024-02-29T00:00:00.000,W,577283,386672,963955
2024-03-01T00:00:00.000,W,569569,335736,905305
2024-03-02T00:00:00.000,A,389713,252550,642263
2024-03-03T00:00:00.000,U,298601,184885,483486
2024-03-04T00:00:00.000,W,556051,334107,890158
2024-03-05T00:00:00.000,W,570139,383689,953828
2024-03-06T00:00:00.000,W,595103,393574,988677
2024-03-07T00:00:00.000,W,580398,390865,971263
2024-03-08T00:00:00.000,W,488443,314783,803226
2024-03-09T00:00:00.000,A,379680,245369,625049
2024-03-10T00:00:00.000,U,280181,178611,458792
2024-03-11T00:00:00.000,W,567851,351801,919652
2024-03-12T00:00:00.000,W,599389,411314,1010703
2024-03-13T00:00:00.000,W,597287,416180,1013467
2024-03-14T00:00:00.000,W,539322,393348,932670
2024-03-15T00:00:00.000,W,566639,386514,953153
2024-03-16T00:00:00.000,A,399006,499424,898430
2024-03-17T00:00:00.000,U,281004,206731,487735
2024-03-18T00:00:00.000,W,535201,346463,881664
2024-03-19T00:00:00.000,W,583292,396834,980126
2024-03-20T00:00:00.000,W,584856,392077,976933
2024-03-21T00:00:00.000,W,564484,383735,948219
2024-03-22T00:00:00.000,W,491011,318712,809723
2024-03-23T00:00:00.000,A,373194,249326,622520
2024-03-24T00:00:00.000,U,279349,206108,485457
2024-03-25T00:00:00.000,W,474355,319635,793990
2024-03-26T00:00:00.000,W,514563,359360,873923
2024-03-27T00:00:00.000,W,515194,364672,879866
2024-03-28T00:00:00.000,W,513043,374590,887633
2024-03-29T00:00:00.000,W,480044,313507,793551
2024-03-30T00:00:00.000,A,375490,244072,619562
2024-03-31T00:00:00.000,U,251600,158867,410467
2024-04-01T00:00:00.000,W,478962,333881,812843
2024-04-02T00:00:00.000,W,570490,393519,964009
2024-04-03T00:00:00.000,W,572710,395413,968123
2024-04-04T00:00:00.000,W,575373,401414,976787
2024-04-05T00:00:00.000,W,576732,375602,952334
2024-04-06T00:00:00.000,A,397658,286304,683962
2024-04-07T00:00:00.000,U,256839,185460,442299
2024-04-08T00:00:00.000,W,560623,352426,913049
2024-04-09T00:00:00.000,W,593688,400628,994316
2024-04-10T00:00:00.000,W,604655,405524,1010179
2024-04-11T00:00:00.000,W,557100,397195,954295
2024-04-12T00:00:00.000,W,582983,365492,948475
2024-04-13T00:00:00.000,A,412391,281343,693734
2024-04-14T00:00:00.000,U,327938,210780,538718
2024-04-15T00:00:00.000,W,588349,369259,957608
2024-04-16T00:00:00.000,W,599597,405400,1004997
2024-04-17T00:00:00.000,W,600084,408474,1008558
2024-04-18T00:00:00.000,W,606325,417750,1024075
2024-04-19T00:00:00.000,W,591814,383321,975135
2024-04-20T00:00:00.000,A,406861,279746,686607
2024-04-21T00:00:00.000,U,307107,203722,510829
2024-04-22T00:00:00.000,W,576206,353190,929396
2024-04-23T00:00:00.000,W,600004,410045,1010049
2024-04-24T00:00:00.000,W,599179,416815,1015994
2024-04-25T00:00:00.000,W,615343,428724,1044067
2024-04-26T00:00:00.000,W,554146,355278,909424
2024-04-27T00:00:00.000,A,419731,286199,705930
2024-04-28T00:00:00.000,U,293589,196481,490070
2024-04-29T00:00:00.000,W,556233,349857,906090
2024-04-30T00:00:00.000,W,632501,409097,1041598
2024-05-01T00:00:00.000,W,644438,416920,1061358
2024-05-02T00:00:00.000,W,600203,409105,1009308
2024-05-03T00:00:00.000,W,608085,388593,996678
2024-05-04T00:00:00.000,A,418067,299808,717875
2024-05-05T00:00:00.000,U,317248,226928,544176
2024-05-06T00:00:00.000,W,597540,379559,977099
2024-05-07T00:00:00.000,W,572181,412646,984827
2024-05-08T00:00:00.000,W,624927,443868,1068795
2024-05-09T00:00:00.000,W,569230,406557,975787
2024-05-10T00:00:00.000,W,591810,378284,970094
2024-05-11T00:00:00.000,A,416481,273276,689757
2024-05-12T00:00:00.000,U,318883,203067,521950
2024-05-13T00:00:00.000,W,550608,349237,899845
2024-05-14T00:00:00.000,W,598482,410254,1008736
2024-05-15T00:00:00.000,W,615430,419635,1035065
2024-05-16T00:00:00.000,W,601542,434466,1036008
2024-05-17T00:00:00.000,W,595193,402254,997447
2024-05-18T00:00:00.000,A,430341,315833,746174
2024-05-19T00:00:00.000,U,329129,250996,580125
2024-05-20T00:00:00.000,W,561715,366053,927768
2024-05-21T00:00:00.000,W,618559,443937,1062496
2024-05-22T00:00:00.000,W,621123,450124,1071247
2024-05-23T00:00:00.000,W,609570,457738,1067308
2024-05-24T00:00:00.000,W,557209,368883,926092
2024-05-25T00:00:00.000,A,420064,342285,762349
2024-05-26T00:00:00.000,U,279820,220267,500087
2024-05-27T00:00:00.000,U,306648,205186,511834
2024-05-28T00:00:00.000,W,585174,396139,981313
2024-05-29T00:00:00.000,W,612055,423439,1035494
2024-05-30T00:00:00.000,W,604848,424200,1029048
2024-05-31T00:00:00.000,W,590998,410904,1001902
2024-06-01T00:00:00.000,A,359226,257545,616771
2024-06-02T00:00:00.000,U,347275,256837,604112
2024-06-03T00:00:00.000,W,594326,377947,972273
2024-06-04T00:00:00.000,W,602909,443126,1046035
2024-06-05T00:00:00.000,W,602717,450039,1052756
2024-06-06T00:00:00.000,W,606273,440625,1046898
2024-06-07T00:00:00.000,W,538174,384835,923009
2024-06-08T00:00:00.000,A,388074,295372,683446
2024-06-09T00:00:00.000,U,338317,265680,603997
2024-06-10T00:00:00.000,W,521105,360674,881779
2024-06-11T00:00:00.000,W,556731,415884,972615
2024-06-12T00:00:00.000,W,576142,423834,999976
2024-06-13T00:00:00.000,W,541343,414773,956116
2024-06-14T00:00:00.000,W,536639,412548,949187
2024-06-15T00:00:00.000,A,421892,329557,751449
2024-06-16T00:00:00.000,U,314305,239123,553428
2024-06-17T00:00:00.000,W,500089,363300,863389
2024-06-18T00:00:00.000,W,551782,426829,978611
2024-06-19T00:00:00.000,W,482860,349203,832063
2024-06-20T00:00:00.000,W,548449,411020,959469
2024-06-21T00:00:00.000,W,539303,406032,945335
2024-06-22T00:00:00.000,A,430009,334791,764800
2024-06-23T00:00:00.000,U,333514,259057,592571
2024-06-24T00:00:00.000,W,535003,366575,901578
2024-06-25T00:00:00.000,W,537591,390929,928520
2024-06-26T00:00:00.000,W,586929,426272,1013201
2024-06-27T00:00:00.000,W,573982,434454,1008436
2024-06-28T00:00:00.000,W,519127,372226,891353
2024-06-29T00:00:00.000,A,426204,296659,722863
2024-06-30T00:00:00.000,U,332479,322925,655404
2024-07-01T00:00:00.000,W,556122,362056,918178
2024-07-02T00:00:00.000,W,554430,411251,965681
2024-07-03T00:00:00.000,W,575361,404738,980099
2024-07-04T00:00:00.000,U,319593,237409,557002
2024-07-05T00:00:00.000,W,472097,346546,818643
2024-07-06T00:00:00.000,A,400805,322596,723401
2024-07-07T00:00:00.000,U,304485,241639,546124
2024-07-08T00:00:00.000,W,523371,364702,888073
2024-07-09T00:00:00.000,W,543503,400891,944394
2024-07-10T00:00:00.000,W,560627,409640,970267
2024-07-11T00:00:00.000,W,569850,418692,988542
2024-07-12T00:00:00.000,W,548479,381120,929599
2024-07-13T00:00:00.000,A,424138,300881,725019
2024-07-14T00:00:00.000,U,303034,217483,520517
2024-07-15T00:00:00.000,W,514909,360359,875268
2024-07-16T00:00:00.000,W,565584,408295,973879
2024-07-17T00:00:00.000,W,579034,417491,996525
2024-07-18T00:00:00.000,W,563700,423510,987210
2024-07-19T00:00:00.000,W,536479,407254,943733
2024-07-20T00:00:00.000,A,415213,336971,752184
2024-07-21T00:00:00.000,U,336062,262703,598765
2024-07-22T00:00:00.000,W,536657,384948,921605
2024-07-23T00:00:00.000,W,563934,431681,995615
2024-07-24T00:00:00.000,W,574946,434300,1009246
2024-07-25T00:00:00.000,W,571492,427841,999333
2024-07-26T00:00:00.000,W,543502,393133,936635
2024-07-27T00:00:00.000,A,426551,328573,755124
2024-07-28T00:00:00.000,U,305854,225835,531689
2024-07-29T00:00:00.000,W,499487,347579,847066
2024-07-30T00:00:00.000,W,564465,418450,982915
2024-07-31T00:00:00.000,W,553120,451191,1004311
2024-08-01T00:00:00.000,W,554928,506493,1061421
2024-08-02T00:00:00.000,W,540073,474521,1014594
2024-08-03T00:00:00.000,A,424966,401995,826961
2024-08-04T00:00:00.000,U,330850,304125,634975
2024-08-05T00:00:00.000,W,501014,373023,874037
2024-08-06T00:00:00.000,W,536195,418245,954440
2024-08-07T00:00:00.000,W,572289,435129,1007418
2024-08-08T00:00:00.000,W,555177,415675,970852
2024-08-09T00:00:00.000,W,534634,407471,942105
2024-08-10T00:00:00.000,A,429880,355517,785397
2024-08-11T00:00:00.000,U,335905,277892,613797
2024-08-12T00:00:00.000,W,511004,367635,878639
2024-08-13T00:00:00.000,W,561949,432482,994431
2024-08-14T00:00:00.000,W,566338,414324,980662
2024-08-15T00:00:00.000,W,519903,391361,911264
2024-08-16T00:00:00.000,W,526888,392699,919587
2024-08-17T00:00:00.000,A,388616,312275,700891
2024-08-18T00:00:00.000,U,319383,253295,572678
2024-08-19T00:00:00.000,W,498548,335708,834256
2024-08-20T00:00:00.000,W,521241,361335,882576
2024-08-21T00:00:00.000,W,528372,364450,892822
2024-08-22T00:00:00.000,W,529364,377301,906665
2024-08-23T00:00:00.000,W,519640,368235,887875
2024-08-24T00:00:00.000,A,404561,296195,700756
2024-08-25T00:00:00.000,U,325668,239814,565482
2024-08-26T00:00:00.000,W,596306,376308,972614
2024-08-27T00:00:00.000,W,583649,409119,992768
2024-08-28T00:00:00.000,W,637588,442189,1079777
2024-08-29T00:00:00.000,W,644581,469123,1113704
2024-08-30T00:00:00.000,W,606824,417283,1024107
2024-08-31T00:00:00.000,A,428266,353476,781742
2024-09-01T00:00:00.000,U,344967,290763,635730
2024-09-02T00:00:00.000,U,325776,239695,565471
2024-09-03T00:00:00.000,W,654167,437190,1091357
2024-09-04T00:00:00.000,W,653220,454140,1107360
2024-09-05T00:00:00.000,W,644748,447217,1091965
2024-09-06T00:00:00.000,W,616701,434618,1051319
2024-09-07T00:00:00.000,A,409867,335343,745210
2024-09-08T00:00:00.000,U,320438,267262,587700
2024-09-09T00:00:00.000,W,618371,405350,1023721
2024-09-10T00:00:00.000,W,646216,451939,1098155
2024-09-11T00:00:00.000,W,655564,452664,1108228
2024-09-12T00:00:00.000,W,637736,454382,1092118
2024-09-13T00:00:00.000,W,610703,407861,1018564
2024-09-14T00:00:00.000,A,412078,324266,736344
2024-09-15T00:00:00.000,U,308413,257266,565679
2024-09-16T00:00:00.000,W,607976,412568,1020544
2024-09-17T00:00:00.000,W,651158,466890,1118048
2024-09-18T00:00:00.000,W,655614,467380,1122994
2024-09-19T00:00:00.000,W,652616,478448,1131064
2024-09-20T00:00:00.000,W,622603,444850,1067453
2024-09-21T00:00:00.000,A,433756,343362,777118
2024-09-22T00:00:00.000,U,271129,219586,490715
2024-09-23T00:00:00.000,W,613582,407176,1020758
2024-09-24T00:00:00.000,W,582939,434551,1017490
2024-09-25T00:00:00.000,W,669879,472330,1142209
2024-09-26T00:00:00.000,W,659106,474890,1133996
2024-09-27T00:00:00.000,W,564419,418093,982512
2024-09-28T00:00:00.000,A,384642,312755,697397
2024-09-29T00:00:00.000,U,312714,246922,559636
2024-09-30T00:00:00.000,W,619994,406220,1026214
2024-10-01T00:00:00.000,W,675858,457355,1133213
2024-10-02T00:00:00.000,W,663546,452173,1115719
2024-10-03T00:00:00.000,W,670461,454449,1124910
2024-10-04T00:00:00.000,W,619444,409598,1029042
2024-10-05T00:00:00.000,A,431370,318359,749729
2024-10-06T00:00:00.000,U,336190,248486,584676
2024-10-07T00:00:00.000,W,623133,406230,1029363
2024-10-08T00:00:00.000,W,652969,459661,1112630
2024-10-09T00:00:00.000,W,661361,467517,1128878
2024-10-10T00:00:00.000,W,650278,485221,1135499
2024-10-11T00:00:00.000,W,624145,456909,1081054
2024-10-12T00:00:00.000,A,427732,369877,797609
2024-10-13T00:00:00.000,U,280965,466771,747736
2024-10-14T00:00:00.000,W,486971,384342,871313
2024-10-15T00:00:00.000,W,582685,444249,1026934
2024-10-16T00:00:00.000,W,652964,462121,1115085
2024-10-17T00:00:00.000,W,650082,466090,1116172
2024-10-18T00:00:00.000,W,627426,413404,1040830
2024-10-19T00:00:00.000,A,425987,354109,780096
2024-10-20T00:00:00.000,U,321239,239392,560631
2024-10-21T00:00:00.000,W,619582,403752,1023334
2024-10-22T00:00:00.000,W,642373,451887,1094260
2024-10-23T00:00:00.000,W,653689,461471,1115160
2024-10-24T00:00:00.000,W,654696,465121,1119817
2024-10-25T00:00:00.000,W,611655,408835,1020490
2024-10-26T00:00:00.000,A,427475,296326,723801
2024-10-27T00:00:00.000,U,312965,215594,528559
2024-10-28T00:00:00.000,W,611041,389359,1000400
2024-10-29T00:00:00.000,W,652674,444706,1097380
2024-10-30T00:00:00.000,W,657942,451915,1109857
2024-10-31T00:00:00.000,W,605292,425596,1030888
2024-11-01T00:00:00.000,W,618998,381782,1000780
2024-11-02T00:00:00.000,A,410559,281277,691836
2024-11-03T00:00:00.000,U,267845,227887,495732
2024-11-04T00:00:00.000,W,553515,383217,936732
2024-11-05T00:00:00.000,W,519574,379110,898684
2024-11-06T00:00:00.000,W,631969,427995,1059964
2024-11-07T00:00:00.000,W,644506,450680,1095186
2024-11-08T00:00:00.000,W,601808,396291,998099
2024-11-09T00:00:00.000,A,391070,288855,679925
2024-11-10T00:00:00.000,U,306889,232420,539309
2024-11-11T00:00:00.000,W,556273,358572,914845
2024-11-12T00:00:00.000,W,640199,437888,1078087
2024-11-13T00:00:00.000,W,633647,434362,1068009
2024-11-14T00:00:00.000,W,620448,439564,1060012
2024-11-15T00:00:00.000,W,603141,397040,1000181
2024-11-16T00:00:00.000,A,399551,316374,715925
2024-11-17T00:00:00.000,U,308995,233733,542728
2024-11-18T00:00:00.000,W,565097,383053,948150
2024-11-19T00:00:00.000,W,639269,439683,1078952
2024-11-20T00:00:00.000,W,625498,428958,1054456
2024-11-21T00:00:00.000,W,539977,414493,954470
2024-11-22T00:00:00.000,W,583958,431451,1015409
2024-11-23T00:00:00.000,A,384030,340935,724965
2024-11-24T00:00:00.000,U,301518,222021,523539
2024-11-25T00:00:00.000,W,512387,344627,857014
2024-11-26T00:00:00.000,W,518470,356826,875296
2024-11-27T00:00:00.000,W,477247,308919,786166
2024-11-28T00:00:00.000,U,190991,132382,323373
2024-11-29T00:00:00.000,W,344005,224635,568640
2024-11-30T00:00:00.000,A,308864,217565,526429
2024-12-01T00:00:00.000,U,251107,175212,426319
2024-12-02T00:00:00.000,W,554092,349175,903267
2024-12-03T00:00:00.000,W,607733,405908,1013641
2024-12-04T00:00:00.000,W,600576,411039,1011615
2024-12-05T00:00:00.000,W,564481,401576,966057
2024-12-06T00:00:00.000,W,559457,371522,930979
2024-12-07T00:00:00.000,A,384908,286352,671260
2024-12-08T00:00:00.000,U,310160,216292,526452
2024-12-09T00:00:00.000,W,585535,364276,949811
2024-12-10T00:00:00.000,W,597740,406353,1004093
2024-12-11T00:00:00.000,W,580091,398016,978107
2024-12-12T00:00:00.000,W,481459,350852,832311
2024-12-13T00:00:00.000,W,521773,360766,882539
2024-12-14T00:00:00.000,A,347954,262799,610753
2024-12-15T00:00:00.000,U,277186,198006,475192
2024-12-16T00:00:00.000,W,551435,342529,893964
2024-12-17T00:00:00.000,W,582711,391307,974018
2024-12-18T00:00:00.000,W,577854,382314,960168
2024-12-19T00:00:00.000,W,552524,373795,926319
2024-12-20T00:00:00.000,W,509530,326711,836241
2024-12-21T00:00:00.000,A,346988,234439,581427
2024-12-22T00:00:00.000,U,271433,188272,459705
2024-12-23T00:00:00.000,W,425982,267754,693736
2024-12-24T00:00:00.000,W,341225,181487,522712
2024-12-25T00:00:00.000,U,146592,86287,232879
2024-12-26T00:00:00.000,W,366721,225335,592056
2024-12-27T00:00:00.000,W,394689,245475,640164
2024-12-28T00:00:00.000,A,348599,222891,571490
2024-12-29T00:00:00.000,U,231003,158657,389660
2024-12-30T00:00:00.000,W,447644,285475,733119
2024-12-31T00:00:00.000,W,386206,281447,667653
