programa,orden_preferencia,jornada,nota_formacion_previa,nota_admision,moroso,arancel_al_dia,beca,edad_ingreso,desempleo,inflacion,crecimiento_pib,asignaturas_convalidadas,asignaturas_inscritas,evaluaciones_realizadas,asignaturas_aprobadas,promedio_notas,asignaturas_sin_evaluacion,resultado
Diseño de animación y multimedia,5,diurna,122.0,127.3,0,1,0,20,10.8,1.4,1.74,0,0,0,0,0.0,0,abandono
Turismo,1,diurna,160.0,142.5,0,0,0,19,13.9,-0.3,0.79,0,6,6,6,14.0,0,graduado
Diseño de comunicación,5,diurna,122.0,124.8,0,0,0,19,10.8,1.4,1.74,0,6,0,0,0.0,0,abandono
Periodismo y comunicación,2,diurna,122.0,119.6,0,1,0,20,9.4,-0.8,-3.12,0,6,8,6,13.428571428571429,0,graduado
Servicio social,1,vespertina,100.0,141.5,0,1,0,45,13.9,-0.3,0.79,0,6,9,5,12.333333333333334,0,graduado
Administración,1,vespertina,133.1,114.8,1,1,0,50,16.2,0.3,-0.92,0,5,10,5,11.857142857142858,0,graduado
Enfermería,1,diurna,142.0,128.4,0,1,1,18,15.5,2.8,-4.06,0,7,9,7,13.3,0,graduado
Turismo,4,diurna,119.0,113.1,0,0,0,22,15.5,2.8,-4.06,0,5,5,0,0.0,0,abandono
Servicio social,3,diurna,137.0,129.3,0,1,1,21,16.2,0.3,-0.92,0,6,8,6,13.875,0,graduado
Servicio social,1,diurna,138.0,123.0,1,0,0,18,8.9,1.4,3.51,0,6,9,5,11.4,0,abandono
Gestión de publicidad y marketing,1,diurna,139.0,130.6,0,1,0,18,13.9,-0.3,0.79,0,6,6,6,12.333333333333334,0,graduado
Enfermería,1,diurna,136.0,119.3,0,1,1,18,12.7,3.7,-1.7,0,8,8,7,13.214285714285714,0,graduado
Educación básica,2,diurna,133.0,130.2,0,1,0,19,12.7,3.7,-1.7,0,6,6,0,0.0,0,abandono
Turismo,1,diurna,110.0,111.8,0,1,1,21,8.9,1.4,3.51,0,6,7,6,10.571428571428571,0,graduado
Enfermería veterinaria,1,diurna,149.0,137.1,0,1,1,18,10.8,1.4,1.74,0,5,7,4,13.25,0,graduado
Periodismo y comunicación,1,diurna,127.0,120.7,0,1,0,20,15.5,2.8,-4.06,0,6,6,5,13.2,0,abandono
Servicio social,1,diurna,137.0,137.4,0,1,0,18,10.8,1.4,1.74,0,6,10,1,12.0,0,continua_matriculado
Enfermería,2,diurna,135.0,127.3,0,1,0,18,15.5,2.8,-4.06,0,7,8,7,13.30625,0,graduado
Equinocultura,1,diurna,137.0,136.3,0,1,0,20,10.8,1.4,1.74,0,5,8,4,12.5,1,graduado
Educación básica,1,diurna,140.0,124.6,0,1,0,18,16.2,0.3,-0.92,0,7,7,6,11.666666666666666,0,continua_matriculado
Diseño de animación y multimedia,3,diurna,122.0,120.3,0,1,1,21,11.1,0.6,2.02,0,0,0,0,0.0,0,graduado
Higiene oral,4,diurna,127.0,121.8,0,1,0,20,12.7,3.7,-1.7,0,7,14,7,11.4375,0,continua_matriculado
Enfermería,4,diurna,142.0,125.5,0,1,0,18,12.7,3.7,-1.7,0,8,12,7,12.857142857142858,0,graduado
Gestión de publicidad y marketing,4,diurna,125.0,114.9,0,1,1,19,11.1,0.6,2.02,0,6,8,6,13.375,0,graduado
Enfermería,1,diurna,126.0,123.9,0,1,0,19,11.1,0.6,2.02,0,7,8,6,13.296666666666669,0,graduado
Servicio social,1,diurna,151.0,157.0,1,1,1,18,7.6,2.6,0.32,0,6,8,5,11.6,0,continua_matriculado
Servicio social,2,diurna,115.0,116.4,0,1,0,21,16.2,0.3,-0.92,0,6,9,6,11.375,0,graduado
Enfermería veterinaria,1,diurna,138.0,131.0,0,1,0,18,9.4,-0.8,-3.12,0,5,9,5,12.666666666666666,2,continua_matriculado
Administración,1,diurna,135.0,122.1,0,1,0,20,16.2,0.3,-0.92,0,5,6,5,12.0,0,graduado
Enfermería,2,diurna,127.0,118.8,0,1,0,19,16.2,0.3,-0.92,0,7,9,6,12.933333333333332,0,continua_matriculado
Agronomía,1,diurna,150.0,150.0,0,1,0,21,16.2,0.3,-0.92,0,6,15,5,11.857142857142858,0,continua_matriculado
Diseño de comunicación,1,diurna,125.0,130.0,0,1,0,20,8.9,1.4,3.51,2,6,7,6,12.833333333333334,0,graduado
Administración,1,diurna,143.0,138.8,0,0,0,18,8.9,1.4,3.51,0,5,9,3,11.333333333333334,0,continua_matriculado
Servicio social,1,vespertina,138.0,134.5,0,1,0,19,12.4,0.5,1.79,0,6,6,6,12.666666666666666,0,graduado
Administración,1,vespertina,130.0,131.4,0,1,0,34,13.9,-0.3,0.79,0,5,6,5,12.4,0,graduado
Tecnologías de producción de biocombustibles,1,diurna,130.0,102.5,1,0,0,37,8.9,1.4,3.51,0,7,7,0,0.0,0,abandono
Ingeniería informática,1,diurna,133.1,128.8,0,1,0,43,7.6,2.6,0.32,0,5,0,0,0.0,0,abandono
Administración,1,diurna,140.0,122.9,0,1,0,55,16.2,0.3,-0.92,0,5,10,1,10.0,0,abandono
Administración,1,vespertina,120.0,113.9,0,1,0,39,7.6,2.6,0.32,0,5,8,5,11.0,0,graduado
Equinocultura,1,diurna,120.0,120.0,1,0,0,20,12.4,0.5,1.79,2,6,13,3,11.666666666666666,0,abandono
Periodismo y comunicación,5,diurna,126.0,121.1,1,1,0,18,12.7,3.7,-1.7,0,6,6,4,12.75,0,abandono
Administración,2,diurna,133.0,120.4,0,1,0,22,8.9,1.4,3.51,0,5,5,5,14.8,0,graduado
Enfermería,6,diurna,103.0,100.6,0,1,0,22,11.1,0.6,2.02,0,7,9,5,13.928,0,graduado
Periodismo y comunicación,1,diurna,120.0,121.4,0,0,0,20,12.4,0.5,1.79,0,6,7,4,13.0,0,abandono
Administración,1,vespertina,133.1,109.7,0,1,0,29,16.2,0.3,-0.92,0,5,0,0,0.0,0,abandono
Administración,1,vespertina,154.0,134.1,0,1,0,24,7.6,2.6,0.32,0,5,9,2,11.5,0,continua_matriculado
Servicio social,2,diurna,130.0,127.6,0,1,0,18,11.1,0.6,2.02,0,6,6,6,11.666666666666666,0,graduado
Enfermería,6,diurna,132.0,132.4,0,1,1,22,11.1,0.6,2.02,0,7,8,6,13.516666666666666,0,graduado
Servicio social,1,vespertina,130.0,133.4,0,1,1,21,12.4,0.5,1.79,3,6,6,6,11.5,0,graduado
Servicio social,1,diurna,139.0,126.1,0,1,1,19,12.7,3.7,-1.7,0,6,7,5,12.333333333333334,0,graduado
Turismo,1,diurna,130.0,113.5,0,1,1,24,12.4,0.5,1.79,0,6,6,6,13.666666666666666,0,graduado
Enfermería,1,diurna,139.0,121.3,0,1,1,19,9.4,-0.8,-3.12,0,8,10,6,11.833333333333334,0,continua_matriculado
Periodismo y comunicación,1,diurna,127.0,121.8,0,1,1,20,9.4,-0.8,-3.12,0,6,11,4,14.0,0,continua_matriculado
Equinocultura,3,diurna,167.0,159.3,0,1,0,19,7.6,2.6,0.32,0,5,7,5,14.714285714285714,0,graduado
Administración,1,vespertina,130.0,120.0,0,1,0,27,9.4,-0.8,-3.12,0,5,12,5,10.6,0,abandono
Enfermería,1,diurna,130.0,129.1,0,1,0,18,15.5,2.8,-4.06,0,7,9,7,13.044444444444444,0,graduado
Turismo,1,diurna,130.0,130.0,0,1,0,39,12.4,0.5,1.79,0,6,10,0,0.0,0,abandono
Equinocultura,1,diurna,129.0,155.3,0,1,0,27,12.4,0.5,1.79,0,6,9,5,13.0,0,abandono
Enfermería,1,diurna,141.0,139.8,0,1,0,18,9.4,-0.8,-3.12,0,8,8,8,14.935,0,graduado
Diseño de animación y multimedia,3,diurna,125.0,115.2,0,1,0,18,7.6,2.6,0.32,0,0,0,0,0.0,0,continua_matriculado
Enfermería,2,diurna,125.0,114.9,0,1,0,18,16.2,0.3,-0.92,0,7,8,6,13.133333333333333,0,graduado
Servicio social,1,diurna,130.0,131.9,0,1,1,21,13.9,-0.3,0.79,3,6,7,6,12.0,0,graduado
Diseño de animación y multimedia,3,diurna,133.0,126.0,0,1,1,19,10.8,1.4,1.74,0,0,0,0,0.0,0,continua_matriculado
Diseño de comunicación,1,diurna,127.0,130.2,0,1,0,19,10.8,1.4,1.74,0,6,6,5,11.4,0,continua_matriculado
Diseño de comunicación,1,diurna,116.0,120.9,0,1,0,24,12.7,3.7,-1.7,0,6,6,0,0.0,0,continua_matriculado
Enfermería,1,diurna,133.1,126.0,0,1,0,29,13.9,-0.3,0.79,2,7,10,5,11.9,0,abandono
Diseño de animación y multimedia,3,diurna,139.0,128.2,0,1,1,19,10.8,1.4,1.74,0,0,0,0,0.0,0,graduado
Agronomía,1,diurna,130.0,130.0,0,1,0,23,8.9,1.4,3.51,0,6,8,6,12.571428571428571,0,graduado
Administración,3,diurna,125.0,120.1,1,1,0,19,16.2,0.3,-0.92,0,5,8,5,11.2,0,abandono
Turismo,1,diurna,160.0,100.0,0,1,0,26,12.7,3.7,-1.7,0,6,7,6,12.0,0,continua_matriculado
Administración,1,diurna,148.0,134.0,0,1,0,18,7.6,2.6,0.32,0,5,9,0,0.0,0,continua_matriculado
Enfermería,1,diurna,150.0,130.8,0,1,0,24,13.9,-0.3,0.79,0,7,8,7,11.975,0,graduado
Diseño de animación y multimedia,1,diurna,141.0,135.8,0,1,0,19,15.5,2.8,-4.06,0,0,0,0,0.0,0,abandono
Turismo,4,diurna,118.0,111.7,0,1,0,18,12.4,0.5,1.79,0,6,12,3,11.666666666666666,0,abandono
Periodismo y comunicación,2,diurna,142.0,132.9,0,1,0,18,10.8,1.4,1.74,0,6,8,6,12.333333333333334,0,graduado
Administración,3,diurna,120.0,115.5,1,1,0,18,10.8,1.4,1.74,0,5,8,3,10.333333333333334,0,abandono
Turismo,4,diurna,106.0,106.0,0,1,1,21,9.4,-0.8,-3.12,0,6,8,4,10.5,0,abandono
Periodismo y comunicación,4,diurna,121.0,120.3,1,1,1,19,8.9,1.4,3.51,0,6,6,6,13.666666666666666,0,graduado
Enfermería,4,diurna,150.0,130.8,0,1,1,22,16.2,0.3,-0.92,0,7,7,7,14.842857142857142,0,graduado
Servicio social,1,vespertina,120.0,117.0,0,1,0,33,10.8,1.4,1.74,0,6,8,6,12.0,0,graduado
Educación básica,6,diurna,114.0,110.2,0,1,0,20,10.8,1.4,1.74,0,6,8,5,12.2,0,abandono
Administración,1,vespertina,140.0,155.7,0,1,0,35,10.8,1.4,1.74,0,1,1,0,0.0,1,abandono
Agronomía,1,diurna,160.0,180.4,1,1,0,24,12.4,0.5,1.79,6,12,17,6,12.166666666666666,0,abandono
Turismo,1,diurna,120.0,125.5,0,1,0,18,12.7,3.7,-1.7,0,5,6,5,12.0,0,continua_matriculado
Servicio social,1,vespertina,130.0,110.0,0,1,0,33,9.4,-0.8,-3.12,0,6,7,6,11.0,0,graduado
Enfermería,1,diurna,160.0,161.0,0,1,1,22,10.8,1.4,1.74,0,8,8,7,13.08,0,graduado
Gestión de publicidad y marketing,1,diurna,120.0,100.0,0,1,1,25,9.4,-0.8,-3.12,0,5,7,4,10.5,0,graduado
Diseño de comunicación,1,diurna,124.0,117.6,0,1,0,20,7.6,2.6,0.32,0,6,9,6,10.666666666666666,1,graduado
Administración,6,diurna,143.0,128.7,0,1,0,23,11.1,0.6,2.02,0,5,6,4,14.0,0,continua_matriculado
Ingeniería informática,2,diurna,115.0,112.2,1,1,0,18,15.5,2.8,-4.06,0,5,9,2,10.0,0,continua_matriculado
Enfermería,1,diurna,133.1,100.8,0,1,0,24,13.9,-0.3,0.79,0,7,18,0,0.0,0,abandono
Periodismo y comunicación,2,diurna,133.1,105.0,0,0,0,21,8.9,1.4,3.51,0,6,6,6,14.0,0,graduado
Equinocultura,1,diurna,133.1,100.0,0,1,0,26,8.9,1.4,3.51,0,6,7,2,12.0,1,abandono
Educación básica,1,diurna,133.1,115.5,0,1,0,39,7.6,2.6,0.32,0,6,12,3,12.666666666666666,0,abandono
Servicio social,1,vespertina,133.1,114.0,0,1,0,44,12.7,3.7,-1.7,2,8,11,8,11.875,0,graduado
Ingeniería informática,1,diurna,130.0,137.0,0,1,0,19,13.9,-0.3,0.79,0,5,9,5,14.0,0,continua_matriculado
Periodismo y comunicación,5,diurna,135.0,124.9,0,1,0,18,8.9,1.4,3.51,0,6,6,6,13.666666666666666,0,graduado
Enfermería,5,diurna,132.0,120.3,0,1,1,18,12.4,0.5,1.79,0,7,7,7,13.75,0,graduado
Enfermería veterinaria,1,diurna,135.0,134.3,0,1,0,19,12.7,3.7,-1.7,0,5,7,5,14.2,2,continua_matriculado
Enfermería,4,diurna,115.0,111.5,1,0,0,19,13.9,-0.3,0.79,0,7,10,4,11.96,0,abandono
Enfermería veterinaria,1,diurna,130.0,128.8,0,1,0,21,8.9,1.4,3.51,7,10,12,8,12.875,0,abandono
Diseño de animación y multimedia,4,diurna,133.1,110.0,0,1,0,20,16.2,0.3,-0.92,0,0,0,0,0.0,0,graduado
Servicio social,1,vespertina,130.0,113.5,0,1,0,36,9.4,-0.8,-3.12,0,6,0,0,0.0,0,abandono
Agronomía,1,diurna,133.1,160.0,0,1,0,43,15.5,2.8,-4.06,13,18,19,18,14.63157894736842,0,graduado
Educación básica,1,diurna,123.0,117.4,0,1,0,19,11.1,0.6,2.02,0,6,0,0,0.0,0,abandono
Diseño de comunicación,1,diurna,130.0,122.2,1,1,0,20,11.1,0.6,2.02,4,10,12,10,13.0,0,graduado
Servicio social,2,diurna,122.0,118.2,0,1,0,19,16.2,0.3,-0.92,0,6,0,0,0.0,0,abandono
Enfermería veterinaria,1,diurna,113.0,106.7,0,1,0,20,15.5,2.8,-4.06,0,6,15,4,14.2,0,abandono
Enfermería,5,diurna,111.0,108.2,0,1,0,20,12.4,0.5,1.79,2,7,9,6,13.266666666666666,0,abandono
Educación básica,2,diurna,133.1,107.0,0,1,0,20,16.2,0.3,-0.92,0,7,12,6,11.666666666666666,0,continua_matriculado
Servicio social,1,diurna,142.0,136.1,0,1,0,18,13.9,-0.3,0.79,0,6,8,6,13.857142857142858,0,graduado
Administración,2,diurna,123.0,115.3,0,1,1,18,8.9,1.4,3.51,0,5,9,3,13.0,0,continua_matriculado
Enfermería veterinaria,1,diurna,131.0,139.8,0,1,0,19,10.8,1.4,1.74,0,5,6,5,13.4,0,graduado
Periodismo y comunicación,3,diurna,158.0,157.0,0,1,0,18,10.8,1.4,1.74,0,6,6,6,12.666666666666666,0,graduado
Enfermería,2,diurna,122.0,131.0,0,1,0,18,7.6,2.6,0.32,0,7,7,6,12.516666666666666,1,abandono
Enfermería,1,diurna,130.0,100.0,0,1,0,20,13.9,-0.3,0.79,0,7,11,6,11.616666666666667,0,continua_matriculado
Servicio social,1,diurna,154.0,140.4,0,1,1,20,7.6,2.6,0.32,0,6,13,2,10.0,0,continua_matriculado
Administración,1,diurna,120.0,113.4,0,1,0,20,12.4,0.5,1.79,0,5,11,3,10.333333333333334,0,continua_matriculado
Enfermería veterinaria,2,diurna,140.0,137.0,0,1,0,18,9.4,-0.8,-3.12,0,5,12,5,13.142857142857142,2,graduado
Administración,1,diurna,127.0,121.8,0,1,0,18,11.1,0.6,2.02,0,5,5,5,12.6,0,graduado
Turismo,1,diurna,133.1,131.0,0,1,0,21,9.4,-0.8,-3.12,0,6,12,3,11.0,0,abandono
Administración,2,diurna,120.0,118.6,0,1,0,19,16.2,0.3,-0.92,0,5,8,5,10.8,0,graduado
Diseño de animación y multimedia,1,diurna,137.0,122.3,0,1,0,19,10.8,1.4,1.74,0,0,0,0,0.0,0,abandono
Gestión de publicidad y marketing,1,diurna,131.0,127.9,0,1,1,19,9.4,-0.8,-3.12,0,5,5,5,12.8,0,graduado
Enfermería veterinaria,1,diurna,130.0,121.3,0,1,0,19,15.5,2.8,-4.06,0,6,15,6,14.166666666666666,0,graduado
Higiene oral,6,diurna,122.0,117.1,0,1,0,19,13.9,-0.3,0.79,0,7,12,5,12.1,0,abandono
Enfermería veterinaria,1,diurna,160.0,160.0,0,1,0,20,12.4,0.5,1.79,1,6,7,6,14.166666666666666,0,graduado
Educación básica,1,diurna,146.0,145.3,0,1,1,18,9.4,-0.8,-3.12,0,6,8,5,12.8,0,continua_matriculado
Servicio social,3,diurna,131.0,122.6,0,1,0,18,12.4,0.5,1.79,0,6,7,6,13.0,0,graduado
Enfermería,6,diurna,132.0,128.0,0,1,0,19,12.4,0.5,1.79,0,7,7,7,13.467142857142855,0,graduado
Enfermería,3,diurna,138.0,124.9,0,1,1,18,13.9,-0.3,0.79,0,7,9,7,13.2375,0,abandono
Diseño de comunicación,2,diurna,130.0,123.7,0,1,0,18,7.6,2.6,0.32,0,6,6,6,12.333333333333334,0,graduado
Administración,4,diurna,126.0,120.1,0,1,0,19,8.9,1.4,3.51,0,5,7,5,12.4,0,graduado
Enfermería,6,diurna,148.0,131.7,0,1,0,19,13.9,-0.3,0.79,0,7,8,5,14.0,0,abandono
Servicio social,1,diurna,130.0,133.2,0,1,0,20,7.6,2.6,0.32,5,9,15,9,11.666666666666666,0,graduado
Gestión de publicidad y marketing,1,diurna,117.0,109.3,1,0,1,19,12.4,0.5,1.79,0,6,7,5,12.0,0,abandono
Gestión de publicidad y marketing,1,diurna,120.0,113.0,0,1,0,20,7.6,2.6,0.32,0,5,7,4,12.2,0,graduado
Periodismo y comunicación,1,diurna,153.0,157.9,1,1,1,18,8.9,1.4,3.51,0,6,6,6,14.833333333333334,0,graduado
Enfermería,2,diurna,117.0,112.1,0,1,1,20,11.1,0.6,2.02,0,7,9,5,13.188,0,continua_matriculado
Enfermería,1,diurna,178.0,174.7,0,1,0,18,13.9,-0.3,0.79,0,7,8,7,17.125,0,graduado
Enfermería,5,diurna,129.0,128.8,0,1,0,19,7.6,2.6,0.32,0,7,7,6,12.666666666666666,0,graduado
Periodismo y comunicación,6,diurna,116.0,110.1,0,1,1,19,12.4,0.5,1.79,0,6,8,6,12.666666666666666,0,graduado
Administración,1,diurna,99.0,99.7,1,0,0,22,8.9,1.4,3.51,0,5,8,0,0.0,0,continua_matriculado
Servicio social,3,diurna,135.0,121.0,0,1,1,19,12.4,0.5,1.79,0,6,7,6,11.333333333333334,0,graduado
Enfermería,3,diurna,141.0,131.7,0,1,1,19,15.5,2.8,-4.06,0,7,10,7,13.605,0,graduado
Educación básica,5,diurna,132.0,119.1,0,1,1,19,9.4,-0.8,-3.12,0,6,10,5,12.0,0,graduado
Turismo,4,diurna,132.0,124.7,0,1,0,19,7.6,2.6,0.32,0,5,10,0,0.0,0,abandono
Turismo,1,diurna,113.0,117.2,0,1,0,20,7.6,2.6,0.32,0,6,8,5,11.2,0,abandono
Administración,1,diurna,134.0,128.8,0,1,0,18,13.9,-0.3,0.79,0,5,10,5,13.375,0,graduado
Enfermería,1,diurna,136.0,131.5,0,1,1,20,11.1,0.6,2.02,0,7,8,6,13.863333333333337,0,graduado
Diseño de animación y multimedia,1,diurna,136.0,121.7,0,1,0,18,9.4,-0.8,-3.12,0,0,0,0,0.0,0,continua_matriculado
Enfermería veterinaria,1,diurna,129.0,123.4,0,1,0,19,7.6,2.6,0.32,0,5,6,5,12.4,0,graduado
Educación básica,1,diurna,138.0,124.7,0,1,0,18,9.4,-0.8,-3.12,0,6,11,3,12.333333333333334,0,continua_matriculado
Educación básica,1,diurna,137.0,132.8,0,1,0,18,7.6,2.6,0.32,0,6,7,6,13.333333333333334,0,graduado
Educación básica,1,diurna,115.0,108.7,0,1,0,21,9.4,-0.8,-3.12,0,6,10,3,12.666666666666666,0,abandono
Educación básica,1,diurna,129.0,138.1,0,1,0,19,7.6,2.6,0.32,0,6,8,6,12.0,0,abandono
Administración,1,diurna,131.0,126.5,0,1,1,18,12.4,0.5,1.79,0,5,5,5,10.6,0,graduado
Servicio social,2,diurna,133.0,127.4,0,1,1,18,12.7,3.7,-1.7,0,6,8,6,12.25,0,graduado
Servicio social,3,diurna,125.0,123.6,0,1,0,20,9.4,-0.8,-3.12,0,6,10,4,11.0,0,graduado
Servicio social,1,vespertina,120.0,122.0,0,1,1,24,11.1,0.6,2.02,0,6,11,5,11.0,0,graduado
Gestión de publicidad y marketing,1,diurna,128.0,118.2,0,1,0,19,10.8,1.4,1.74,0,6,6,6,13.166666666666666,0,abandono
Enfermería,1,diurna,127.0,123.9,0,1,1,18,15.5,2.8,-4.06,0,7,9,7,12.855555555555554,0,graduado
Enfermería,2,diurna,134.0,125.8,0,1,0,18,15.5,2.8,-4.06,0,7,8,7,14.91875,0,graduado
Educación básica,5,diurna,132.0,123.3,0,1,0,21,10.8,1.4,1.74,0,6,13,4,11.5,0,abandono
Gestión de publicidad y marketing,2,diurna,124.0,124.4,0,1,0,19,7.6,2.6,0.32,0,5,5,5,14.2,0,graduado
Periodismo y comunicación,1,diurna,133.1,126.0,0,1,1,19,15.5,2.8,-4.06,0,6,6,6,12.5,0,graduado
Agronomía,1,diurna,170.0,170.0,1,1,0,47,8.9,1.4,3.51,0,1,1,0,0.0,0,continua_matriculado
Servicio social,3,diurna,125.0,121.5,0,1,0,19,13.9,-0.3,0.79,0,6,10,5,11.666666666666666,0,graduado
Enfermería,1,diurna,130.0,130.0,0,1,0,29,12.7,3.7,-1.7,1,8,8,7,14.257142857142856,0,graduado
Servicio social,1,diurna,125.0,117.0,0,1,0,21,16.2,0.3,-0.92,0,6,13,3,12.0,0,abandono
Enfermería veterinaria,1,diurna,130.0,130.0,0,1,0,28,12.7,3.7,-1.7,0,5,13,4,11.25,1,continua_matriculado
Higiene oral,2,diurna,133.1,108.0,0,1,0,20,15.5,2.8,-4.06,0,7,8,7,12.457142857142856,0,graduado
Enfermería,1,diurna,131.0,132.3,0,1,0,19,7.6,2.6,0.32,0,7,7,6,11.683333333333332,0,graduado
Servicio social,1,vespertina,150.0,148.0,0,1,0,26,9.4,-0.8,-3.12,0,6,10,3,11.666666666666666,0,graduado
Turismo,2,diurna,125.0,122.6,1,0,0,20,11.1,0.6,2.02,0,6,8,4,11.75,0,abandono
Gestión de publicidad y marketing,1,diurna,131.0,123.0,0,1,1,18,7.6,2.6,0.32,0,5,6,3,11.666666666666666,0,continua_matriculado
Educación básica,1,diurna,130.0,102.5,0,1,0,27,7.6,2.6,0.32,0,6,9,5,13.2,0,graduado
Enfermería,2,diurna,123.0,113.3,0,1,0,20,7.6,2.6,0.32,0,7,8,4,11.95,0,abandono
Educación básica,5,diurna,141.0,133.0,0,1,0,18,9.4,-0.8,-3.12,0,6,8,5,12.4,0,abandono
Enfermería,1,diurna,140.0,140.0,0,1,0,33,16.2,0.3,-0.92,2,7,8,6,14.35,0,abandono
Educación básica,1,diurna,140.0,128.3,0,1,0,35,12.4,0.5,1.79,19,21,21,21,12.61904761904762,0,graduado
Administración,1,vespertina,140.0,140.0,0,1,1,26,9.4,-0.8,-3.12,2,6,7,6,12.666666666666666,0,continua_matriculado
Periodismo y comunicación,1,diurna,133.1,104.0,1,0,0,27,11.1,0.6,2.02,0,6,6,5,12.0,0,abandono
Diseño de comunicación,3,diurna,131.0,122.3,0,0,0,19,15.5,2.8,-4.06,0,6,6,6,12.166666666666666,0,abandono
Turismo,2,diurna,143.0,135.0,0,1,0,20,11.1,0.6,2.02,0,6,0,0,0.0,0,abandono
Administración,2,diurna,132.0,119.1,1,0,0,20,10.8,1.4,1.74,0,5,9,3,10.0,0,abandono
Servicio social,1,diurna,143.0,126.6,1,0,0,21,9.4,-0.8,-3.12,5,10,18,8,11.5,0,continua_matriculado
Enfermería,3,diurna,141.0,129.0,0,1,1,18,7.6,2.6,0.32,0,7,7,6,13.05,0,graduado
Enfermería veterinaria,1,diurna,133.1,162.3,0,1,0,24,8.9,1.4,3.51,0,6,10,2,11.0,0,abandono
Diseño de comunicación,4,diurna,148.0,163.4,0,1,0,20,16.2,0.3,-0.92,0,6,7,6,11.5,0,graduado
Turismo,1,diurna,125.0,121.5,0,1,1,21,13.9,-0.3,0.79,0,6,7,6,12.0,0,graduado
Servicio social,1,vespertina,120.0,122.8,0,1,0,23,9.4,-0.8,-3.12,0,6,13,2,10.0,0,continua_matriculado
Administración,1,diurna,140.0,118.0,0,1,0,24,7.6,2.6,0.32,0,5,5,0,0.0,0,abandono
Educación básica,1,diurna,139.0,134.0,0,1,0,21,12.4,0.5,1.79,0,6,0,0,0.0,0,abandono
Enfermería,4,diurna,142.0,129.8,0,1,0,18,12.7,3.7,-1.7,0,8,8,7,12.242857142857144,0,graduado
Administración,1,vespertina,130.0,152.0,0,1,0,27,8.9,1.4,3.51,0,5,0,0,0.0,0,abandono
Enfermería,6,diurna,126.0,122.8,0,1,0,18,9.4,-0.8,-3.12,0,8,8,8,12.93375,0,graduado
Ingeniería informática,1,diurna,150.0,150.0,0,1,0,35,13.9,-0.3,0.79,0,5,0,0,0.0,0,abandono
Educación básica,1,diurna,130.0,131.8,0,1,0,18,11.1,0.6,2.02,0,7,9,7,12.571428571428571,0,graduado
Enfermería,1,diurna,120.0,105.9,0,1,0,35,11.1,0.6,2.02,0,3,4,3,11.816666666666668,0,continua_matriculado
Enfermería veterinaria,1,diurna,138.0,132.1,0,1,0,19,10.8,1.4,1.74,0,5,9,4,13.75,0,graduado
Servicio social,4,diurna,127.0,127.4,0,1,0,20,7.6,2.6,0.32,0,6,8,6,11.166666666666666,0,graduado
Enfermería,4,diurna,140.0,129.5,0,1,0,18,10.8,1.4,1.74,0,8,8,7,12.324285714285711,0,graduado
Servicio social,1,diurna,130.0,126.7,1,1,0,21,13.9,-0.3,0.79,3,6,6,6,12.166666666666666,0,graduado
Servicio social,2,diurna,128.0,116.5,0,1,1,18,16.2,0.3,-0.92,0,6,11,5,11.142857142857142,0,graduado
Servicio social,1,diurna,132.0,119.1,0,1,0,18,7.6,2.6,0.32,0,6,9,4,11.0,0,graduado
Enfermería,2,diurna,149.0,126.5,0,1,0,18,12.7,3.7,-1.7,0,8,8,7,12.914285714285713,0,graduado
Periodismo y comunicación,4,diurna,155.0,149.8,0,1,1,18,16.2,0.3,-0.92,0,6,6,6,13.833333333333334,0,graduado
Enfermería veterinaria,1,diurna,120.0,115.1,0,1,0,19,13.9,-0.3,0.79,0,6,8,6,13.857142857142858,0,graduado
Turismo,1,diurna,133.1,124.5,0,1,1,36,16.2,0.3,-0.92,0,6,7,6,13.714285714285714,0,abandono
Enfermería,2,diurna,131.0,128.3,0,1,1,18,12.7,3.7,-1.7,0,8,8,7,12.642857142857142,0,graduado
Enfermería,1,diurna,149.0,136.0,0,1,1,18,7.6,2.6,0.32,0,7,7,6,12.916666666666666,0,graduado
Equinocultura,1,diurna,140.0,140.0,0,1,1,20,13.9,-0.3,0.79,0,6,8,6,15.625,0,graduado
Administración,1,vespertina,133.1,126.3,0,1,1,26,16.2,0.3,-0.92,0,5,7,0,0.0,0,abandono
Periodismo y comunicación,1,diurna,122.0,126.9,0,1,0,21,7.6,2.6,0.32,0,6,8,6,11.714285714285714,0,graduado
Higiene oral,1,diurna,130.0,145.0,0,1,0,25,15.5,2.8,-4.06,0,7,10,6,12.125,0,continua_matriculado
Administración,1,diurna,121.0,115.8,0,1,1,19,12.4,0.5,1.79,0,5,7,5,11.6,0,graduado
Servicio social,1,vespertina,120.0,100.0,0,1,0,24,9.4,-0.8,-3.12,0,6,11,1,10.0,0,abandono
Servicio social,1,vespertina,133.1,102.5,0,1,1,27,8.9,1.4,3.51,0,6,16,1,10.0,0,abandono
Enfermería veterinaria,1,diurna,121.0,131.5,0,1,0,21,7.6,2.6,0.32,0,5,10,0,0.0,1,abandono
Administración,1,diurna,133.0,147.0,0,1,1,18,9.4,-0.8,-3.12,0,5,7,4,13.0,0,graduado
Educación básica,4,diurna,134.0,122.5,0,1,1,19,10.8,1.4,1.74,0,6,6,6,13.333333333333334,0,graduado
Turismo,3,diurna,115.0,117.5,0,1,0,18,9.4,-0.8,-3.12,0,6,9,4,11.25,0,abandono
Enfermería,1,diurna,127.0,150.0,0,1,1,19,11.1,0.6,2.02,0,7,9,5,13.85,0,graduado
Enfermería,1,diurna,135.0,127.5,0,1,1,19,16.2,0.3,-0.92,0,7,8,6,13.741666666666667,0,graduado
Administración,1,vespertina,140.0,140.0,0,1,0,33,11.1,0.6,2.02,2,6,7,6,15.333333333333334,0,graduado
Administración,1,diurna,130.0,130.0,0,1,0,45,12.4,0.5,1.79,0,5,6,5,11.0,0,graduado
Servicio social,1,diurna,135.0,133.3,0,1,1,20,11.1,0.6,2.02,0,6,6,6,12.0,0,graduado
Gestión de publicidad y marketing,2,diurna,140.0,97.0,0,1,0,28,7.6,2.6,0.32,0,5,5,0,0.0,0,abandono
Enfermería,1,diurna,120.0,112.0,0,1,1,19,12.7,3.7,-1.7,0,8,15,7,11.571428571428571,0,graduado
Turismo,2,diurna,140.0,123.6,0,1,0,18,12.7,3.7,-1.7,0,6,10,6,12.857142857142858,0,graduado
Turismo,1,diurna,133.1,130.5,0,1,0,38,15.5,2.8,-4.06,0,6,0,0,0.0,0,abandono
Gestión de publicidad y marketing,2,diurna,135.0,133.3,0,1,0,19,9.4,-0.8,-3.12,0,5,5,5,13.0,0,graduado
Turismo,1,diurna,123.0,132.1,0,1,1,21,15.5,2.8,-4.06,0,6,9,5,11.0,0,graduado
Administración,1,diurna,133.1,100.0,0,1,0,21,16.2,0.3,-0.92,0,5,12,3,12.0,0,abandono
Servicio social,1,diurna,154.0,140.4,0,1,1,22,10.8,1.4,1.74,0,6,6,5,12.6,0,graduado
Educación básica,1,diurna,148.0,141.7,0,1,1,18,9.4,-0.8,-3.12,0,6,8,5,13.4,0,graduado
Servicio social,2,diurna,133.0,119.7,0,1,1,18,15.5,2.8,-4.06,0,6,9,6,11.333333333333334,0,graduado
Equinocultura,1,diurna,126.0,122.5,0,0,0,25,9.4,-0.8,-3.12,0,5,14,4,13.5,2,abandono
Enfermería veterinaria,1,diurna,133.1,140.0,1,0,0,24,16.2,0.3,-0.92,2,6,11,3,11.75,0,abandono
Enfermería,3,diurna,125.0,119.4,0,1,0,19,12.4,0.5,1.79,0,7,10,6,12.471428571428572,0,continua_matriculado
Diseño de animación y multimedia,1,diurna,145.0,155.0,0,1,0,24,12.4,0.5,1.79,11,17,19,11,12.909090909090908,0,continua_matriculado
Administración,2,diurna,118.0,119.1,0,1,1,20,12.4,0.5,1.79,0,5,5,5,11.6,0,graduado
Administración,1,diurna,120.0,122.7,0,0,0,25,10.8,1.4,1.74,0,5,5,0,0.0,0,abandono
Administración,1,diurna,127.0,117.9,0,1,1,20,8.9,1.4,3.51,5,10,13,9,12.9,0,graduado
Enfermería,1,diurna,130.0,130.0,0,1,0,23,9.4,-0.8,-3.12,0,8,8,8,13.22,0,graduado
Enfermería,3,diurna,129.0,120.0,0,1,1,19,10.8,1.4,1.74,0,8,8,7,13.151428571428571,0,graduado
Agronomía,1,diurna,130.0,130.0,1,0,0,29,13.9,-0.3,0.79,0,6,13,3,12.75,0,abandono
Turismo,3,diurna,121.0,116.8,0,1,0,21,11.1,0.6,2.02,0,6,8,6,11.333333333333334,0,graduado
Gestión de publicidad y marketing,1,diurna,136.0,123.4,0,1,1,18,11.1,0.6,2.02,0,6,10,6,13.25,0,graduado
Diseño de comunicación,3,diurna,125.0,125.4,0,1,0,19,9.4,-0.8,-3.12,0,6,7,5,12.4,0,continua_matriculado
Periodismo y comunicación,3,diurna,131.0,127.2,0,1,1,18,8.9,1.4,3.51,0,6,6,6,15.0,0,abandono
Enfermería veterinaria,1,diurna,122.0,103.4,0,1,0,19,7.6,2.6,0.32,0,5,6,5,14.4,0,graduado
Periodismo y comunicación,1,diurna,127.0,123.2,0,1,0,18,9.4,-0.8,-3.12,0,6,12,1,11.0,0,continua_matriculado
Administración,1,diurna,136.0,124.1,0,1,0,18,8.9,1.4,3.51,0,5,8,5,12.4,0,graduado
Higiene oral,1,diurna,133.1,99.5,1,0,1,37,8.9,1.4,3.51,0,7,13,1,16.0,0,abandono
Administración,1,vespertina,127.0,124.9,0,1,0,29,16.2,0.3,-0.92,0,5,10,5,13.571428571428571,0,graduado
Diseño de comunicación,3,diurna,116.0,110.8,0,1,0,18,7.6,2.6,0.32,0,6,6,6,11.833333333333334,0,continua_matriculado
Servicio social,1,diurna,121.0,118.9,0,1,1,19,12.4,0.5,1.79,0,6,8,5,11.666666666666666,0,graduado
Servicio social,1,diurna,124.0,118.8,1,0,0,22,16.2,0.3,-0.92,6,10,16,6,11.833333333333334,0,abandono
Turismo,1,diurna,131.0,137.0,0,1,1,20,15.5,2.8,-4.06,0,6,8,6,11.166666666666666,0,graduado
Servicio social,1,vespertina,100.0,100.0,0,1,0,34,12.7,3.7,-1.7,0,6,0,0,0.0,0,abandono
Ingeniería informática,1,diurna,130.0,120.0,1,0,0,30,7.6,2.6,0.32,8,12,17,8,11.75,0,abandono
Servicio social,1,diurna,135.0,122.8,0,1,0,18,10.8,1.4,1.74,0,6,7,6,14.0,0,graduado
Servicio social,1,diurna,130.0,121.6,0,1,0,18,12.4,0.5,1.79,0,6,6,6,12.833333333333334,0,graduado
Periodismo y comunicación,2,diurna,146.0,149.2,0,1,0,18,9.4,-0.8,-3.12,0,6,11,4,12.25,0,graduado
Enfermería,4,diurna,146.0,140.0,0,1,0,18,12.7,3.7,-1.7,0,8,8,7,14.828571428571427,0,graduado
Periodismo y comunicación,2,diurna,154.0,133.4,0,1,1,19,12.7,3.7,-1.7,0,6,7,5,11.4,0,graduado
Diseño de comunicación,1,diurna,137.0,126.2,0,1,1,19,10.8,1.4,1.74,0,6,6,6,13.0,0,graduado
Enfermería,5,diurna,151.0,127.8,0,1,1,18,12.7,3.7,-1.7,0,8,8,7,13.671428571428573,0,graduado
Agronomía,1,diurna,150.0,150.0,0,1,1,21,13.9,-0.3,0.79,0,6,9,6,12.666666666666666,0,graduado
Administración,2,diurna,121.0,113.7,0,0,0,20,7.6,2.6,0.32,0,5,10,2,10.0,0,abandono
Administración,1,diurna,122.0,117.8,0,1,0,20,13.9,-0.3,0.79,0,5,10,5,13.5,0,graduado
Enfermería,1,diurna,143.0,136.7,0,1,0,19,11.1,0.6,2.02,2,7,8,7,12.67,0,graduado
Servicio social,1,diurna,152.0,144.7,0,1,0,20,16.2,0.3,-0.92,0,6,8,6,14.5,0,graduado
Enfermería,3,diurna,145.0,139.8,0,1,0,18,13.9,-0.3,0.79,0,7,7,7,13.685714285714283,0,graduado
Educación básica,1,diurna,120.0,113.7,0,1,0,20,12.7,3.7,-1.7,0,6,8,5,11.0,0,abandono
Equinocultura,1,diurna,140.0,140.0,1,0,0,29,7.6,2.6,0.32,7,9,16,7,11.555555555555555,4,abandono
Enfermería,1,diurna,143.0,142.3,0,1,1,18,12.4,0.5,1.79,0,7,7,7,13.79714285714286,0,continua_matriculado
Enfermería,1,diurna,129.0,119.6,0,1,1,20,15.5,2.8,-4.06,0,7,8,7,14.00375,0,graduado
Administración,2,diurna,139.0,123.7,0,1,1,22,16.2,0.3,-0.92,0,5,8,4,12.0,0,graduado
Servicio social,1,vespertina,133.1,143.0,0,1,1,47,16.2,0.3,-0.92,0,6,9,5,14.166666666666666,0,graduado
Administración,1,vespertina,127.0,100.1,0,1,0,31,8.9,1.4,3.51,1,5,5,5,14.0,0,graduado
Diseño de comunicación,1,diurna,126.0,119.4,0,1,1,21,16.2,0.3,-0.92,0,6,7,5,13.8,0,graduado
Servicio social,1,vespertina,128.0,122.1,0,1,0,21,7.6,2.6,0.32,0,6,8,5,12.8,0,graduado
Periodismo y comunicación,1,diurna,100.0,100.0,0,1,0,24,7.6,2.6,0.32,0,6,6,6,12.166666666666666,0,graduado
Diseño de comunicación,1,diurna,123.0,113.9,0,1,0,18,15.5,2.8,-4.06,0,6,8,6,12.5,0,continua_matriculado
Servicio social,1,vespertina,170.0,101.0,0,1,0,32,7.6,2.6,0.32,0,6,9,4,12.0,0,graduado
Servicio social,2,vespertina,117.0,111.8,0,1,1,19,10.8,1.4,1.74,0,6,8,6,10.833333333333334,0,graduado
Enfermería,1,diurna,140.0,140.0,0,1,0,24,9.4,-0.8,-3.12,0,8,8,8,13.385,0,graduado
Enfermería veterinaria,4,diurna,123.0,124.4,0,1,0,19,15.5,2.8,-4.06,0,6,14,6,15.666666666666666,0,graduado
Agronomía,1,diurna,150.0,150.0,1,1,1,19,13.9,-0.3,0.79,0,6,9,6,14.333333333333334,0,graduado
Agronomía,1,diurna,140.0,140.0,0,1,0,24,12.4,0.5,1.79,0,6,10,6,11.428571428571429,0,continua_matriculado
Servicio social,4,diurna,123.0,116.0,0,1,1,18,8.9,1.4,3.51,0,6,9,6,11.666666666666666,0,graduado
Diseño de comunicación,1,diurna,130.0,135.6,0,1,1,19,8.9,1.4,3.51,0,6,9,5,12.0,0,abandono
Enfermería,1,diurna,137.0,121.0,0,1,1,19,10.8,1.4,1.74,0,8,8,7,14.725714285714288,0,graduado
Periodismo y comunicación,2,diurna,126.0,118.7,0,1,1,18,12.4,0.5,1.79,0,6,6,6,14.166666666666666,0,graduado
Servicio social,1,diurna,125.0,125.7,0,1,0,18,12.4,0.5,1.79,0,6,10,6,11.571428571428571,0,graduado
Higiene oral,4,diurna,112.0,107.1,0,1,0,20,12.4,0.5,1.79,0,7,7,7,12.5,0,graduado
Enfermería,1,diurna,141.0,125.5,0,1,0,18,9.4,-0.8,-3.12,0,8,10,8,12.86,2,graduado
Gestión de publicidad y marketing,4,diurna,135.0,127.0,0,1,0,18,11.1,0.6,2.02,0,6,10,6,12.25,0,graduado
Enfermería veterinaria,2,diurna,117.0,113.5,0,1,1,21,10.8,1.4,1.74,0,5,7,4,12.0,0,graduado
Enfermería,1,diurna,160.0,154.4,0,1,1,18,15.5,2.8,-4.06,0,7,9,7,15.116666666666667,0,graduado
Gestión de publicidad y marketing,1,diurna,136.0,122.0,1,0,0,18,9.4,-0.8,-3.12,0,5,6,2,12.5,0,abandono
Servicio social,2,diurna,143.0,128.0,0,1,0,19,9.4,-0.8,-3.12,0,6,11,0,0.0,0,abandono
Gestión de publicidad y marketing,1,diurna,119.0,115.5,0,1,0,19,10.8,1.4,1.74,0,6,8,4,11.0,0,continua_matriculado
Gestión de publicidad y marketing,4,diurna,120.0,117.2,0,1,0,18,11.1,0.6,2.02,0,6,8,6,11.875,0,graduado
Equinocultura,1,diurna,150.0,150.0,0,1,0,34,12.7,3.7,-1.7,1,5,6,1,11.0,0,abandono
Enfermería veterinaria,3,diurna,142.0,155.3,0,1,0,19,7.6,2.6,0.32,0,5,5,5,15.2,0,graduado
Equinocultura,1,diurna,120.0,120.0,1,0,0,19,12.4,0.5,1.79,2,6,7,5,11.6,0,abandono
Servicio social,1,diurna,160.0,116.1,1,1,0,26,11.1,0.6,2.02,0,6,6,6,14.833333333333334,0,graduado
Educación básica,1,diurna,133.1,118.9,0,1,0,21,7.6,2.6,0.32,0,6,12,3,11.333333333333334,0,abandono
Administración,2,diurna,142.0,127.3,0,1,1,18,11.1,0.6,2.02,0,5,5,5,11.2,0,graduado
Educación básica,4,diurna,121.0,113.7,0,1,1,20,9.4,-0.8,-3.12,0,6,8,5,13.4,0,graduado
Administración,1,diurna,135.0,118.5,0,1,0,25,11.1,0.6,2.02,0,5,12,2,10.5,0,abandono
Administración,1,diurna,153.0,146.7,0,1,0,18,11.1,0.6,2.02,0,5,5,5,16.2,0,graduado
Enfermería,1,diurna,140.0,124.3,0,1,1,18,16.2,0.3,-0.92,0,7,7,7,14.542857142857144,0,graduado
Enfermería,1,diurna,152.0,137.8,0,1,0,19,11.1,0.6,2.02,0,7,7,7,13.694285714285714,0,graduado
Servicio social,1,diurna,120.0,130.2,0,1,1,18,12.4,0.5,1.79,0,6,8,6,11.285714285714286,0,graduado
Enfermería,1,diurna,160.0,147.8,0,1,0,20,15.5,2.8,-4.06,0,7,11,6,11.757142857142856,0,continua_matriculado
Enfermería veterinaria,1,diurna,150.0,150.0,1,0,0,26,8.9,1.4,3.51,0,3,3,0,0.0,0,abandono
Enfermería,1,diurna,100.0,100.0,0,1,1,19,10.8,1.4,1.74,0,8,8,7,13.058571428571428,0,graduado
Enfermería,1,diurna,150.0,155.6,0,1,0,19,16.2,0.3,-0.92,0,7,7,7,14.3,0,graduado
Administración,4,diurna,124.0,117.4,0,1,0,19,7.6,2.6,0.32,3,10,15,5,11.8,0,graduado
Enfermería veterinaria,3,diurna,141.0,128.8,0,1,0,19,7.6,2.6,0.32,0,5,9,3,10.333333333333334,1,continua_matriculado
Turismo,1,diurna,121.0,117.5,0,1,0,18,16.2,0.3,-0.92,0,6,7,6,10.571428571428571,0,graduado
Enfermería,1,diurna,134.0,120.4,0,1,0,19,7.6,2.6,0.32,0,7,7,6,13.333333333333334,0,graduado
Servicio social,1,diurna,134.0,130.9,1,1,0,18,13.9,-0.3,0.79,0,6,10,6,11.857142857142858,0,graduado
Educación básica,1,diurna,132.0,125.0,0,1,0,18,9.4,-0.8,-3.12,0,6,9,5,12.6,0,continua_matriculado
Enfermería veterinaria,1,diurna,135.0,136.8,0,1,0,18,9.4,-0.8,-3.12,0,5,11,5,14.0,3,continua_matriculado
Educación básica,1,diurna,123.0,121.6,0,1,0,18,11.1,0.6,2.02,0,7,12,5,12.0,0,continua_matriculado
Ingeniería informática,1,diurna,151.0,151.0,1,1,0,26,16.2,0.3,-0.92,0,5,6,0,0.0,0,abandono
Servicio social,1,diurna,107.0,103.5,0,1,0,20,12.4,0.5,1.79,0,6,7,6,12.0,0,graduado
Servicio social,1,vespertina,126.0,119.4,0,1,0,19,12.7,3.7,-1.7,0,6,6,6,12.666666666666666,0,graduado
Servicio social,1,diurna,133.0,134.4,0,1,1,18,9.4,-0.8,-3.12,0,6,6,6,12.166666666666666,0,graduado
Servicio social,1,diurna,140.0,143.0,0,1,0,19,13.9,-0.3,0.79,3,6,6,6,13.333333333333334,0,graduado
Educación básica,1,diurna,110.0,110.0,1,1,0,40,12.4,0.5,1.79,0,7,8,7,15.0,0,graduado
Enfermería,4,diurna,141.0,132.5,0,1,1,18,9.4,-0.8,-3.12,0,8,8,8,13.39125,0,graduado
Servicio social,1,diurna,122.0,114.7,0,1,0,19,13.9,-0.3,0.79,0,6,9,5,12.166666666666666,0,graduado
Equinocultura,1,diurna,156.0,166.9,0,1,0,18,7.6,2.6,0.32,0,5,9,4,11.25,0,graduado
Enfermería veterinaria,1,diurna,129.0,125.9,0,1,0,19,9.4,-0.8,-3.12,0,5,13,4,12.0,2,continua_matriculado
Diseño de animación y multimedia,1,diurna,188.0,178.3,0,1,0,18,15.5,2.8,-4.06,0,0,0,0,0.0,0,abandono
Servicio social,1,vespertina,120.0,117.0,0,1,0,33,12.4,0.5,1.79,0,6,7,6,12.833333333333334,0,graduado
Agronomía,1,diurna,130.0,150.0,0,1,0,35,16.2,0.3,-0.92,0,6,10,6,14.0,0,graduado
Administración,1,diurna,130.0,130.0,0,1,0,26,9.4,-0.8,-3.12,3,5,5,4,13.0,0,continua_matriculado
Periodismo y comunicación,1,diurna,140.0,135.1,0,1,0,18,9.4,-0.8,-3.12,0,6,7,6,13.5,0,graduado
Servicio social,1,diurna,110.0,110.0,0,1,0,36,15.5,2.8,-4.06,10,16,24,13,10.692307692307692,1,continua_matriculado
Administración,1,vespertina,133.1,136.2,0,1,0,39,10.8,1.4,1.74,0,5,6,5,11.0,0,graduado
Servicio social,1,diurna,120.0,116.0,0,1,0,44,12.7,3.7,-1.7,0,6,8,6,13.0,0,graduado
Servicio social,2,vespertina,96.0,100.0,0,1,0,20,9.4,-0.8,-3.12,0,6,10,5,12.0,0,continua_matriculado
Turismo,1,diurna,117.0,116.3,0,1,0,24,12.7,3.7,-1.7,0,6,9,4,12.6,0,abandono
Periodismo y comunicación,1,diurna,123.0,134.0,0,1,1,20,12.4,0.5,1.79,0,6,6,6,13.666666666666666,0,graduado
Diseño de animación y multimedia,4,diurna,127.0,124.2,0,0,0,19,9.4,-0.8,-3.12,0,0,0,0,0.0,0,abandono
Enfermería,1,diurna,151.0,134.5,1,1,1,18,7.6,2.6,0.32,0,7,7,6,14.2,0,graduado
Turismo,1,diurna,127.0,120.7,1,0,0,22,10.8,1.4,1.74,0,6,10,5,11.0,0,abandono
Enfermería veterinaria,1,diurna,133.0,127.1,0,1,0,18,11.1,0.6,2.02,0,6,7,6,15.0,0,graduado
Enfermería,1,diurna,133.1,133.0,0,1,0,24,13.9,-0.3,0.79,0,7,9,6,12.585714285714284,0,graduado
Administración,1,vespertina,133.1,128.2,0,1,0,33,12.7,3.7,-1.7,0,5,0,0,0.0,0,abandono
Agronomía,1,diurna,133.1,130.0,1,1,1,30,11.1,0.6,2.02,0,6,6,0,0.0,0,continua_matriculado
Enfermería veterinaria,1,diurna,160.0,172.0,0,1,0,26,8.9,1.4,3.51,0,6,0,0,0.0,0,abandono
Educación básica,4,diurna,140.0,128.5,0,1,0,18,10.8,1.4,1.74,0,6,7,6,11.666666666666666,0,graduado
Periodismo y comunicación,1,diurna,146.0,128.5,1,1,0,19,10.8,1.4,1.74,0,6,13,3,12.666666666666666,0,abandono
Administración,4,diurna,112.0,112.0,0,1,0,20,16.2,0.3,-0.92,0,5,10,3,10.333333333333334,0,continua_matriculado
Enfermería veterinaria,1,diurna,140.0,142.5,0,1,1,22,8.9,1.4,3.51,7,11,18,8,13.5,0,graduado
Enfermería,4,diurna,136.0,133.0,0,1,0,19,7.6,2.6,0.32,0,7,8,5,13.98,0,continua_matriculado
Enfermería veterinaria,1,diurna,133.1,106.0,0,1,1,21,15.5,2.8,-4.06,0,6,13,6,16.153846153846153,0,graduado
Enfermería,4,diurna,136.0,125.5,0,1,1,21,7.6,2.6,0.32,0,7,7,6,14.033333333333331,0,graduado
Enfermería veterinaria,1,diurna,134.0,131.2,0,1,0,19,7.6,2.6,0.32,0,5,8,1,11.0,0,continua_matriculado
Educación básica,1,diurna,122.0,112.9,0,1,1,19,8.9,1.4,3.51,0,7,8,7,13.857142857142858,0,graduado
Enfermería,6,diurna,138.0,124.8,0,1,0,18,12.7,3.7,-1.7,0,8,8,7,13.414285714285716,0,abandono
Servicio social,1,vespertina,160.0,140.9,0,1,0,50,16.2,0.3,-0.92,7,11,11,11,13.545454545454543,0,graduado
Administración,1,vespertina,130.0,148.0,0,1,1,31,13.9,-0.3,0.79,0,5,11,4,11.25,0,continua_matriculado
Periodismo y comunicación,1,diurna,161.0,148.4,0,1,1,19,15.5,2.8,-4.06,0,6,6,6,13.833333333333334,0,graduado
Administración,1,vespertina,140.0,129.7,0,1,0,35,13.9,-0.3,0.79,0,5,8,5,12.0,0,graduado
Enfermería veterinaria,1,diurna,133.1,128.2,0,1,0,31,12.7,3.7,-1.7,0,6,0,0,0.0,0,abandono
Servicio social,1,vespertina,133.1,104.0,1,1,0,42,11.1,0.6,2.02,5,11,14,10,11.9,0,continua_matriculado
Administración,4,diurna,130.0,119.9,0,0,0,34,9.4,-0.8,-3.12,0,5,5,0,0.0,0,abandono
Enfermería,1,diurna,152.0,141.0,0,1,1,18,12.4,0.5,1.79,0,7,7,7,15.135714285714286,0,graduado
Educación básica,1,diurna,125.0,116.6,0,0,1,18,8.9,1.4,3.51,0,7,7,7,12.285714285714286,0,continua_matriculado
Enfermería veterinaria,1,diurna,140.0,140.0,0,1,0,21,16.2,0.3,-0.92,2,6,16,5,12.666666666666666,0,continua_matriculado
Enfermería,1,diurna,133.1,140.0,0,1,1,26,16.2,0.3,-0.92,0,7,13,5,12.74,0,abandono
Enfermería,1,diurna,170.0,100.0,0,1,0,20,13.9,-0.3,0.79,0,7,8,6,13.25,0,continua_matriculado
Servicio social,1,diurna,135.0,121.0,0,1,0,19,7.6,2.6,0.32,0,6,13,3,10.333333333333334,0,continua_matriculado
Educación básica,1,diurna,125.0,117.0,0,1,1,19,15.5,2.8,-4.06,0,6,7,6,13.428571428571429,0,graduado
Administración,1,diurna,140.0,140.2,0,1,0,20,8.9,1.4,3.51,6,11,19,9,12.555555555555555,0,graduado
Servicio social,1,diurna,124.0,129.3,0,1,0,19,7.6,2.6,0.32,0,6,8,6,11.5,0,graduado
Educación básica,1,diurna,140.0,145.3,0,1,0,18,7.6,2.6,0.32,0,6,6,6,13.666666666666666,0,graduado
Administración,1,vespertina,130.0,146.2,0,1,0,28,10.8,1.4,1.74,10,14,16,11,11.272727272727272,0,graduado
Educación básica,1,diurna,134.0,122.5,0,1,0,22,15.5,2.8,-4.06,0,6,10,5,13.166666666666666,0,continua_matriculado
Servicio social,1,vespertina,160.0,156.1,0,1,1,21,13.9,-0.3,0.79,3,6,6,6,14.666666666666666,0,graduado
Enfermería veterinaria,1,diurna,140.0,140.0,0,1,0,21,12.4,0.5,1.79,0,6,11,4,12.75,0,continua_matriculado
Enfermería,1,diurna,150.0,140.0,0,1,0,26,16.2,0.3,-0.92,0,7,11,5,11.2,0,continua_matriculado
Periodismo y comunicación,6,diurna,141.0,128.4,1,0,0,18,7.6,2.6,0.32,0,6,8,5,13.0,0,abandono
Enfermería veterinaria,2,diurna,120.0,115.0,0,0,0,20,7.6,2.6,0.32,0,5,8,2,10.5,0,abandono
Enfermería veterinaria,2,diurna,166.0,158.7,0,1,0,18,11.1,0.6,2.02,0,6,7,6,14.857142857142858,0,graduado
Enfermería,4,diurna,147.0,124.5,0,1,1,19,10.8,1.4,1.74,0,8,11,7,12.86,0,graduado
Servicio social,1,diurna,121.0,111.9,0,1,0,20,12.4,0.5,1.79,5,11,12,11,11.727272727272728,0,graduado
Enfermería veterinaria,1,diurna,150.0,150.0,0,1,1,22,13.9,-0.3,0.79,3,6,11,6,13.142857142857142,0,graduado
Gestión de publicidad y marketing,1,diurna,124.0,114.2,1,1,0,18,10.8,1.4,1.74,0,6,6,5,11.8,0,abandono
Administración,1,diurna,96.0,96.0,0,1,0,19,16.2,0.3,-0.92,0,5,10,3,10.666666666666666,0,abandono
Diseño de comunicación,4,diurna,125.0,128.9,0,1,1,18,8.9,1.4,3.51,0,6,9,5,11.6,0,continua_matriculado
Turismo,1,diurna,136.0,121.7,0,1,0,20,10.8,1.4,1.74,0,6,13,3,10.333333333333334,0,continua_matriculado
Periodismo y comunicación,1,diurna,120.0,114.8,0,1,0,19,7.6,2.6,0.32,0,6,11,4,12.25,0,continua_matriculado
Turismo,1,diurna,128.0,127.0,0,1,0,19,12.4,0.5,1.79,0,6,6,6,12.0,0,continua_matriculado
Enfermería,1,diurna,142.0,131.3,0,1,0,19,10.8,1.4,1.74,0,8,8,7,14.731428571428571,0,graduado
Diseño de animación y multimedia,1,diurna,135.0,137.1,0,1,0,18,12.7,3.7,-1.7,0,0,0,0,0.0,0,graduado
Diseño de comunicación,1,diurna,120.0,120.0,0,1,0,21,13.9,-0.3,0.79,9,13,14,13,13.615384615384617,1,graduado
Administración,1,vespertina,140.0,139.0,0,1,0,27,8.9,1.4,3.51,0,5,5,5,15.8,0,graduado
Servicio social,1,diurna,135.0,129.1,0,1,0,19,15.5,2.8,-4.06,0,6,6,6,14.666666666666666,0,graduado
Enfermería veterinaria,1,diurna,133.1,128.2,0,1,0,25,7.6,2.6,0.32,0,5,5,0,0.0,0,abandono
Enfermería,2,diurna,137.0,120.8,0,1,1,18,10.8,1.4,1.74,0,8,8,7,14.654285714285717,0,graduado
Enfermería,1,diurna,122.0,135.8,0,1,0,24,10.8,1.4,1.74,0,8,8,7,12.401428571428571,0,graduado
Enfermería,3,diurna,128.0,118.9,0,1,0,20,13.9,-0.3,0.79,0,7,8,7,11.5875,0,graduado
Administración,1,vespertina,140.0,140.0,0,1,0,26,12.4,0.5,1.79,3,5,5,5,14.0,0,graduado
Servicio social,1,diurna,132.0,127.1,0,1,1,20,8.9,1.4,3.51,0,6,9,6,12.333333333333334,0,graduado
Enfermería veterinaria,1,diurna,131.0,137.0,0,1,0,18,7.6,2.6,0.32,0,5,5,5,14.0,0,graduado
Enfermería veterinaria,1,diurna,126.0,127.4,0,1,0,19,15.5,2.8,-4.06,0,6,13,6,15.23076923076923,0,graduado
Educación básica,1,diurna,133.1,97.0,0,1,0,23,12.7,3.7,-1.7,0,6,9,5,11.6,0,abandono
Enfermería,4,diurna,136.0,126.3,0,1,1,18,7.6,2.6,0.32,0,7,7,6,11.6,0,graduado
Enfermería,4,diurna,140.0,127.5,0,1,0,18,12.7,3.7,-1.7,0,7,0,0,0.0,0,abandono
Enfermería,1,diurna,135.0,126.6,0,1,1,19,11.1,0.6,2.02,0,7,7,7,12.901428571428571,0,graduado
Administración,1,vespertina,160.0,120.0,0,1,0,30,7.6,2.6,0.32,4,7,9,7,14.142857142857142,0,graduado
Enfermería veterinaria,1,diurna,140.0,140.0,0,1,0,29,15.5,2.8,-4.06,0,6,0,0,0.0,0,abandono
Enfermería,6,diurna,140.0,131.5,0,1,0,19,9.4,-0.8,-3.12,0,8,8,8,13.25375,0,graduado
Higiene oral,6,diurna,115.0,112.2,0,1,0,20,12.4,0.5,1.79,0,7,7,7,13.785714285714286,0,graduado
Enfermería,1,diurna,144.0,150.5,0,1,0,20,7.6,2.6,0.32,0,7,7,6,13.916666666666666,0,graduado
Gestión de publicidad y marketing,4,diurna,128.0,121.0,0,1,0,19,11.1,0.6,2.02,0,6,8,6,13.5,0,graduado
Administración,1,diurna,116.0,112.2,0,1,0,20,10.8,1.4,1.74,0,5,8,3,11.333333333333334,0,continua_matriculado
Enfermería veterinaria,2,diurna,135.0,129.4,0,1,0,21,10.8,1.4,1.74,0,5,8,0,0.0,4,abandono
Gestión de publicidad y marketing,1,diurna,121.0,114.4,0,1,0,19,11.1,0.6,2.02,0,6,10,5,11.5,0,graduado
Enfermería,3,diurna,134.0,120.3,0,1,1,18,10.8,1.4,1.74,0,8,8,7,12.082857142857142,0,graduado
Servicio social,1,vespertina,120.0,120.0,0,1,1,27,15.5,2.8,-4.06,0,6,8,6,11.833333333333334,0,graduado
Administración,2,diurna,125.0,114.5,0,1,1,19,12.4,0.5,1.79,0,5,6,5,13.4,0,graduado
Enfermería,1,diurna,141.0,127.8,0,1,1,19,7.6,2.6,0.32,0,7,7,0,0.0,2,abandono
Periodismo y comunicación,1,diurna,140.0,124.6,0,1,0,19,15.5,2.8,-4.06,0,6,7,5,14.2,0,graduado
Enfermería,6,diurna,144.0,130.3,0,1,1,18,12.7,3.7,-1.7,0,8,8,7,13.814285714285717,0,graduado
Turismo,1,diurna,122.0,118.2,0,1,1,20,12.4,0.5,1.79,0,6,10,4,11.25,0,continua_matriculado
Gestión de publicidad y marketing,1,diurna,130.0,118.8,0,1,1,18,12.7,3.7,-1.7,0,6,6,6,14.5,0,graduado
Gestión de publicidad y marketing,5,diurna,133.1,133.0,0,1,0,19,7.6,2.6,0.32,0,6,0,0,0.0,0,abandono
Enfermería,1,diurna,133.1,129.0,0,1,0,36,7.6,2.6,0.32,0,7,7,6,11.3,0,graduado
Higiene oral,1,diurna,147.0,100.0,0,1,0,18,10.8,1.4,1.74,0,2,2,0,0.0,0,continua_matriculado
Equinocultura,1,diurna,127.0,120.7,1,1,0,18,12.7,3.7,-1.7,0,5,11,1,12.0,0,continua_matriculado
Enfermería,6,diurna,136.0,132.5,0,1,0,19,12.7,3.7,-1.7,0,8,9,7,12.3,0,graduado
Enfermería,5,diurna,127.0,120.3,0,1,1,18,10.8,1.4,1.74,0,8,8,7,12.694285714285714,0,graduado
Gestión de publicidad y marketing,1,diurna,123.0,114.6,0,1,0,18,9.4,-0.8,-3.12,0,5,5,4,11.0,0,graduado
Servicio social,1,diurna,128.0,116.5,0,1,1,19,12.4,0.5,1.79,0,6,6,6,13.0,0,graduado
Enfermería,1,diurna,128.0,127.8,0,1,1,19,13.9,-0.3,0.79,0,7,8,7,14.4125,0,graduado
Enfermería,2,diurna,140.0,129.9,0,1,0,18,15.5,2.8,-4.06,0,7,8,7,12.92875,0,abandono
Periodismo y comunicación,2,diurna,121.0,118.9,0,1,0,20,11.1,0.6,2.02,0,6,6,6,13.333333333333334,0,graduado
Turismo,3,diurna,122.0,114.3,0,1,1,20,12.4,0.5,1.79,0,6,8,5,12.8,0,continua_matriculado
Enfermería,1,diurna,126.0,114.8,0,1,0,20,10.8,1.4,1.74,0,8,8,7,14.402857142857142,0,graduado
Enfermería,4,diurna,135.0,123.0,0,1,1,18,10.8,1.4,1.74,0,8,8,7,13.381428571428572,0,graduado
Enfermería,2,diurna,131.0,122.1,0,1,0,18,15.5,2.8,-4.06,0,7,8,7,14.13125,0,graduado
Enfermería veterinaria,4,diurna,140.0,123.7,0,1,0,19,9.4,-0.8,-3.12,0,5,11,5,11.714285714285714,2,graduado
Administración,3,diurna,131.0,132.4,0,1,0,19,9.4,-0.8,-3.12,0,5,5,5,11.8,0,continua_matriculado
Servicio social,1,vespertina,130.0,114.8,0,1,0,44,7.6,2.6,0.32,0,6,9,6,11.166666666666666,0,graduado
Agronomía,1,diurna,130.0,130.0,0,1,0,32,12.4,0.5,1.79,0,6,7,0,0.0,0,abandono
Educación básica,1,diurna,140.0,122.3,0,1,0,22,12.7,3.7,-1.7,0,6,9,5,13.6,0,abandono
Agronomía,1,diurna,130.0,152.4,0,1,0,36,8.9,1.4,3.51,4,12,14,12,13.846153846153848,0,graduado
Periodismo y comunicación,1,diurna,125.0,120.1,0,1,1,18,16.2,0.3,-0.92,0,6,7,6,12.5,0,graduado
Equinocultura,1,diurna,160.0,155.1,0,1,0,20,12.7,3.7,-1.7,0,5,5,5,16.4,0,graduado
Diseño de comunicación,1,diurna,130.0,124.5,0,1,1,20,11.1,0.6,2.02,5,11,11,11,13.818181818181818,0,graduado
Servicio social,1,diurna,144.0,126.9,0,1,0,19,15.5,2.8,-4.06,0,6,8,5,10.6,0,graduado
Administración,1,diurna,133.1,153.2,1,1,0,24,12.4,0.5,1.79,0,5,8,5,10.2,0,graduado
Servicio social,1,diurna,148.0,129.8,0,1,0,20,15.5,2.8,-4.06,0,6,11,5,10.6,0,continua_matriculado
Servicio social,1,vespertina,133.1,135.0,0,1,0,27,10.8,1.4,1.74,7,10,10,9,11.444444444444445,0,abandono
Educación básica,1,diurna,133.0,131.3,0,1,0,20,15.5,2.8,-4.06,0,6,9,5,14.333333333333334,0,continua_matriculado
Servicio social,6,diurna,129.0,125.2,0,1,1,23,9.4,-0.8,-3.12,15,16,18,16,13.0,0,graduado
Enfermería,5,diurna,144.0,141.3,0,1,1,18,9.4,-0.8,-3.12,0,8,9,8,13.31,1,graduado
Servicio social,1,diurna,120.0,117.1,0,1,1,18,12.7,3.7,-1.7,0,6,10,5,10.571428571428571,1,graduado
Enfermería,3,diurna,144.0,126.5,0,1,1,20,10.8,1.4,1.74,0,8,8,7,13.487142857142857,0,graduado
Turismo,1,diurna,132.0,120.1,0,1,1,20,13.9,-0.3,0.79,0,6,6,6,12.333333333333334,0,graduado
Gestión de publicidad y marketing,1,diurna,142.0,128.4,0,1,0,23,11.1,0.6,2.02,0,6,11,6,11.875,0,abandono
Enfermería,2,diurna,136.0,140.0,0,1,0,20,7.6,2.6,0.32,0,7,7,6,13.966666666666669,0,graduado
Turismo,1,diurna,133.1,110.0,0,0,0,28,7.6,2.6,0.32,0,5,10,0,0.0,0,abandono
Gestión de publicidad y marketing,1,diurna,122.0,116.8,0,1,0,21,7.6,2.6,0.32,0,5,8,4,11.5,0,graduado
Higiene oral,2,diurna,133.1,104.5,0,1,0,21,12.4,0.5,1.79,0,2,2,2,12.5,0,abandono
Enfermería,1,diurna,140.0,140.0,0,1,0,28,7.6,2.6,0.32,0,7,0,0,0.0,0,abandono
Enfermería,1,diurna,117.0,113.2,0,1,0,18,16.2,0.3,-0.92,0,7,10,6,11.98,0,graduado
Servicio social,1,diurna,128.0,118.6,0,1,1,21,8.9,1.4,3.51,0,6,8,5,13.2,0,continua_matriculado
Enfermería,1,diurna,136.0,123.8,0,1,0,19,13.9,-0.3,0.79,0,7,10,6,11.614285714285714,0,graduado
Enfermería,6,diurna,141.0,126.7,0,1,1,18,12.7,3.7,-1.7,0,8,8,7,14.314285714285717,0,graduado
Enfermería,3,diurna,130.0,133.8,0,1,0,19,7.6,2.6,0.32,0,7,0,0,0.0,0,abandono
Enfermería veterinaria,1,diurna,140.0,140.0,0,1,0,20,13.9,-0.3,0.79,2,6,9,6,12.666666666666666,0,continua_matriculado
Enfermería,3,diurna,102.0,100.6,0,1,1,20,12.4,0.5,1.79,0,7,9,6,12.766666666666666,0,graduado
Educación básica,1,diurna,126.0,132.7,0,1,1,18,10.8,1.4,1.74,0,6,7,6,12.666666666666666,0,graduado
Gestión de publicidad y marketing,2,diurna,125.0,106.6,0,1,0,20,10.8,1.4,1.74,4,6,7,6,11.5,0,abandono
Gestión de publicidad y marketing,1,diurna,120.0,140.4,0,1,0,31,13.9,-0.3,0.79,2,6,13,5,11.4,0,abandono
Enfermería,3,diurna,132.0,128.3,0,1,1,19,15.5,2.8,-4.06,0,7,8,7,14.70625,0,graduado
Enfermería,3,diurna,128.0,118.6,0,1,1,19,13.9,-0.3,0.79,0,7,9,6,11.814285714285717,0,graduado
Diseño de comunicación,1,diurna,115.0,123.4,0,1,0,23,13.9,-0.3,0.79,1,6,8,6,13.0,1,graduado
Gestión de publicidad y marketing,1,diurna,125.0,124.0,0,1,0,19,12.4,0.5,1.79,0,6,7,6,14.857142857142858,0,graduado
Enfermería,6,diurna,137.0,121.3,0,1,0,20,7.6,2.6,0.32,0,7,7,6,12.6,0,graduado
Enfermería veterinaria,1,diurna,101.0,101.0,1,1,0,22,12.4,0.5,1.79,0,6,9,5,13.333333333333334,0,continua_matriculado
Educación básica,1,diurna,126.0,116.9,0,1,0,18,13.9,-0.3,0.79,0,7,10,6,10.666666666666666,0,continua_matriculado
Equinocultura,3,diurna,130.0,130.0,1,0,0,27,12.7,3.7,-1.7,1,5,6,2,11.5,0,abandono
Higiene oral,1,diurna,100.0,120.0,0,1,0,29,12.7,3.7,-1.7,0,7,9,1,10.0,0,abandono
Turismo,1,diurna,122.0,130.4,0,1,0,18,11.1,0.6,2.02,0,6,10,5,11.8,0,graduado
Diseño de comunicación,1,diurna,126.0,118.7,0,1,0,18,16.2,0.3,-0.92,0,6,7,5,11.8,0,graduado
Enfermería,1,diurna,128.0,131.5,0,1,0,18,9.4,-0.8,-3.12,0,8,8,8,12.77125,0,graduado
Enfermería veterinaria,3,diurna,134.0,120.4,0,1,0,20,9.4,-0.8,-3.12,0,5,13,3,11.333333333333334,2,continua_matriculado
Turismo,2,diurna,128.0,129.1,0,1,0,18,11.1,0.6,2.02,0,6,6,6,12.666666666666666,0,graduado
Diseño de comunicación,1,diurna,125.0,132.0,0,0,0,18,13.9,-0.3,0.79,1,6,10,5,12.2,1,continua_matriculado
Enfermería veterinaria,2,diurna,130.0,130.0,0,0,0,28,10.8,1.4,1.74,0,5,9,1,12.0,1,abandono
Enfermería,2,diurna,135.0,132.8,0,1,1,18,12.7,3.7,-1.7,0,8,12,7,11.721428571428572,0,graduado
Enfermería,1,diurna,133.1,143.7,0,1,0,27,12.4,0.5,1.79,0,7,12,4,14.0,0,continua_matriculado
Tecnologías de producción de biocombustibles,1,diurna,140.0,152.8,0,1,0,26,16.2,0.3,-0.92,0,7,9,7,14.75,0,continua_matriculado
Periodismo y comunicación,2,diurna,138.0,133.5,0,1,0,18,12.7,3.7,-1.7,0,6,6,6,12.666666666666666,0,graduado
Equinocultura,1,diurna,150.0,146.2,0,1,0,18,9.4,-0.8,-3.12,0,5,12,4,13.0,2,abandono
Administración,2,diurna,125.0,115.2,0,1,0,21,15.5,2.8,-4.06,0,5,6,0,0.0,0,abandono
Diseño de comunicación,2,diurna,121.0,120.7,0,1,0,18,9.4,-0.8,-3.12,0,6,8,4,10.75,0,continua_matriculado
Servicio social,1,vespertina,120.0,101.8,0,0,0,32,10.8,1.4,1.74,0,5,5,0,0.0,0,abandono
Gestión de publicidad y marketing,2,diurna,140.0,100.0,0,1,0,28,7.6,2.6,0.32,0,5,6,4,12.5,0,graduado
Administración,1,vespertina,100.0,121.9,0,0,0,40,12.7,3.7,-1.7,0,4,4,0,0.0,0,abandono
Servicio social,2,vespertina,140.0,120.4,1,0,0,39,9.4,-0.8,-3.12,0,5,5,0,0.0,0,abandono
Servicio social,2,diurna,140.0,120.4,1,0,0,39,9.4,-0.8,-3.12,0,6,0,0,0.0,0,abandono
Agronomía,1,diurna,120.0,148.8,0,1,0,50,8.9,1.4,3.51,0,6,7,6,12.5,0,graduado
Educación básica,2,diurna,138.0,123.0,0,1,0,23,10.8,1.4,1.74,0,6,10,5,12.8,0,abandono
Servicio social,1,vespertina,133.1,100.0,0,1,0,48,9.4,-0.8,-3.12,0,6,11,1,10.0,0,abandono
Educación básica,2,diurna,118.0,112.1,0,1,0,23,7.6,2.6,0.32,0,6,11,4,11.25,0,abandono
Enfermería,6,diurna,135.0,126.8,0,1,1,18,10.8,1.4,1.74,0,8,8,7,12.61,0,graduado
Equinocultura,1,diurna,130.0,115.9,0,1,0,18,9.4,-0.8,-3.12,0,5,14,2,12.0,2,graduado
Servicio social,1,diurna,150.0,132.5,0,0,0,20,13.9,-0.3,0.79,0,6,9,5,13.0,0,graduado
Enfermería veterinaria,3,diurna,149.0,132.2,0,1,1,18,10.8,1.4,1.74,0,5,9,4,12.0,0,graduado
Higiene oral,1,diurna,180.0,183.5,0,1,0,18,16.2,0.3,-0.92,0,7,8,4,12.0,0,abandono
Ingeniería informática,1,diurna,133.1,136.0,0,1,0,31,16.2,0.3,-0.92,0,5,12,1,12.0,0,abandono
Ingeniería informática,1,diurna,133.1,100.9,0,1,0,24,10.8,1.4,1.74,0,5,9,1,12.0,0,continua_matriculado
Diseño de animación y multimedia,1,diurna,145.0,114.5,0,1,0,24,9.4,-0.8,-3.12,0,0,0,0,0.0,0,graduado
Administración,1,diurna,110.0,110.3,1,0,0,26,10.8,1.4,1.74,0,5,5,0,0.0,0,abandono
Equinocultura,1,diurna,154.0,137.2,1,1,0,18,16.2,0.3,-0.92,0,6,11,5,13.625,0,abandono
Administración,1,diurna,126.0,116.9,0,1,1,19,12.7,3.7,-1.7,0,5,12,3,11.666666666666666,0,continua_matriculado
Gestión de publicidad y marketing,1,diurna,133.0,121.8,0,1,0,22,13.9,-0.3,0.79,0,6,0,0,0.0,0,abandono
Enfermería,2,diurna,145.0,127.3,0,1,0,18,10.8,1.4,1.74,0,8,8,7,11.69,0,graduado
Diseño de comunicación,1,diurna,120.0,120.0,1,0,0,20,16.2,0.3,-0.92,0,6,11,0,0.0,6,abandono
Diseño de animación y multimedia,1,diurna,150.0,150.0,0,1,0,25,15.5,2.8,-4.06,0,0,0,0,0.0,0,graduado
Administración,1,vespertina,150.0,100.0,0,1,0,24,13.9,-0.3,0.79,0,5,10,4,11.5,0,graduado
Ingeniería informática,1,diurna,150.0,150.0,0,1,0,27,8.9,1.4,3.51,0,5,10,1,14.0,0,abandono
Turismo,1,diurna,127.0,116.9,0,1,0,21,15.5,2.8,-4.06,0,6,7,5,11.0,0,graduado
Agronomía,1,diurna,140.0,140.0,0,1,0,21,12.4,0.5,1.79,0,6,7,6,12.857142857142858,0,graduado
Periodismo y comunicación,3,diurna,128.0,122.1,0,1,0,19,10.8,1.4,1.74,0,6,9,4,12.5,0,abandono
Enfermería,1,diurna,127.0,160.0,0,1,0,28,16.2,0.3,-0.92,0,7,7,7,14.528571428571428,0,graduado
Administración,1,diurna,117.0,118.4,0,1,0,20,7.6,2.6,0.32,0,5,8,5,10.0,0,continua_matriculado
Agronomía,1,diurna,150.0,150.0,0,1,1,21,15.5,2.8,-4.06,0,6,8,6,13.0,0,graduado
Enfermería,1,diurna,154.0,144.9,0,1,1,18,16.2,0.3,-0.92,0,7,7,7,15.957142857142856,0,graduado
Ingeniería informática,2,diurna,127.0,121.1,0,1,1,18,8.9,1.4,3.51,0,5,6,5,13.2,0,continua_matriculado
Administración,2,diurna,133.0,121.8,0,1,0,20,15.5,2.8,-4.06,0,5,9,4,10.2,0,continua_matriculado
Ingeniería informática,1,diurna,120.0,146.8,0,1,0,25,16.2,0.3,-0.92,2,5,6,5,14.2,0,continua_matriculado
Gestión de publicidad y marketing,1,diurna,133.1,138.0,1,1,0,22,11.1,0.6,2.02,0,6,8,6,12.625,0,continua_matriculado
Enfermería,1,diurna,149.0,138.0,0,1,0,18,9.4,-0.8,-3.12,0,8,11,6,13.496666666666668,1,continua_matriculado
Administración,2,diurna,125.0,116.3,0,1,0,19,13.9,-0.3,0.79,0,5,8,5,13.25,0,graduado
Ingeniería informática,5,diurna,126.0,122.5,0,1,0,19,12.4,0.5,1.79,0,5,12,3,12.0,0,abandono
Periodismo y comunicación,1,diurna,133.1,115.0,1,0,0,25,12.7,3.7,-1.7,0,6,10,4,13.0,0,abandono
Diseño de comunicación,1,diurna,115.0,115.0,1,1,0,21,15.5,2.8,-4.06,5,11,12,9,11.77777777777778,0,abandono
Ingeniería informática,3,diurna,117.0,119.8,0,1,0,19,11.1,0.6,2.02,0,5,10,2,11.0,0,abandono
Administración,2,diurna,133.1,95.0,0,1,0,20,11.1,0.6,2.02,0,5,14,0,0.0,0,abandono
Agronomía,1,diurna,150.0,150.0,0,1,0,25,15.5,2.8,-4.06,9,14,16,14,12.428571428571429,0,abandono
Administración,1,diurna,130.0,117.8,0,1,0,20,10.8,1.4,1.74,0,5,8,3,11.0,0,continua_matriculado
Diseño de animación y multimedia,1,diurna,161.0,144.2,0,1,0,18,7.6,2.6,0.32,0,0,0,0,0.0,0,graduado
Turismo,1,diurna,130.0,130.0,1,1,0,23,8.9,1.4,3.51,0,6,12,3,11.5,0,continua_matriculado
Enfermería,1,diurna,111.0,128.2,0,1,0,23,9.4,-0.8,-3.12,0,8,8,8,12.5075,0,graduado
Agronomía,1,diurna,140.0,135.3,0,1,0,21,8.9,1.4,3.51,7,12,18,11,12.090909090909092,0,graduado
Equinocultura,1,diurna,132.0,143.9,0,1,0,20,9.4,-0.8,-3.12,0,5,14,2,11.0,3,continua_matriculado
Administración,1,vespertina,139.0,140.7,0,1,0,25,12.4,0.5,1.79,0,5,13,1,10.0,0,abandono
Equinocultura,1,diurna,132.0,130.4,0,1,0,18,8.9,1.4,3.51,0,6,6,6,13.5,0,graduado
Diseño de comunicación,6,diurna,119.0,123.2,0,1,0,22,10.8,1.4,1.74,0,6,6,6,14.166666666666666,0,graduado
Gestión de publicidad y marketing,1,diurna,133.1,118.0,0,1,0,27,8.9,1.4,3.51,0,6,7,6,14.0,0,graduado
Agronomía,1,diurna,133.1,120.0,0,1,0,25,16.2,0.3,-0.92,0,3,4,0,0.0,0,abandono
Ingeniería informática,4,diurna,129.0,118.9,0,1,0,18,7.6,2.6,0.32,0,5,9,3,11.666666666666666,0,abandono
Enfermería veterinaria,1,diurna,128.0,117.2,0,1,0,20,12.7,3.7,-1.7,0,5,7,5,14.6,1,graduado
Agronomía,1,diurna,120.0,120.0,0,1,0,27,16.2,0.3,-0.92,0,6,10,5,13.0,0,graduado
Servicio social,1,vespertina,130.0,118.1,0,1,0,20,7.6,2.6,0.32,0,6,7,6,12.166666666666666,0,graduado
Administración,1,diurna,130.0,124.8,0,1,0,22,7.6,2.6,0.32,0,5,9,0,0.0,0,abandono
Ingeniería informática,6,diurna,111.0,106.5,0,1,0,19,12.4,0.5,1.79,0,5,10,3,10.5,0,abandono
Administración,6,diurna,121.0,116.8,0,1,0,20,13.9,-0.3,0.79,0,5,14,3,12.4,0,continua_matriculado
Diseño de animación y multimedia,4,diurna,117.0,109.3,0,1,0,19,9.4,-0.8,-3.12,0,0,0,0,0.0,0,graduado
Enfermería veterinaria,1,diurna,133.1,120.0,0,0,0,29,9.4,-0.8,-3.12,0,5,12,0,0.0,4,abandono
Enfermería,2,diurna,149.0,137.5,0,1,0,19,12.7,3.7,-1.7,0,8,8,7,13.828571428571427,0,graduado
Administración,2,vespertina,172.0,150.0,0,1,1,28,9.4,-0.8,-3.12,0,5,7,5,10.6,0,continua_matriculado
Servicio social,1,diurna,134.0,120.4,0,1,0,20,7.6,2.6,0.32,0,6,7,6,11.5,0,graduado
Diseño de comunicación,4,diurna,136.0,136.7,0,1,0,20,10.8,1.4,1.74,0,6,6,4,13.5,0,graduado
Servicio social,1,vespertina,133.1,118.5,0,1,0,31,7.6,2.6,0.32,0,6,12,0,0.0,0,abandono
Enfermería,5,diurna,141.0,133.0,0,1,0,18,13.9,-0.3,0.79,0,7,8,7,12.5375,0,graduado
Gestión de publicidad y marketing,1,diurna,141.0,128.8,0,1,0,19,8.9,1.4,3.51,0,6,6,6,14.833333333333334,0,continua_matriculado
Administración,1,diurna,148.0,133.0,0,1,0,18,13.9,-0.3,0.79,0,5,10,4,12.0,0,graduado
Turismo,1,diurna,102.0,102.0,0,1,0,19,10.8,1.4,1.74,0,6,8,5,11.8,0,graduado
Administración,1,diurna,143.0,133.9,0,1,1,18,12.7,3.7,-1.7,0,5,5,5,15.0,0,graduado
Enfermería veterinaria,1,diurna,120.0,127.0,0,1,0,19,7.6,2.6,0.32,0,5,7,3,12.0,0,graduado
Periodismo y comunicación,1,diurna,121.0,120.4,0,1,1,18,15.5,2.8,-4.06,0,6,6,6,12.833333333333334,0,graduado
Turismo,3,diurna,122.0,124.5,0,1,0,19,7.6,2.6,0.32,0,6,12,6,11.666666666666666,0,graduado
Higiene oral,4,diurna,122.0,123.9,0,1,0,19,13.9,-0.3,0.79,0,7,9,7,12.1625,0,graduado
Gestión de publicidad y marketing,2,diurna,123.0,117.8,0,1,0,18,10.8,1.4,1.74,0,6,6,6,13.833333333333334,0,graduado
Enfermería,1,diurna,133.0,126.7,0,1,0,19,16.2,0.3,-0.92,0,7,12,4,12.45,0,continua_matriculado
Gestión de publicidad y marketing,1,diurna,110.0,110.0,0,1,1,20,11.1,0.6,2.02,2,6,9,6,12.125,0,graduado
Gestión de publicidad y marketing,1,diurna,155.0,134.7,0,1,0,20,12.7,3.7,-1.7,0,6,8,5,13.4,0,continua_matriculado
Agronomía,1,diurna,119.0,113.2,1,1,0,20,11.1,0.6,2.02,0,6,8,6,13.333333333333334,0,continua_matriculado
Administración,1,vespertina,120.0,141.0,0,1,0,29,10.8,1.4,1.74,10,15,15,11,11.454545454545457,0,abandono
Educación básica,1,diurna,133.1,111.5,0,0,1,20,7.6,2.6,0.32,0,6,10,4,12.0,0,abandono
Educación básica,1,diurna,143.0,140.0,1,0,0,31,8.9,1.4,3.51,0,7,8,6,12.666666666666666,0,abandono
Gestión de publicidad y marketing,1,diurna,149.0,134.3,0,1,0,20,10.8,1.4,1.74,0,6,7,6,12.666666666666666,0,graduado
Agronomía,1,diurna,133.0,125.3,0,1,0,21,15.5,2.8,-4.06,12,18,22,18,11.88888888888889,1,graduado
Equinocultura,1,diurna,140.0,140.0,0,1,0,23,12.4,0.5,1.79,0,6,0,0,0.0,0,abandono
Diseño de comunicación,5,diurna,122.0,119.6,1,0,0,21,10.8,1.4,1.74,0,6,6,4,13.0,0,abandono
Enfermería,1,diurna,170.0,170.0,0,1,0,24,16.2,0.3,-0.92,4,7,7,7,16.885714285714283,0,graduado
Servicio social,1,vespertina,120.0,150.5,0,1,0,27,15.5,2.8,-4.06,0,6,6,6,12.5,0,graduado
Enfermería,1,diurna,143.0,128.0,0,1,1,18,13.9,-0.3,0.79,0,7,9,7,13.055555555555555,0,graduado
Diseño de animación y multimedia,3,diurna,115.0,108.7,0,0,0,21,9.4,-0.8,-3.12,0,0,0,0,0.0,0,abandono
Equinocultura,1,diurna,123.0,121.6,1,1,1,19,7.6,2.6,0.32,0,5,7,0,0.0,0,abandono
Enfermería,6,diurna,131.0,125.3,0,1,1,19,10.8,1.4,1.74,0,8,8,7,12.355714285714283,0,graduado
Enfermería veterinaria,1,diurna,127.0,117.6,0,1,0,18,12.4,0.5,1.79,0,6,0,0,0.0,0,abandono
Enfermería,3,diurna,126.0,124.3,0,1,1,18,7.6,2.6,0.32,0,7,8,5,11.98,0,continua_matriculado
Educación básica,2,diurna,112.0,106.1,1,1,1,20,8.9,1.4,3.51,0,7,7,7,13.857142857142858,0,graduado
Servicio social,1,vespertina,150.0,139.9,0,1,0,24,9.4,-0.8,-3.12,0,6,9,5,13.0,0,graduado
Diseño de comunicación,1,diurna,116.0,110.8,0,1,0,20,12.4,0.5,1.79,0,6,6,6,12.833333333333334,0,graduado
Administración,3,diurna,118.0,118.0,0,1,0,20,12.4,0.5,1.79,0,5,11,4,11.0,0,continua_matriculado
Enfermería,1,diurna,130.0,117.8,0,1,1,19,12.7,3.7,-1.7,0,8,8,7,12.357142857142858,0,graduado
Enfermería,6,diurna,144.0,127.5,0,1,1,18,12.7,3.7,-1.7,0,8,8,7,13.857142857142858,0,graduado
Servicio social,2,diurna,105.0,129.7,0,1,1,20,9.4,-0.8,-3.12,0,6,6,6,12.333333333333334,0,graduado
Enfermería,1,diurna,143.0,130.6,0,1,0,20,16.2,0.3,-0.92,0,7,8,7,12.847142857142858,0,graduado
Enfermería,2,diurna,137.0,126.3,0,1,1,19,11.1,0.6,2.02,0,7,9,6,12.339999999999998,0,graduado
Enfermería veterinaria,1,diurna,140.0,140.0,0,1,0,19,12.4,0.5,1.79,0,6,10,5,12.666666666666666,0,continua_matriculado
Periodismo y comunicación,1,diurna,133.1,105.0,0,1,0,20,12.7,3.7,-1.7,0,6,6,6,13.833333333333334,0,graduado
Administración,2,diurna,116.0,114.6,0,1,0,19,13.9,-0.3,0.79,0,5,15,2,10.75,0,abandono
Educación básica,5,diurna,117.0,114.6,0,1,0,19,9.4,-0.8,-3.12,0,6,11,4,13.25,0,abandono
Enfermería,1,diurna,137.0,131.0,0,1,1,18,9.4,-0.8,-3.12,0,8,8,8,13.73125,0,graduado
Diseño de comunicación,4,diurna,116.0,109.0,0,1,1,23,11.1,0.6,2.02,0,6,6,6,13.333333333333334,0,abandono
Educación básica,1,diurna,133.1,132.0,0,1,0,21,12.7,3.7,-1.7,0,6,8,5,12.0,0,abandono
Servicio social,1,vespertina,130.0,130.0,0,1,0,23,11.1,0.6,2.02,5,9,10,9,10.88888888888889,0,graduado
Enfermería,3,diurna,106.0,109.5,0,1,0,19,13.9,-0.3,0.79,0,7,8,7,13.025,0,graduado
Periodismo y comunicación,2,diurna,125.0,115.9,0,1,0,18,12.4,0.5,1.79,0,6,6,6,13.0,0,graduado
Periodismo y comunicación,1,diurna,134.0,131.6,0,1,0,19,10.8,1.4,1.74,0,6,10,5,11.8,0,graduado
Enfermería,1,diurna,133.1,120.0,0,1,1,25,12.7,3.7,-1.7,0,8,8,7,12.042857142857144,0,graduado
Educación básica,2,diurna,117.0,109.7,0,1,0,19,9.4,-0.8,-3.12,0,6,9,5,12.2,0,continua_matriculado
Enfermería,1,diurna,136.0,136.4,0,1,1,19,13.9,-0.3,0.79,0,7,8,7,12.8375,0,graduado
Higiene oral,1,diurna,120.0,120.0,1,1,1,24,12.7,3.7,-1.7,0,7,13,7,11.0,0,graduado
Gestión de publicidad y marketing,1,diurna,135.0,132.6,0,1,1,18,8.9,1.4,3.51,0,6,7,6,13.5,0,graduado
Servicio social,5,diurna,122.0,112.9,0,1,1,19,16.2,0.3,-0.92,0,6,8,6,12.125,0,graduado
Enfermería,5,diurna,147.0,134.3,0,1,1,18,12.7,3.7,-1.7,0,8,12,7,12.62857142857143,0,graduado
Administración,1,vespertina,120.0,123.2,0,1,0,27,10.8,1.4,1.74,0,5,9,3,10.666666666666666,0,continua_matriculado
Servicio social,3,diurna,121.0,117.2,0,1,0,19,15.5,2.8,-4.06,0,6,11,5,11.2,0,graduado
Periodismo y comunicación,1,diurna,135.0,129.8,0,1,1,18,12.7,3.7,-1.7,0,6,6,6,12.666666666666666,0,abandono
Gestión de publicidad y marketing,1,diurna,130.0,158.0,1,0,0,34,12.7,3.7,-1.7,0,6,7,4,13.5,0,abandono
Administración,6,diurna,128.0,116.5,0,1,0,18,7.6,2.6,0.32,0,5,9,3,11.666666666666666,0,continua_matriculado
Administración,1,diurna,129.0,121.0,0,1,0,18,7.6,2.6,0.32,0,5,8,2,10.5,0,continua_matriculado
Enfermería,3,diurna,143.0,133.8,0,1,0,18,9.4,-0.8,-3.12,0,8,8,8,14.26875,0,continua_matriculado
Periodismo y comunicación,2,diurna,108.0,115.0,1,0,0,20,8.9,1.4,3.51,0,6,0,0,0.0,0,abandono
Administración,1,diurna,130.0,131.8,0,1,1,19,7.6,2.6,0.32,0,5,8,2,10.5,0,continua_matriculado
Servicio social,1,diurna,135.0,121.0,0,1,0,21,7.6,2.6,0.32,0,6,11,5,11.2,0,continua_matriculado
Administración,1,vespertina,140.0,152.4,0,1,0,26,10.8,1.4,1.74,0,5,5,5,12.0,0,graduado
Higiene oral,2,diurna,120.0,110.2,0,1,0,27,10.8,1.4,1.74,0,7,9,7,12.228571428571428,0,graduado
Gestión de publicidad y marketing,1,diurna,117.0,113.5,0,1,0,20,9.4,-0.8,-3.12,0,5,6,4,11.5,0,graduado
Servicio social,1,diurna,151.0,144.4,0,1,0,18,16.2,0.3,-0.92,0,6,8,6,15.375,0,graduado
Enfermería veterinaria,1,diurna,140.0,143.3,0,0,0,23,8.9,1.4,3.51,7,12,19,9,13.666666666666666,0,continua_matriculado
Enfermería,1,diurna,133.1,100.0,0,1,0,24,12.7,3.7,-1.7,0,8,11,7,12.614285714285714,0,graduado
Servicio social,1,diurna,130.0,126.3,0,1,1,19,13.9,-0.3,0.79,3,6,7,5,12.2,0,graduado
Periodismo y comunicación,1,diurna,125.0,115.9,0,1,0,19,10.8,1.4,1.74,0,6,13,4,11.75,0,graduado
Servicio social,4,diurna,125.0,114.9,1,1,1,19,8.9,1.4,3.51,0,6,9,5,11.4,0,continua_matriculado
Servicio social,1,diurna,135.0,121.0,1,1,0,18,7.6,2.6,0.32,0,6,10,5,10.6,0,continua_matriculado
Servicio social,1,vespertina,121.0,112.3,0,1,0,22,16.2,0.3,-0.92,14,16,16,13,10.923076923076923,0,graduado
Diseño de comunicación,1,diurna,141.0,127.0,0,1,0,20,12.7,3.7,-1.7,0,6,6,5,12.4,0,graduado
Agronomía,1,diurna,130.0,120.0,0,1,0,25,11.1,0.6,2.02,0,6,6,0,0.0,0,abandono
Agronomía,1,diurna,180.0,180.0,0,1,0,21,15.5,2.8,-4.06,0,6,6,6,15.833333333333334,0,graduado
Enfermería,1,diurna,117.0,117.4,0,1,0,19,11.1,0.6,2.02,0,7,12,5,11.8,0,continua_matriculado
Periodismo y comunicación,4,diurna,127.0,115.8,0,1,0,18,13.9,-0.3,0.79,0,6,7,6,12.571428571428571,0,graduado
Gestión de publicidad y marketing,3,diurna,126.0,136.5,0,1,0,18,7.6,2.6,0.32,0,5,7,3,12.0,0,graduado
Enfermería,3,diurna,143.0,129.0,0,1,0,19,13.9,-0.3,0.79,0,7,8,7,13.3625,0,graduado
Enfermería veterinaria,1,diurna,144.0,137.6,0,1,1,19,10.8,1.4,1.74,0,5,6,5,15.4,0,graduado
Periodismo y comunicación,2,diurna,126.0,129.5,1,0,0,18,10.8,1.4,1.74,0,6,9,5,12.2,0,abandono
Servicio social,1,diurna,140.0,129.1,0,1,1,20,12.4,0.5,1.79,6,11,11,11,12.818181818181818,0,graduado
Enfermería,5,diurna,148.0,130.2,0,1,0,19,12.4,0.5,1.79,0,7,0,0,0.0,0,abandono
Enfermería,1,diurna,100.0,134.3,0,1,0,28,16.2,0.3,-0.92,12,17,21,17,13.394736842105264,0,graduado
Servicio social,1,diurna,151.0,138.4,0,1,1,20,12.7,3.7,-1.7,0,6,8,6,14.25,0,graduado
Servicio social,1,vespertina,120.0,120.0,0,1,0,30,7.6,2.6,0.32,9,11,19,9,13.444444444444445,1,abandono
Enfermería,4,diurna,135.0,123.5,0,1,1,19,12.4,0.5,1.79,0,7,8,7,12.285714285714286,0,graduado
Diseño de comunicación,2,diurna,121.0,116.1,0,1,0,22,12.7,3.7,-1.7,0,6,7,6,11.666666666666666,0,graduado
Turismo,1,diurna,116.0,110.8,0,1,0,18,11.1,0.6,2.02,0,6,8,6,12.166666666666666,0,graduado
Educación básica,1,diurna,147.0,142.8,0,1,0,23,7.6,2.6,0.32,0,6,11,2,10.0,0,abandono
Diseño de comunicación,4,diurna,160.0,155.5,0,1,0,18,11.1,0.6,2.02,0,6,6,6,14.0,0,graduado
Educación básica,1,diurna,133.0,126.7,0,1,0,18,15.5,2.8,-4.06,0,6,9,5,11.833333333333334,0,continua_matriculado
Periodismo y comunicación,1,diurna,100.0,163.5,1,0,0,50,10.8,1.4,1.74,0,6,7,1,15.0,0,abandono
Diseño de animación y multimedia,1,diurna,151.0,161.9,0,1,1,19,13.9,-0.3,0.79,0,0,0,0,0.0,0,graduado
Turismo,2,diurna,124.0,123.3,0,1,0,22,13.9,-0.3,0.79,0,6,7,6,10.833333333333334,0,graduado
Servicio social,1,diurna,140.0,137.5,1,1,1,23,12.4,0.5,1.79,3,6,7,6,13.142857142857142,0,graduado
Enfermería veterinaria,4,diurna,170.0,166.6,1,0,1,20,12.7,3.7,-1.7,2,5,8,5,14.4,1,abandono
Servicio social,1,diurna,133.1,103.5,0,0,0,44,13.9,-0.3,0.79,0,6,0,0,0.0,0,abandono
Agronomía,1,diurna,133.1,110.0,0,1,0,49,15.5,2.8,-4.06,6,12,17,7,12.0,0,graduado
Administración,1,vespertina,100.0,128.2,0,1,0,46,7.6,2.6,0.32,6,10,13,9,12.2,0,graduado
Enfermería veterinaria,1,diurna,120.0,137.7,0,0,0,41,12.4,0.5,1.79,3,3,3,3,12.333333333333334,0,abandono
Enfermería,3,diurna,133.0,128.8,0,1,0,18,13.9,-0.3,0.79,0,7,8,7,11.8375,0,graduado
Administración,1,vespertina,120.0,170.0,0,1,0,43,9.4,-0.8,-3.12,0,5,5,5,11.8,0,graduado
Administración,2,diurna,133.1,116.4,1,0,0,70,10.8,1.4,1.74,0,5,5,0,0.0,0,abandono
Equinocultura,1,diurna,133.1,100.9,0,1,0,48,15.5,2.8,-4.06,0,6,0,0,0.0,0,abandono
Agronomía,1,diurna,133.1,136.0,0,1,0,41,15.5,2.8,-4.06,18,19,19,19,12.68421052631579,0,graduado
Turismo,1,diurna,140.0,130.0,0,1,0,21,12.7,3.7,-1.7,0,6,8,6,12.571428571428571,0,continua_matriculado
Tecnologías de producción de biocombustibles,1,diurna,100.0,100.0,1,0,0,35,16.2,0.3,-0.92,0,7,18,3,11.25,0,abandono
Equinocultura,1,diurna,133.1,157.0,0,1,0,44,10.8,1.4,1.74,1,5,13,4,14.0,3,graduado
Administración,1,diurna,143.0,152.1,1,1,0,18,13.9,-0.3,0.79,0,5,15,4,13.333333333333334,0,abandono
Servicio social,1,vespertina,165.0,162.9,0,1,0,45,7.6,2.6,0.32,0,6,7,6,13.666666666666666,0,graduado
Turismo,1,diurna,154.0,137.2,0,1,0,20,15.5,2.8,-4.06,0,6,12,3,10.0,0,continua_matriculado
Agronomía,1,diurna,140.0,140.0,0,1,0,22,12.4,0.5,1.79,0,6,12,5,12.6,0,graduado
Ingeniería informática,1,diurna,140.0,146.5,0,1,0,39,13.9,-0.3,0.79,0,5,10,3,17.333333333333332,0,abandono
Enfermería veterinaria,1,diurna,130.0,130.0,0,0,0,20,12.4,0.5,1.79,2,6,10,5,13.2,0,continua_matriculado
Administración,1,diurna,133.1,128.0,0,1,0,49,8.9,1.4,3.51,0,5,9,3,14.0,0,abandono
Higiene oral,1,diurna,190.0,190.0,0,1,0,43,11.1,0.6,2.02,4,4,4,4,13.875,0,abandono
Administración,1,vespertina,120.0,133.2,0,1,0,32,7.6,2.6,0.32,0,5,5,0,0.0,0,abandono
Servicio social,1,diurna,100.0,124.3,0,1,0,47,10.8,1.4,1.74,3,9,9,9,13.11111111111111,0,graduado
Administración,1,vespertina,120.0,138.1,0,1,1,37,16.2,0.3,-0.92,0,5,8,5,13.0,0,abandono
Servicio social,1,vespertina,133.1,144.3,0,1,0,41,10.8,1.4,1.74,6,10,10,10,12.5,0,graduado
Agronomía,1,diurna,150.0,140.0,0,1,0,60,15.5,2.8,-4.06,17,18,18,18,14.11111111111111,0,graduado
Turismo,1,diurna,120.0,148.3,0,1,0,47,10.8,1.4,1.74,6,11,11,11,14.727272727272728,0,graduado
Servicio social,1,vespertina,133.1,96.0,1,0,0,50,12.4,0.5,1.79,0,6,6,0,0.0,0,abandono
Administración,1,vespertina,133.1,121.7,0,1,0,45,7.6,2.6,0.32,0,5,5,0,0.0,0,abandono
Ingeniería informática,1,diurna,100.0,160.0,1,0,0,45,15.5,2.8,-4.06,0,5,5,0,0.0,0,abandono
Enfermería veterinaria,1,diurna,133.1,110.3,0,1,0,33,7.6,2.6,0.32,0,5,7,4,13.5,0,graduado
Enfermería,1,diurna,143.0,129.0,0,1,0,18,10.8,1.4,1.74,0,8,8,7,13.105714285714283,0,graduado
Enfermería veterinaria,1,diurna,120.0,150.0,0,1,0,43,9.4,-0.8,-3.12,0,5,8,5,13.5,2,graduado
Servicio social,1,vespertina,161.0,100.0,0,1,0,44,12.7,3.7,-1.7,9,13,18,13,11.846153846153848,0,graduado
Equinocultura,1,diurna,133.1,107.5,0,1,0,29,7.6,2.6,0.32,0,5,5,0,0.0,0,abandono
Gestión de publicidad y marketing,1,diurna,140.0,170.0,1,0,0,53,12.7,3.7,-1.7,0,6,11,3,14.333333333333334,0,abandono
Administración,1,vespertina,123.0,123.0,0,1,0,37,9.4,-0.8,-3.12,0,5,10,5,15.8,0,continua_matriculado
Gestión de publicidad y marketing,1,diurna,142.0,138.5,0,1,0,18,13.9,-0.3,0.79,0,6,16,5,13.8,0,continua_matriculado
Tecnologías de producción de biocombustibles,1,diurna,133.1,140.0,1,1,0,35,16.2,0.3,-0.92,3,10,18,6,12.666666666666666,0,abandono
Turismo,1,diurna,115.0,113.6,0,1,0,23,11.1,0.6,2.02,0,6,10,6,13.0,0,continua_matriculado
Diseño de animación y multimedia,1,diurna,156.0,170.0,0,1,0,22,7.6,2.6,0.32,0,0,0,0,0.0,0,graduado
Servicio social,1,vespertina,140.0,115.5,0,0,0,33,10.8,1.4,1.74,0,6,6,1,11.0,0,abandono
Equinocultura,3,diurna,130.0,130.0,0,0,0,41,10.8,1.4,1.74,0,5,9,0,0.0,4,abandono
Enfermería,1,diurna,140.0,140.0,0,1,0,51,13.9,-0.3,0.79,4,7,7,7,15.2,0,graduado
Gestión de publicidad y marketing,1,diurna,140.0,126.6,0,1,0,19,11.1,0.6,2.02,2,6,7,6,14.428571428571429,0,graduado
Administración,1,vespertina,133.1,143.2,0,1,0,35,11.1,0.6,2.02,0,5,5,0,0.0,0,abandono
Diseño de animación y multimedia,2,diurna,131.0,131.4,0,1,0,20,7.6,2.6,0.32,0,0,0,0,0.0,0,graduado
Gestión de publicidad y marketing,1,diurna,141.0,133.3,0,1,0,18,13.9,-0.3,0.79,0,6,13,4,13.75,0,continua_matriculado
Periodismo y comunicación,1,diurna,120.0,118.3,1,0,1,18,13.9,-0.3,0.79,0,6,11,5,12.166666666666666,0,abandono
Agronomía,1,diurna,140.0,140.0,0,1,0,21,13.9,-0.3,0.79,0,6,12,5,12.142857142857142,0,graduado
Turismo,1,diurna,132.0,124.7,0,1,0,21,13.9,-0.3,0.79,0,6,9,6,12.0,0,graduado
Administración,2,diurna,130.0,140.0,0,1,0,34,9.4,-0.8,-3.12,0,5,10,3,11.666666666666666,1,graduado
Equinocultura,1,diurna,140.0,150.0,0,1,0,34,16.2,0.3,-0.92,0,6,9,0,0.0,0,abandono
Gestión de publicidad y marketing,2,diurna,110.0,115.6,0,1,0,21,11.1,0.6,2.02,0,6,10,6,11.875,0,graduado
Periodismo y comunicación,1,diurna,140.0,116.9,0,1,0,32,13.9,-0.3,0.79,6,11,15,7,11.285714285714286,0,continua_matriculado
Turismo,2,diurna,130.0,123.4,0,1,0,30,7.6,2.6,0.32,0,6,17,2,10.0,0,abandono
Diseño de animación y multimedia,1,diurna,137.0,146.5,1,1,0,19,8.9,1.4,3.51,6,12,13,11,12.0,0,continua_matriculado
Periodismo y comunicación,1,diurna,158.0,117.1,0,1,0,20,8.9,1.4,3.51,1,7,7,6,13.833333333333334,0,abandono
Diseño de comunicación,1,diurna,124.0,113.9,0,1,0,18,12.4,0.5,1.79,0,6,0,0,0.0,0,abandono
Turismo,1,diurna,136.0,128.7,0,1,0,19,8.9,1.4,3.51,0,6,7,6,14.428571428571429,0,graduado
Enfermería,3,diurna,142.0,132.9,0,1,0,18,12.4,0.5,1.79,0,7,8,5,14.2,0,abandono
Administración,1,vespertina,150.0,123.0,0,1,0,27,12.7,3.7,-1.7,0,5,8,4,11.5,0,abandono
Periodismo y comunicación,1,diurna,120.0,129.8,0,1,0,52,9.4,-0.8,-3.12,0,6,7,5,13.0,0,graduado
Agronomía,1,diurna,149.0,156.1,0,0,0,29,15.5,2.8,-4.06,0,6,6,0,0.0,0,abandono
Agronomía,1,diurna,130.0,120.0,1,0,0,22,8.9,1.4,3.51,0,6,12,3,11.333333333333334,0,abandono
Enfermería veterinaria,1,diurna,110.0,117.2,0,1,0,28,15.5,2.8,-4.06,13,18,45,18,12.5,12,graduado
Gestión de publicidad y marketing,1,diurna,133.1,107.0,0,1,0,30,7.6,2.6,0.32,0,5,5,0,0.0,0,abandono
Enfermería,2,diurna,134.0,128.4,0,1,0,18,16.2,0.3,-0.92,0,7,7,7,13.471428571428572,0,graduado
Gestión de publicidad y marketing,2,diurna,130.0,123.4,0,1,0,21,9.4,-0.8,-3.12,0,5,5,4,11.75,0,graduado
Diseño de comunicación,1,diurna,141.0,126.7,1,1,1,20,12.7,3.7,-1.7,0,6,9,6,13.333333333333334,0,graduado
Enfermería,1,diurna,123.0,123.0,0,1,1,21,9.4,-0.8,-3.12,0,8,8,8,13.105,0,graduado
Administración,1,vespertina,133.1,137.2,1,0,0,32,10.8,1.4,1.74,0,5,5,0,0.0,0,abandono
Diseño de comunicación,3,diurna,122.0,125.9,0,1,1,20,12.4,0.5,1.79,0,6,6,6,15.5,0,graduado
Diseño de animación y multimedia,4,diurna,132.0,138.0,1,0,0,19,15.5,2.8,-4.06,0,0,0,0,0.0,0,abandono
Gestión de publicidad y marketing,1,diurna,133.1,128.2,1,0,0,18,8.9,1.4,3.51,0,6,6,4,11.25,0,abandono
Administración,1,vespertina,130.0,126.5,0,0,0,23,7.6,2.6,0.32,10,15,24,12,11.0,0,abandono
Turismo,1,diurna,111.0,112.4,0,1,0,20,12.4,0.5,1.79,0,6,10,6,12.333333333333334,0,graduado
Administración,2,diurna,133.1,109.0,0,1,0,46,9.4,-0.8,-3.12,4,9,18,8,11.375,2,graduado
Agronomía,1,diurna,125.0,100.0,0,1,0,27,15.5,2.8,-4.06,16,18,19,18,12.22222222222222,0,graduado
Diseño de animación y multimedia,1,diurna,137.0,144.7,0,1,0,20,16.2,0.3,-0.92,0,0,0,0,0.0,0,continua_matriculado
Servicio social,3,vespertina,100.0,120.0,0,1,0,41,9.4,-0.8,-3.12,5,9,11,9,12.0,0,graduado
Administración,1,diurna,133.1,100.0,1,1,0,40,11.1,0.6,2.02,0,5,10,1,11.0,0,continua_matriculado
Servicio social,1,vespertina,150.0,154.0,0,1,0,37,12.4,0.5,1.79,12,16,17,16,14.125,0,graduado
Administración,4,diurna,120.0,111.3,0,1,0,20,12.4,0.5,1.79,0,5,8,5,10.2,0,continua_matriculado
Equinocultura,1,diurna,150.0,150.0,0,1,0,20,10.8,1.4,1.74,0,5,7,4,12.0,1,continua_matriculado
Administración,1,vespertina,133.1,100.0,0,1,0,26,12.4,0.5,1.79,8,9,11,9,12.333333333333334,0,graduado
Servicio social,1,vespertina,133.1,162.5,0,1,0,54,8.9,1.4,3.51,4,9,9,9,14.333333333333334,0,graduado
Gestión de publicidad y marketing,5,diurna,132.0,134.1,0,1,0,21,10.8,1.4,1.74,0,6,6,6,15.166666666666666,0,graduado
Enfermería veterinaria,1,diurna,134.0,133.0,0,1,1,20,11.1,0.6,2.02,0,6,8,6,15.142857142857142,0,graduado
Periodismo y comunicación,6,diurna,126.0,119.0,0,1,0,18,12.4,0.5,1.79,0,6,0,0,0.0,0,abandono
Enfermería,3,diurna,136.0,131.1,0,1,0,19,15.5,2.8,-4.06,0,7,9,6,13.411428571428573,0,continua_matriculado
Servicio social,2,diurna,129.0,129.4,0,1,0,18,9.4,-0.8,-3.12,0,6,7,6,12.333333333333334,0,graduado
Enfermería veterinaria,1,diurna,126.0,123.9,0,1,0,19,12.4,0.5,1.79,0,6,13,4,11.8,0,continua_matriculado
Enfermería veterinaria,1,diurna,140.0,140.0,1,1,0,22,13.9,-0.3,0.79,2,6,9,6,12.0,0,abandono
Enfermería veterinaria,1,diurna,162.0,162.0,0,1,0,19,12.4,0.5,1.79,0,6,7,6,15.0,0,graduado
Diseño de animación y multimedia,1,diurna,148.0,131.6,0,1,0,21,8.9,1.4,3.51,6,12,12,8,13.875,0,abandono
Educación básica,1,diurna,119.0,110.6,0,1,0,20,11.1,0.6,2.02,0,7,9,6,11.833333333333334,0,continua_matriculado
Periodismo y comunicación,3,diurna,123.0,117.4,0,1,1,18,16.2,0.3,-0.92,0,6,6,6,12.5,0,graduado
Periodismo y comunicación,1,diurna,150.0,137.8,0,1,1,18,8.9,1.4,3.51,0,6,6,6,15.0,0,graduado
Gestión de publicidad y marketing,1,diurna,113.0,106.7,1,1,0,20,15.5,2.8,-4.06,0,6,10,2,11.666666666666666,0,abandono
Enfermería,1,diurna,152.0,156.9,0,1,1,18,15.5,2.8,-4.06,0,7,10,7,14.668,0,graduado
Enfermería,3,diurna,154.0,129.0,0,1,0,18,9.4,-0.8,-3.12,0,8,9,6,13.345,2,continua_matriculado
Periodismo y comunicación,2,diurna,130.0,124.8,0,1,1,20,12.4,0.5,1.79,0,6,7,5,12.8,0,graduado
Servicio social,1,diurna,121.0,115.1,0,1,0,19,11.1,0.6,2.02,0,6,10,6,10.833333333333334,0,graduado
Diseño de comunicación,1,diurna,153.0,146.7,0,1,0,18,12.7,3.7,-1.7,0,6,6,6,13.666666666666666,0,graduado
Enfermería,1,diurna,148.0,132.8,0,1,0,18,10.8,1.4,1.74,0,8,8,7,14.537142857142856,0,graduado
Enfermería veterinaria,3,diurna,143.0,159.1,1,1,1,18,7.6,2.6,0.32,0,5,5,5,14.4,0,abandono
Diseño de animación y multimedia,3,diurna,147.0,137.6,0,1,1,20,12.7,3.7,-1.7,0,0,0,0,0.0,0,graduado
Periodismo y comunicación,1,diurna,138.0,124.0,0,1,1,19,11.1,0.6,2.02,0,6,6,6,13.166666666666666,0,graduado
Enfermería,1,diurna,120.0,149.0,0,0,0,36,15.5,2.8,-4.06,0,6,15,2,11.5,0,abandono
Servicio social,1,diurna,145.0,129.6,0,1,1,19,11.1,0.6,2.02,0,6,7,6,11.333333333333334,0,graduado
Servicio social,3,diurna,118.0,110.0,0,1,0,18,8.9,1.4,3.51,0,6,6,6,12.0,0,graduado
Periodismo y comunicación,3,diurna,121.0,116.1,0,1,1,18,12.4,0.5,1.79,0,6,6,6,13.166666666666666,0,graduado
Periodismo y comunicación,3,diurna,135.0,133.3,0,1,1,18,8.9,1.4,3.51,0,6,6,6,14.833333333333334,0,graduado
Diseño de comunicación,1,diurna,140.0,144.3,0,1,0,19,12.4,0.5,1.79,2,7,7,7,13.0,0,graduado
Enfermería,3,diurna,145.0,133.6,0,1,0,18,11.1,0.6,2.02,0,7,8,7,13.087142857142856,0,graduado
Equinocultura,1,diurna,133.0,123.2,0,1,1,19,8.9,1.4,3.51,0,6,8,6,13.333333333333334,0,graduado
Educación básica,1,diurna,127.0,137.2,0,1,0,18,10.8,1.4,1.74,0,6,7,6,12.166666666666666,0,continua_matriculado
Diseño de comunicación,1,diurna,130.0,130.0,0,0,1,22,8.9,1.4,3.51,0,6,8,6,11.0,0,continua_matriculado
Servicio social,2,diurna,117.0,110.0,1,0,0,18,11.1,0.6,2.02,0,6,0,0,0.0,0,abandono
Administración,4,diurna,125.0,118.0,0,1,0,19,8.9,1.4,3.51,0,5,7,5,13.6,0,graduado
Periodismo y comunicación,1,diurna,141.0,128.4,0,1,0,18,11.1,0.6,2.02,0,6,6,6,15.5,0,graduado
Educación básica,3,diurna,122.0,113.6,0,1,0,19,11.1,0.6,2.02,0,7,7,7,13.857142857142858,0,graduado
Administración,2,diurna,118.0,113.5,1,1,0,20,11.1,0.6,2.02,0,5,10,2,11.5,0,continua_matriculado
Diseño de comunicación,3,diurna,142.0,146.9,0,1,1,18,16.2,0.3,-0.92,0,6,6,6,13.0,0,graduado
Equinocultura,1,diurna,143.0,141.3,1,0,0,23,11.1,0.6,2.02,0,6,10,6,14.0,0,continua_matriculado
Periodismo y comunicación,4,diurna,143.0,129.7,0,1,0,20,8.9,1.4,3.51,0,4,4,0,0.0,0,abandono
Diseño de comunicación,5,diurna,123.0,121.3,0,1,0,20,12.4,0.5,1.79,0,6,6,6,11.166666666666666,0,continua_matriculado
Servicio social,1,diurna,115.0,109.1,1,0,1,22,12.4,0.5,1.79,0,6,0,0,0.0,0,abandono
Educación básica,2,diurna,112.0,107.1,0,1,1,18,11.1,0.6,2.02,0,7,8,7,12.142857142857142,0,graduado
Enfermería,1,diurna,135.0,129.2,0,1,1,18,11.1,0.6,2.02,0,7,7,7,14.145714285714286,0,graduado
Enfermería,1,diurna,162.0,154.1,0,1,0,18,11.1,0.6,2.02,0,7,7,7,14.45,0,graduado
Educación básica,1,diurna,143.0,147.2,0,1,0,18,11.1,0.6,2.02,0,7,7,7,15.714285714285714,0,graduado
Administración,1,diurna,130.0,120.0,0,1,0,21,11.1,0.6,2.02,0,5,9,5,12.8,0,continua_matriculado
Diseño de comunicación,1,diurna,136.0,130.8,0,1,0,20,10.8,1.4,1.74,0,6,6,6,12.5,0,continua_matriculado
Diseño de comunicación,1,diurna,125.0,120.8,0,1,0,18,12.4,0.5,1.79,0,6,6,6,14.5,0,graduado
Enfermería,2,diurna,132.0,125.4,0,0,1,20,11.1,0.6,2.02,0,7,7,7,13.462857142857144,0,continua_matriculado
Servicio social,1,vespertina,123.0,121.3,0,1,0,25,7.6,2.6,0.32,0,6,6,6,12.833333333333334,0,graduado
Administración,1,diurna,142.0,127.0,0,1,1,18,13.9,-0.3,0.79,0,5,10,5,12.0,0,graduado
Diseño de animación y multimedia,3,diurna,147.0,151.6,0,1,0,19,13.9,-0.3,0.79,0,0,0,0,0.0,0,graduado
Enfermería veterinaria,1,diurna,140.0,131.6,0,1,0,20,12.4,0.5,1.79,0,7,9,6,14.714285714285714,0,continua_matriculado
Servicio social,2,diurna,133.1,106.0,0,1,1,20,12.4,0.5,1.79,0,6,7,6,12.571428571428571,0,graduado
Periodismo y comunicación,4,diurna,114.0,111.6,0,1,1,21,11.1,0.6,2.02,0,6,6,6,12.5,0,graduado
Gestión de publicidad y marketing,3,diurna,125.0,117.3,0,1,0,18,8.9,1.4,3.51,0,6,8,6,14.0,0,graduado
Educación básica,1,diurna,127.0,121.4,0,1,0,18,11.1,0.6,2.02,0,7,8,7,11.571428571428571,0,abandono
Diseño de comunicación,3,diurna,132.0,126.1,0,1,1,18,11.1,0.6,2.02,0,6,6,6,15.833333333333334,0,graduado
Enfermería,4,diurna,148.0,137.0,0,1,0,18,9.4,-0.8,-3.12,0,8,8,8,14.25,0,graduado
Gestión de publicidad y marketing,1,diurna,139.0,120.8,0,1,0,19,15.5,2.8,-4.06,0,6,0,0,0.0,0,abandono
Turismo,1,diurna,136.0,128.7,0,1,0,20,13.9,-0.3,0.79,0,6,8,6,11.666666666666666,0,abandono
Servicio social,1,diurna,133.1,118.0,0,1,0,47,7.6,2.6,0.32,0,6,12,0,0.0,0,abandono
Equinocultura,1,diurna,120.0,120.0,1,1,0,21,10.8,1.4,1.74,2,5,9,5,13.2,2,continua_matriculado
Equinocultura,1,diurna,130.0,160.0,0,1,0,31,16.2,0.3,-0.92,1,6,11,2,12.0,1,abandono
Ingeniería informática,1,diurna,110.0,150.0,0,1,0,46,7.6,2.6,0.32,0,5,6,0,0.0,0,abandono
Ingeniería informática,3,diurna,133.0,121.8,0,1,0,18,8.9,1.4,3.51,0,5,9,4,12.0,0,continua_matriculado
Ingeniería informática,3,diurna,138.0,125.4,0,1,0,19,8.9,1.4,3.51,0,5,10,3,13.333333333333334,0,abandono
Higiene oral,1,diurna,131.0,126.6,0,1,0,23,8.9,1.4,3.51,0,7,11,5,12.414285714285713,0,continua_matriculado
Equinocultura,1,diurna,150.0,150.0,0,0,0,22,12.7,3.7,-1.7,0,5,5,0,0.0,0,abandono
Administración,1,diurna,125.0,114.5,0,1,0,19,9.4,-0.8,-3.12,0,5,5,5,13.8,0,graduado
Administración,1,diurna,108.0,107.0,1,0,0,19,8.9,1.4,3.51,0,5,14,0,0.0,0,abandono
Administración,1,diurna,116.0,115.7,0,0,0,22,8.9,1.4,3.51,0,5,10,4,11.5,0,continua_matriculado
Equinocultura,1,diurna,133.1,120.0,1,0,0,29,9.4,-0.8,-3.12,0,5,11,0,0.0,4,abandono
Enfermería,3,diurna,147.0,134.8,0,1,0,18,7.6,2.6,0.32,0,7,7,6,14.016666666666666,0,graduado
Servicio social,1,diurna,143.0,133.6,0,1,0,18,9.4,-0.8,-3.12,0,6,9,5,11.4,0,graduado
Diseño de animación y multimedia,1,diurna,115.0,129.0,1,0,1,23,9.4,-0.8,-3.12,0,0,0,0,0.0,0,abandono
Administración,1,vespertina,160.0,128.4,0,1,0,34,12.4,0.5,1.79,0,5,12,5,10.4,0,graduado
Administración,1,diurna,118.0,122.2,0,1,0,19,11.1,0.6,2.02,0,5,11,3,10.666666666666666,0,graduado
Enfermería veterinaria,1,diurna,122.0,113.3,0,1,0,18,10.8,1.4,1.74,0,5,9,4,14.25,0,continua_matriculado
Enfermería,6,diurna,143.0,129.9,0,1,1,20,11.1,0.6,2.02,3,7,7,7,13.914285714285713,0,graduado
Enfermería,6,diurna,133.0,126.2,0,1,0,19,15.5,2.8,-4.06,0,7,9,7,13.761111111111113,0,graduado
Educación básica,2,diurna,122.0,112.6,0,1,0,22,12.7,3.7,-1.7,0,6,10,5,12.6,0,continua_matriculado
Servicio social,1,diurna,164.0,149.0,0,1,1,23,10.8,1.4,1.74,0,6,7,6,13.857142857142858,0,graduado
Enfermería,1,diurna,133.1,120.0,0,1,1,34,12.7,3.7,-1.7,0,8,8,7,13.842857142857143,0,graduado
Ingeniería informática,4,diurna,127.0,120.4,1,0,0,18,9.4,-0.8,-3.12,0,5,12,0,0.0,0,continua_matriculado
Periodismo y comunicación,3,diurna,140.0,128.1,0,1,0,21,16.2,0.3,-0.92,0,6,6,5,11.8,0,abandono
Servicio social,1,diurna,127.0,141.7,0,1,0,22,10.8,1.4,1.74,0,6,6,6,12.666666666666666,0,abandono
Agronomía,1,diurna,133.1,130.0,0,1,0,28,11.1,0.6,2.02,0,6,6,0,0.0,0,abandono
Ingeniería informática,4,diurna,115.0,113.3,0,1,0,23,7.6,2.6,0.32,0,5,7,0,0.0,0,abandono
Periodismo y comunicación,1,diurna,108.0,105.9,0,1,0,20,7.6,2.6,0.32,0,6,11,4,10.75,0,abandono
Ingeniería informática,2,diurna,136.0,122.7,0,1,0,18,13.9,-0.3,0.79,0,5,7,5,12.6,0,abandono
Administración,2,diurna,133.1,120.0,1,0,0,28,9.4,-0.8,-3.12,0,5,5,0,0.0,0,abandono
Diseño de comunicación,1,diurna,120.0,119.8,0,1,0,21,12.4,0.5,1.79,2,7,7,2,12.0,0,abandono
Gestión de publicidad y marketing,1,diurna,133.1,122.9,1,0,0,25,13.9,-0.3,0.79,0,6,7,3,14.0,0,abandono
Enfermería veterinaria,1,diurna,160.0,160.0,0,0,0,19,12.4,0.5,1.79,2,6,6,6,14.0,0,abandono
Enfermería,4,diurna,128.0,125.2,0,1,1,18,12.4,0.5,1.79,0,7,7,7,14.682857142857143,0,graduado
Ingeniería informática,1,diurna,130.0,143.4,0,1,0,29,10.8,1.4,1.74,0,3,3,0,0.0,3,abandono
Ingeniería informática,1,diurna,133.1,96.7,0,1,1,29,12.4,0.5,1.79,0,5,6,0,0.0,0,abandono
Turismo,1,diurna,137.0,126.9,0,1,0,20,16.2,0.3,-0.92,0,6,7,6,13.857142857142858,0,graduado
Diseño de animación y multimedia,1,diurna,163.0,143.1,0,1,0,18,9.4,-0.8,-3.12,0,0,0,0,0.0,0,graduado
Turismo,1,diurna,125.0,114.5,0,1,0,20,8.9,1.4,3.51,0,6,8,6,13.142857142857142,0,graduado
Ingeniería informática,1,diurna,120.0,140.0,0,1,0,33,9.4,-0.8,-3.12,0,5,14,1,18.0,0,abandono
Administración,1,vespertina,150.0,113.7,0,1,0,30,16.2,0.3,-0.92,11,15,15,13,11.461538461538462,0,graduado
Higiene oral,1,diurna,135.0,131.5,0,1,1,21,16.2,0.3,-0.92,0,7,14,5,11.2,0,continua_matriculado
Agronomía,1,diurna,148.0,143.5,1,1,0,18,8.9,1.4,3.51,0,6,6,5,15.0,0,graduado
Enfermería,1,diurna,138.0,126.8,0,1,1,19,15.5,2.8,-4.06,0,7,9,7,14.244444444444444,0,graduado
Diseño de comunicación,1,diurna,119.0,115.2,0,1,1,21,15.5,2.8,-4.06,0,6,8,4,11.5,0,abandono
Higiene oral,2,diurna,130.0,100.0,0,1,1,25,15.5,2.8,-4.06,0,7,7,2,10.0,0,abandono
Gestión de publicidad y marketing,2,diurna,135.0,121.4,0,1,0,19,9.4,-0.8,-3.12,0,5,7,3,12.333333333333334,0,graduado
Diseño de comunicación,1,diurna,120.0,120.0,0,1,0,23,16.2,0.3,-0.92,2,7,8,5,12.2,0,abandono
Diseño de comunicación,2,diurna,126.0,129.9,0,1,1,19,12.4,0.5,1.79,0,6,6,6,13.666666666666666,0,graduado
Diseño de animación y multimedia,1,diurna,149.0,151.1,0,1,0,19,9.4,-0.8,-3.12,0,0,0,0,0.0,0,graduado
Agronomía,1,diurna,110.0,120.0,1,0,0,31,16.2,0.3,-0.92,0,6,15,1,11.0,0,abandono
Agronomía,1,diurna,133.1,130.0,1,0,0,32,16.2,0.3,-0.92,0,6,8,3,13.0,0,abandono
Enfermería,2,diurna,127.0,119.0,0,1,1,19,10.8,1.4,1.74,0,8,12,7,12.599999999999998,0,graduado
Periodismo y comunicación,1,diurna,120.0,122.0,0,1,0,34,7.6,2.6,0.32,8,10,11,10,12.2,0,graduado
Periodismo y comunicación,6,diurna,136.0,129.7,0,1,0,21,7.6,2.6,0.32,0,6,6,6,13.166666666666666,0,graduado
Servicio social,2,diurna,110.0,112.5,0,1,1,53,9.4,-0.8,-3.12,4,7,16,6,11.0,0,graduado
Enfermería,1,diurna,136.0,136.0,0,1,1,19,13.9,-0.3,0.79,0,7,7,7,14.014285714285714,0,graduado
Periodismo y comunicación,3,diurna,145.0,133.1,0,1,1,20,10.8,1.4,1.74,0,6,9,4,13.0,0,graduado
Periodismo y comunicación,2,diurna,159.0,151.3,0,1,0,18,10.8,1.4,1.74,0,6,6,6,14.0,0,graduado
Diseño de animación y multimedia,1,diurna,147.0,133.3,0,0,0,32,16.2,0.3,-0.92,0,0,0,0,0.0,0,abandono
Enfermería,1,diurna,150.0,130.8,0,1,1,21,12.7,3.7,-1.7,0,8,8,7,14.428571428571429,0,graduado
Servicio social,1,vespertina,140.0,140.0,0,0,0,26,9.4,-0.8,-3.12,0,5,9,0,0.0,0,abandono
Enfermería veterinaria,1,diurna,150.0,150.0,0,1,0,26,15.5,2.8,-4.06,11,18,45,18,11.833333333333334,10,graduado
Administración,1,vespertina,130.0,130.0,0,0,0,21,15.5,2.8,-4.06,0,5,12,3,11.333333333333334,0,abandono
Periodismo y comunicación,1,diurna,120.0,125.3,0,1,0,18,7.6,2.6,0.32,0,6,9,6,12.5,0,graduado
Diseño de comunicación,1,diurna,130.0,124.0,0,1,1,21,15.5,2.8,-4.06,4,12,12,12,13.333333333333334,0,graduado
Turismo,1,diurna,112.0,113.8,0,1,0,21,7.6,2.6,0.32,0,6,10,6,10.833333333333334,0,continua_matriculado
Gestión de publicidad y marketing,1,diurna,128.0,124.4,0,1,1,19,13.9,-0.3,0.79,0,6,6,6,13.0,0,graduado
Administración,1,diurna,114.0,107.7,0,1,0,19,10.8,1.4,1.74,0,5,7,2,10.0,0,abandono
Servicio social,2,diurna,118.0,110.0,0,1,1,19,10.8,1.4,1.74,0,6,8,6,11.428571428571429,0,graduado
Enfermería,1,diurna,130.0,130.0,0,1,0,27,9.4,-0.8,-3.12,0,8,8,8,12.8875,0,graduado
Enfermería,2,diurna,145.0,138.8,0,1,1,18,7.6,2.6,0.32,0,7,7,6,12.95,0,graduado
Administración,2,diurna,121.0,126.3,0,1,0,20,12.7,3.7,-1.7,0,5,12,1,10.0,2,abandono
Enfermería,3,diurna,114.0,114.5,0,1,1,19,12.4,0.5,1.79,0,7,7,7,13.094285714285714,0,graduado
Gestión de publicidad y marketing,4,diurna,127.0,116.5,0,1,0,20,16.2,0.3,-0.92,0,6,7,0,0.0,0,abandono
Servicio social,2,diurna,145.0,128.6,0,1,1,19,12.7,3.7,-1.7,0,6,12,5,11.714285714285714,0,graduado
Servicio social,5,diurna,130.0,130.0,0,1,0,20,9.4,-0.8,-3.12,0,6,8,4,11.25,0,continua_matriculado
Diseño de animación y multimedia,1,diurna,150.0,134.6,0,1,0,20,15.5,2.8,-4.06,0,0,0,0,0.0,0,abandono
Educación básica,1,diurna,145.0,146.8,0,1,0,18,7.6,2.6,0.32,0,6,6,6,13.166666666666666,0,graduado
Enfermería veterinaria,1,diurna,128.0,135.7,0,1,0,20,10.8,1.4,1.74,0,5,7,4,12.75,0,graduado
Administración,1,vespertina,140.0,120.0,0,0,0,38,12.7,3.7,-1.7,0,5,6,5,10.6,0,abandono
Servicio social,1,vespertina,130.0,138.0,0,1,0,42,8.9,1.4,3.51,0,6,8,5,11.2,0,graduado
Enfermería,1,diurna,140.0,135.5,0,1,0,32,13.9,-0.3,0.79,0,7,0,0,0.0,0,abandono
Periodismo y comunicación,1,diurna,120.0,120.0,0,1,0,22,12.4,0.5,1.79,0,6,6,6,13.0,0,graduado
Administración,1,vespertina,147.0,111.7,0,1,0,28,7.6,2.6,0.32,0,5,10,0,0.0,0,abandono
Servicio social,1,vespertina,133.1,100.0,0,1,0,37,9.4,-0.8,-3.12,0,6,0,0,0.0,0,abandono
Agronomía,1,diurna,160.0,160.0,0,1,0,43,15.5,2.8,-4.06,0,6,8,6,14.166666666666666,0,graduado
Servicio social,1,vespertina,133.1,114.8,0,1,1,41,13.9,-0.3,0.79,0,6,10,5,12.833333333333334,0,graduado
Servicio social,1,vespertina,140.0,131.0,0,1,1,29,10.8,1.4,1.74,0,6,11,4,11.75,0,graduado
Servicio social,1,vespertina,133.1,97.0,0,1,1,35,10.8,1.4,1.74,0,6,8,6,10.833333333333334,0,graduado
Servicio social,6,diurna,131.0,131.7,0,1,0,18,9.4,-0.8,-3.12,0,6,8,4,11.75,0,abandono
Enfermería,1,diurna,133.1,120.0,0,0,1,39,16.2,0.3,-0.92,0,7,14,3,11.5,0,abandono
Administración,1,vespertina,120.0,110.0,0,1,0,37,12.7,3.7,-1.7,0,5,14,2,10.0,0,continua_matriculado
Enfermería,1,diurna,130.0,133.0,0,1,1,26,7.6,2.6,0.32,0,7,7,6,13.7,0,graduado
Enfermería veterinaria,1,diurna,140.0,140.0,0,1,0,32,10.8,1.4,1.74,0,5,8,1,14.0,2,abandono
Servicio social,1,vespertina,133.1,100.0,1,1,0,37,13.9,-0.3,0.79,3,8,12,7,11.375,0,continua_matriculado
Enfermería veterinaria,1,diurna,140.0,129.3,1,1,0,28,8.9,1.4,3.51,0,6,17,0,0.0,0,continua_matriculado
Servicio social,1,diurna,133.1,137.0,0,1,0,19,7.6,2.6,0.32,0,6,10,0,0.0,4,abandono
Administración,5,diurna,125.0,122.2,0,1,0,18,7.6,2.6,0.32,0,5,9,1,11.0,0,continua_matriculado
Educación básica,1,diurna,115.0,108.0,0,1,1,19,12.4,0.5,1.79,0,7,10,6,13.0,0,graduado
Gestión de publicidad y marketing,1,diurna,110.0,110.0,0,1,0,32,13.9,-0.3,0.79,4,11,15,8,13.6,0,graduado
Administración,1,diurna,140.0,127.7,0,1,0,31,7.6,2.6,0.32,0,5,8,3,11.0,0,abandono
Enfermería,1,diurna,100.0,121.3,0,1,0,34,10.8,1.4,1.74,0,8,11,7,11.705714285714285,0,continua_matriculado
Diseño de animación y multimedia,3,diurna,145.0,140.1,0,1,0,20,8.9,1.4,3.51,6,12,12,12,13.25,0,graduado
Enfermería,1,diurna,133.1,114.8,0,1,0,28,13.9,-0.3,0.79,0,7,15,1,10.75,0,abandono
Administración,1,vespertina,150.0,150.0,0,1,0,31,9.4,-0.8,-3.12,2,6,8,6,12.0,0,continua_matriculado
Periodismo y comunicación,1,diurna,145.0,131.7,0,1,0,18,7.6,2.6,0.32,0,6,7,6,12.666666666666666,0,continua_matriculado
Servicio social,1,vespertina,133.1,110.0,0,0,0,31,9.4,-0.8,-3.12,0,6,8,5,11.4,0,abandono
Periodismo y comunicación,3,diurna,110.0,105.5,0,1,0,19,12.4,0.5,1.79,0,6,6,6,13.0,0,graduado
Servicio social,1,diurna,128.0,127.3,0,1,1,19,16.2,0.3,-0.92,0,6,8,6,14.0,0,graduado
Servicio social,1,diurna,133.1,130.0,0,1,0,31,9.4,-0.8,-3.12,0,6,11,0,0.0,0,continua_matriculado
Enfermería veterinaria,1,diurna,130.0,130.0,0,1,0,34,15.5,2.8,-4.06,0,6,0,0,0.0,0,abandono
Higiene oral,1,diurna,137.0,122.7,0,1,1,18,12.4,0.5,1.79,0,7,7,7,15.285714285714286,0,graduado
Turismo,2,diurna,123.0,113.9,0,1,0,18,11.1,0.6,2.02,0,6,6,6,13.166666666666666,0,graduado
Administración,1,diurna,156.0,151.1,1,1,0,19,16.2,0.3,-0.92,0,5,7,5,13.6,0,graduado
Periodismo y comunicación,2,diurna,133.1,125.8,0,0,1,22,7.6,2.6,0.32,0,4,8,0,0.0,0,abandono
Gestión de publicidad y marketing,1,diurna,100.0,128.2,0,1,0,32,7.6,2.6,0.32,6,10,12,10,11.4,0,graduado
Administración,1,diurna,140.0,135.1,0,1,0,61,15.5,2.8,-4.06,0,5,0,0,0.0,0,abandono
Administración,1,vespertina,130.0,120.2,0,1,0,30,7.6,2.6,0.32,0,5,7,5,11.0,0,graduado
Administración,1,vespertina,133.1,132.8,1,0,0,45,12.4,0.5,1.79,0,5,9,0,0.0,0,abandono
Agronomía,1,diurna,140.0,140.0,0,1,0,20,12.4,0.5,1.79,0,6,7,6,13.571428571428571,0,graduado
Enfermería,5,diurna,137.0,129.3,0,1,0,19,9.4,-0.8,-3.12,0,7,0,0,0.0,0,abandono
Ingeniería informática,1,diurna,120.0,108.2,0,1,0,26,7.6,2.6,0.32,4,10,14,4,11.25,0,abandono
Gestión de publicidad y marketing,4,diurna,125.0,125.4,0,1,0,19,7.6,2.6,0.32,0,5,6,3,13.333333333333334,0,abandono
Periodismo y comunicación,1,diurna,130.0,140.2,0,1,1,19,16.2,0.3,-0.92,0,6,6,6,12.0,0,graduado
Periodismo y comunicación,3,diurna,115.0,116.1,0,1,0,19,12.4,0.5,1.79,0,6,6,6,12.5,0,graduado
Administración,1,diurna,150.0,137.8,0,1,1,19,16.2,0.3,-0.92,0,5,6,5,13.2,0,graduado
Gestión de publicidad y marketing,3,diurna,134.0,128.4,0,0,0,19,7.6,2.6,0.32,0,5,5,0,0.0,0,abandono
Gestión de publicidad y marketing,1,diurna,120.0,106.0,0,0,0,28,7.6,2.6,0.32,0,5,7,3,11.666666666666666,0,abandono
Administración,1,diurna,141.0,130.2,0,1,0,24,9.4,-0.8,-3.12,10,15,16,15,13.466666666666669,1,graduado
Equinocultura,1,diurna,133.0,126.0,0,1,0,18,7.6,2.6,0.32,0,5,7,3,13.666666666666666,0,graduado
Ingeniería informática,2,diurna,149.0,141.0,0,1,0,18,7.6,2.6,0.32,0,5,9,2,11.666666666666666,0,continua_matriculado
Periodismo y comunicación,1,diurna,121.0,113.0,0,1,1,18,12.4,0.5,1.79,0,6,7,6,11.666666666666666,0,graduado
Agronomía,1,diurna,120.0,120.0,0,1,0,21,8.9,1.4,3.51,0,6,9,5,13.4,0,graduado
Administración,1,vespertina,148.0,130.9,0,0,0,28,12.4,0.5,1.79,0,5,5,0,0.0,0,abandono
Agronomía,1,diurna,133.1,120.0,0,1,0,58,13.9,-0.3,0.79,0,6,9,0,0.0,0,abandono
Administración,1,vespertina,135.0,134.1,0,0,0,49,7.6,2.6,0.32,0,5,5,0,0.0,0,abandono
Ingeniería informática,1,diurna,150.0,120.0,0,1,0,24,15.5,2.8,-4.06,0,5,6,3,10.666666666666666,0,continua_matriculado
Gestión de publicidad y marketing,1,diurna,130.0,114.8,0,1,0,25,7.6,2.6,0.32,0,5,5,4,13.75,0,graduado
Administración,1,diurna,133.1,123.0,0,1,0,33,7.6,2.6,0.32,0,5,5,1,10.0,0,abandono
Ingeniería informática,2,diurna,133.1,118.0,0,0,0,33,9.4,-0.8,-3.12,0,5,11,0,0.0,0,abandono
Educación básica,1,diurna,110.0,100.0,0,1,0,40,13.9,-0.3,0.79,0,2,4,1,16.0,0,graduado
Administración,1,vespertina,170.0,151.1,0,1,0,48,16.2,0.3,-0.92,0,5,9,5,12.285714285714286,0,graduado
Ingeniería informática,3,diurna,120.0,116.9,1,0,0,18,8.9,1.4,3.51,0,5,10,3,12.0,0,continua_matriculado
Enfermería,1,diurna,133.1,106.0,0,1,0,24,7.6,2.6,0.32,0,7,7,6,12.666666666666666,1,graduado
Enfermería veterinaria,1,diurna,139.0,127.1,0,1,1,23,10.8,1.4,1.74,0,5,6,5,11.8,0,graduado
Administración,1,vespertina,133.1,155.5,1,0,0,39,10.8,1.4,1.74,0,5,6,5,10.6,0,abandono
Agronomía,1,diurna,133.1,101.0,0,1,0,21,15.5,2.8,-4.06,5,11,16,9,11.9,0,graduado
Ingeniería informática,1,diurna,120.0,128.2,0,1,0,34,7.6,2.6,0.32,4,6,8,4,11.25,0,abandono
Administración,1,vespertina,100.0,113.0,0,1,1,41,8.9,1.4,3.51,0,5,9,4,11.0,0,continua_matriculado
Periodismo y comunicación,1,diurna,134.0,122.8,0,1,0,18,12.7,3.7,-1.7,0,6,6,6,12.0,0,graduado
Administración,1,vespertina,130.0,145.6,0,1,0,34,13.9,-0.3,0.79,0,5,10,4,11.75,0,continua_matriculado
Administración,1,diurna,128.0,116.5,0,1,0,19,7.6,2.6,0.32,0,5,8,2,10.0,0,abandono
Enfermería,1,diurna,154.0,142.0,0,1,0,19,12.7,3.7,-1.7,0,8,8,7,13.714285714285714,0,graduado
Agronomía,1,diurna,150.0,150.0,0,1,0,28,16.2,0.3,-0.92,0,6,14,6,14.875,0,graduado
Diseño de comunicación,1,diurna,134.0,133.3,0,1,0,18,7.6,2.6,0.32,0,6,7,5,10.8,1,abandono
Servicio social,1,diurna,127.0,115.8,0,1,0,19,11.1,0.6,2.02,0,6,11,3,12.0,0,abandono
Enfermería veterinaria,2,diurna,133.1,100.0,1,0,0,19,12.4,0.5,1.79,0,6,10,5,12.5,0,abandono
Enfermería,1,diurna,130.0,128.6,0,1,0,18,16.2,0.3,-0.92,0,7,7,7,14.728571428571428,0,graduado
Equinocultura,1,diurna,135.0,137.1,0,1,0,18,12.4,0.5,1.79,0,6,8,6,12.0,0,graduado
Periodismo y comunicación,1,diurna,143.0,149.0,0,1,0,18,11.1,0.6,2.02,0,6,8,6,11.428571428571429,0,abandono
Servicio social,2,diurna,150.0,147.0,0,1,0,19,12.4,0.5,1.79,3,6,6,6,14.166666666666666,0,graduado
Servicio social,1,diurna,150.0,150.0,0,1,0,31,12.7,3.7,-1.7,1,6,12,5,12.5,0,graduado
Servicio social,1,vespertina,130.0,103.5,0,1,1,33,12.7,3.7,-1.7,0,6,6,6,14.166666666666666,0,graduado
Enfermería,3,diurna,113.0,107.8,0,1,1,20,12.4,0.5,1.79,0,7,10,5,14.46,0,continua_matriculado
Enfermería veterinaria,1,diurna,130.0,130.0,0,1,0,22,12.4,0.5,1.79,0,6,12,5,12.8,0,continua_matriculado
Turismo,1,diurna,115.0,109.4,0,1,0,19,11.1,0.6,2.02,0,6,8,6,12.666666666666666,0,graduado
Diseño de comunicación,3,diurna,146.0,143.6,0,1,0,18,7.6,2.6,0.32,0,6,6,6,12.5,0,abandono
Diseño de comunicación,3,diurna,132.0,124.3,0,1,0,18,15.5,2.8,-4.06,0,6,0,0,0.0,0,abandono
Gestión de publicidad y marketing,5,diurna,116.0,119.5,0,0,0,18,8.9,1.4,3.51,0,6,0,0,0.0,0,abandono
Diseño de animación y multimedia,1,diurna,163.0,175.6,0,1,0,18,11.1,0.6,2.02,0,0,0,0,0.0,0,graduado
Administración,2,diurna,122.0,116.1,0,1,1,19,12.4,0.5,1.79,0,5,8,5,11.2,0,graduado
Servicio social,2,diurna,136.0,126.6,0,1,0,18,11.1,0.6,2.02,0,6,6,6,16.5,0,abandono
Enfermería veterinaria,1,diurna,142.0,130.8,0,1,0,18,12.7,3.7,-1.7,0,5,9,3,13.666666666666666,1,graduado
Enfermería,6,diurna,139.0,133.5,0,1,1,18,12.7,3.7,-1.7,0,8,8,7,15.228571428571428,0,graduado
Servicio social,1,diurna,140.0,136.9,0,1,0,21,8.9,1.4,3.51,5,9,10,9,12.77777777777778,0,graduado
Enfermería,1,diurna,165.0,142.3,0,1,1,18,12.7,3.7,-1.7,0,8,8,7,14.428571428571429,0,graduado
Gestión de publicidad y marketing,3,diurna,122.0,114.3,0,1,0,18,11.1,0.6,2.02,0,6,8,6,13.875,0,graduado
Enfermería,2,diurna,135.0,122.9,0,1,0,18,15.5,2.8,-4.06,0,7,10,7,13.128,0,graduado
Enfermería,1,diurna,128.0,117.2,0,1,0,20,16.2,0.3,-0.92,0,7,9,6,11.605,0,graduado
Administración,1,diurna,139.0,152.0,0,1,1,18,12.7,3.7,-1.7,0,5,5,5,14.6,0,graduado
Periodismo y comunicación,2,diurna,125.0,122.2,0,1,0,18,11.1,0.6,2.02,0,6,0,0,0.0,0,abandono
Administración,2,diurna,102.0,101.7,0,1,1,20,8.9,1.4,3.51,0,5,6,5,11.8,0,graduado
Turismo,1,diurna,116.0,119.9,0,1,0,20,12.4,0.5,1.79,0,6,6,6,12.333333333333334,0,graduado
Administración,1,diurna,138.0,123.7,1,1,1,19,11.1,0.6,2.02,0,5,5,4,11.0,0,abandono
Diseño de comunicación,1,diurna,135.0,121.8,0,1,1,19,11.1,0.6,2.02,5,11,11,11,13.181818181818182,0,graduado
Gestión de publicidad y marketing,4,diurna,110.0,106.1,1,0,1,18,12.7,3.7,-1.7,0,6,6,1,11.0,0,abandono
Periodismo y comunicación,3,diurna,132.0,124.3,1,1,1,19,15.5,2.8,-4.06,0,6,6,6,11.833333333333334,0,graduado
Enfermería,2,diurna,126.0,124.3,0,1,1,20,9.4,-0.8,-3.12,0,8,8,8,12.98125,0,graduado
Administración,1,diurna,117.4,117.4,0,1,0,21,11.1,0.6,2.02,4,7,10,6,11.333333333333334,0,graduado
Enfermería,2,diurna,120.0,112.7,0,1,0,21,10.8,1.4,1.74,0,8,12,6,11.68,0,graduado
Diseño de comunicación,1,diurna,116.0,123.7,0,1,0,20,11.1,0.6,2.02,0,6,6,6,14.5,0,graduado
Educación básica,2,diurna,111.0,105.8,0,1,0,19,8.9,1.4,3.51,0,7,7,7,13.142857142857142,0,graduado
Enfermería veterinaria,3,diurna,128.0,124.2,0,0,0,21,7.6,2.6,0.32,0,5,8,2,11.5,0,abandono
Enfermería veterinaria,1,diurna,123.0,122.3,0,1,0,18,7.6,2.6,0.32,0,5,6,5,14.2,0,graduado
Turismo,5,diurna,131.0,123.7,0,1,1,19,8.9,1.4,3.51,0,6,8,5,11.666666666666666,0,graduado
Enfermería,2,diurna,135.0,129.8,0,1,0,18,13.9,-0.3,0.79,0,7,8,7,13.175,0,graduado
Enfermería,4,diurna,136.0,123.8,0,1,1,19,12.7,3.7,-1.7,0,8,8,7,13.314285714285717,0,graduado
Administración,2,diurna,132.0,126.4,0,1,1,18,13.9,-0.3,0.79,0,5,13,3,10.6,0,graduado
Educación básica,1,diurna,120.0,115.1,0,1,1,18,15.5,2.8,-4.06,0,6,11,4,12.0,0,continua_matriculado
Periodismo y comunicación,1,diurna,144.0,138.4,0,1,0,18,13.9,-0.3,0.79,0,6,7,6,13.428571428571429,0,graduado
Enfermería veterinaria,1,diurna,129.0,118.2,0,1,1,18,10.8,1.4,1.74,0,5,7,4,13.25,0,graduado
Diseño de comunicación,1,diurna,136.0,121.7,0,1,0,18,12.4,0.5,1.79,0,6,6,2,13.0,0,abandono
Diseño de comunicación,3,diurna,125.0,118.0,0,1,1,18,11.1,0.6,2.02,0,6,6,6,14.333333333333334,0,continua_matriculado
Servicio social,1,diurna,125.0,119.8,0,1,0,18,11.1,0.6,2.02,0,6,0,0,0.0,0,abandono
Servicio social,1,diurna,154.0,164.9,0,1,0,18,10.8,1.4,1.74,0,6,6,6,14.0,0,graduado
Enfermería veterinaria,1,diurna,100.0,100.0,0,1,1,20,13.9,-0.3,0.79,1,2,2,2,12.0,0,graduado
Educación básica,1,diurna,124.0,121.6,0,1,0,18,15.5,2.8,-4.06,0,6,9,5,12.333333333333334,0,continua_matriculado
Diseño de comunicación,4,diurna,126.0,120.4,0,1,0,18,16.2,0.3,-0.92,0,6,8,5,11.8,0,graduado
Enfermería,6,diurna,124.0,117.8,0,1,1,20,10.8,1.4,1.74,0,8,8,7,12.791428571428572,1,graduado
Gestión de publicidad y marketing,1,diurna,150.0,110.0,0,1,0,40,9.4,-0.8,-3.12,4,8,8,8,11.625,0,graduado
Enfermería,6,diurna,133.0,128.8,0,1,1,18,15.5,2.8,-4.06,0,7,11,6,11.994444444444444,0,graduado
Turismo,5,diurna,126.0,116.6,0,1,0,19,13.9,-0.3,0.79,0,6,9,5,11.6,0,graduado
Administración,1,vespertina,120.0,120.0,0,1,0,24,12.4,0.5,1.79,0,5,5,0,0.0,0,abandono
Periodismo y comunicación,3,diurna,175.0,157.5,0,1,0,19,10.8,1.4,1.74,0,6,8,6,13.166666666666666,0,abandono
Enfermería,6,diurna,141.0,136.3,0,1,0,19,10.8,1.4,1.74,0,8,8,7,14.1,0,graduado
Enfermería,1,diurna,133.0,121.5,0,1,1,20,11.1,0.6,2.02,0,7,8,6,12.396666666666668,0,graduado
Enfermería,1,diurna,143.0,133.9,0,1,0,18,12.4,0.5,1.79,0,7,7,7,15.014285714285714,0,graduado
Diseño de animación y multimedia,1,diurna,141.0,136.8,0,1,1,18,13.9,-0.3,0.79,0,0,0,0,0.0,0,graduado
Enfermería,2,diurna,134.0,133.5,0,1,0,19,13.9,-0.3,0.79,0,7,8,7,14.05,0,graduado
Enfermería,3,diurna,138.0,130.0,0,1,0,18,13.9,-0.3,0.79,0,7,8,7,14.85,0,abandono
Enfermería veterinaria,1,diurna,140.0,140.0,0,1,0,19,12.4,0.5,1.79,0,6,10,6,13.0,0,graduado
Enfermería,2,diurna,142.0,132.7,0,1,1,19,13.9,-0.3,0.79,0,7,8,7,14.7875,0,graduado
Enfermería,1,diurna,118.0,117.8,0,1,1,19,12.4,0.5,1.79,0,7,7,7,13.7,0,graduado
Enfermería,2,diurna,131.0,126.1,0,1,1,19,11.1,0.6,2.02,0,7,7,7,12.495714285714286,0,abandono
Enfermería,1,diurna,130.0,120.0,0,1,0,19,7.6,2.6,0.32,0,7,7,6,14.566666666666668,0,graduado
Gestión de publicidad y marketing,1,diurna,133.1,100.0,1,0,0,25,9.4,-0.8,-3.12,0,5,5,5,11.2,0,abandono
Enfermería,1,diurna,130.0,116.8,0,1,0,20,12.7,3.7,-1.7,0,8,8,7,12.685714285714283,0,graduado
Servicio social,1,diurna,130.0,128.3,1,0,0,23,8.9,1.4,3.51,5,9,12,7,13.571428571428571,0,abandono
Diseño de comunicación,1,diurna,133.1,117.0,0,1,0,20,15.5,2.8,-4.06,0,6,0,0,0.0,0,abandono
Servicio social,1,vespertina,130.0,131.5,0,1,0,27,11.1,0.6,2.02,0,6,8,5,11.0,0,graduado
Enfermería,1,diurna,149.0,134.8,0,1,0,18,9.4,-0.8,-3.12,0,8,8,8,14.445,0,graduado
Educación básica,1,diurna,163.0,146.6,1,1,0,18,9.4,-0.8,-3.12,0,6,9,5,13.6,0,continua_matriculado
Servicio social,1,vespertina,130.0,130.0,1,0,0,23,13.9,-0.3,0.79,7,12,12,11,14.0,0,abandono
Enfermería,6,diurna,145.0,127.5,0,1,1,19,7.6,2.6,0.32,0,7,7,6,13.416666666666666,0,graduado
Administración,1,diurna,130.0,123.0,0,1,0,18,15.5,2.8,-4.06,0,5,8,5,12.333333333333334,2,graduado
Enfermería,1,diurna,128.0,100.0,0,1,0,20,13.9,-0.3,0.79,0,7,8,7,13.1,0,graduado
Gestión de publicidad y marketing,2,diurna,111.0,114.2,0,1,0,18,12.4,0.5,1.79,0,6,9,4,13.2,0,graduado
Enfermería,1,diurna,140.0,123.5,0,1,1,19,9.4,-0.8,-3.12,0,8,8,8,14.75,0,graduado
Servicio social,1,diurna,140.0,144.3,0,1,1,19,12.4,0.5,1.79,3,6,7,6,13.142857142857142,0,graduado
Educación básica,1,diurna,145.0,142.2,0,1,0,19,9.4,-0.8,-3.12,0,6,9,4,12.5,0,continua_matriculado
Enfermería veterinaria,1,diurna,151.0,161.9,0,1,0,18,7.6,2.6,0.32,0,5,6,4,13.75,0,graduado
Servicio social,1,diurna,132.0,135.9,0,1,0,18,9.4,-0.8,-3.12,0,6,11,5,12.4,0,graduado
Periodismo y comunicación,2,diurna,116.0,110.1,0,1,0,18,11.1,0.6,2.02,0,6,6,6,13.333333333333334,0,graduado
Educación básica,1,diurna,120.0,122.5,0,0,0,28,15.5,2.8,-4.06,11,11,11,11,11.727272727272728,0,abandono
Turismo,1,diurna,158.0,138.1,0,1,0,19,7.6,2.6,0.32,0,6,8,4,12.5,0,abandono
Diseño de animación y multimedia,1,diurna,116.0,117.3,1,1,0,20,13.9,-0.3,0.79,0,0,0,0,0.0,0,abandono
Enfermería,2,diurna,112.0,106.8,0,1,1,19,12.4,0.5,1.79,0,7,8,6,13.533333333333331,0,graduado
Diseño de comunicación,1,diurna,126.0,120.1,0,1,1,20,11.1,0.6,2.02,0,6,6,6,13.166666666666666,0,graduado
Turismo,2,diurna,120.0,116.5,0,1,1,19,12.4,0.5,1.79,0,6,9,5,13.2,0,graduado
Diseño de comunicación,1,diurna,117.0,120.0,0,1,0,21,8.9,1.4,3.51,0,6,7,5,12.2,0,continua_matriculado
Educación básica,1,diurna,153.0,139.7,0,1,1,19,11.1,0.6,2.02,0,7,7,7,13.428571428571429,0,graduado
Diseño de comunicación,2,diurna,124.0,123.7,0,1,1,18,13.9,-0.3,0.79,1,6,8,6,12.714285714285714,1,graduado
Equinocultura,2,diurna,127.0,116.5,0,1,0,19,15.5,2.8,-4.06,0,6,0,0,0.0,0,abandono
Gestión de publicidad y marketing,1,diurna,126.0,122.2,0,1,1,19,8.9,1.4,3.51,0,6,6,6,13.666666666666666,0,graduado
Periodismo y comunicación,1,diurna,133.1,146.0,1,1,0,20,16.2,0.3,-0.92,0,6,6,5,11.0,0,graduado
Educación básica,2,diurna,114.0,108.8,0,1,0,18,13.9,-0.3,0.79,0,7,11,5,11.4,0,continua_matriculado
Diseño de animación y multimedia,1,diurna,133.0,133.0,0,1,0,18,15.5,2.8,-4.06,0,0,0,0,0.0,0,continua_matriculado
Equinocultura,1,diurna,130.0,123.8,0,1,0,18,7.6,2.6,0.32,0,5,7,4,12.0,0,graduado
Periodismo y comunicación,3,diurna,127.0,120.0,0,1,0,18,8.9,1.4,3.51,0,6,6,0,0.0,0,abandono
Servicio social,3,diurna,143.0,126.9,0,1,0,18,7.6,2.6,0.32,0,6,14,5,11.0,0,graduado
Periodismo y comunicación,4,diurna,130.0,121.3,0,1,0,20,15.5,2.8,-4.06,0,6,12,5,12.0,0,abandono
Enfermería,3,diurna,136.0,129.0,0,1,1,19,12.4,0.5,1.79,0,7,7,7,13.308571428571428,0,graduado
Educación básica,1,diurna,125.0,114.9,1,0,0,21,15.5,2.8,-4.06,0,6,8,3,13.666666666666666,0,abandono
Gestión de publicidad y marketing,1,diurna,110.0,106.5,1,0,0,20,10.8,1.4,1.74,0,6,6,0,0.0,0,abandono
Turismo,1,diurna,130.0,133.9,0,1,0,18,9.4,-0.8,-3.12,0,6,10,5,12.2,0,graduado
Periodismo y comunicación,1,diurna,135.0,124.9,0,1,1,20,10.8,1.4,1.74,0,6,7,6,12.666666666666666,0,graduado
Enfermería,2,diurna,133.0,128.5,0,1,1,19,9.4,-0.8,-3.12,0,8,8,8,14.07125,0,graduado
Enfermería veterinaria,1,diurna,122.0,126.2,0,1,0,22,9.4,-0.8,-3.12,0,5,14,4,14.25,3,abandono
Equinocultura,1,diurna,122.0,121.7,0,0,0,22,9.4,-0.8,-3.12,0,6,0,0,0.0,0,abandono
Educación básica,2,diurna,121.0,120.0,0,1,0,18,10.8,1.4,1.74,0,6,10,3,12.0,0,continua_matriculado
Administración,1,diurna,123.0,113.2,0,1,0,21,7.6,2.6,0.32,3,10,18,6,11.166666666666666,2,continua_matriculado
Servicio social,1,diurna,128.0,120.3,0,1,0,19,7.6,2.6,0.32,0,6,12,2,13.0,0,graduado
Diseño de animación y multimedia,4,diurna,139.0,127.8,0,1,0,19,10.8,1.4,1.74,0,0,0,0,0.0,0,abandono
Enfermería,2,diurna,124.0,123.3,0,1,1,20,9.4,-0.8,-3.12,0,8,8,7,14.901428571428571,1,abandono
Enfermería,3,diurna,135.0,126.3,1,1,1,18,15.5,2.8,-4.06,0,7,8,7,12.65,0,graduado
Administración,1,vespertina,110.0,128.2,0,0,0,22,8.9,1.4,3.51,7,12,12,7,11.0,0,abandono
Enfermería veterinaria,4,diurna,138.0,134.9,0,1,0,20,7.6,2.6,0.32,0,5,7,4,12.4,0,graduado
Agronomía,1,diurna,140.0,140.0,0,1,0,19,12.4,0.5,1.79,0,6,7,6,12.0,0,graduado
Enfermería,5,diurna,126.0,115.5,0,1,1,19,12.4,0.5,1.79,0,7,8,7,12.135714285714286,0,graduado
Enfermería,2,diurna,113.0,106.7,0,1,1,20,11.1,0.6,2.02,0,7,10,5,12.62,0,continua_matriculado
Administración,1,vespertina,120.0,140.0,0,1,0,25,15.5,2.8,-4.06,0,5,11,3,10.666666666666666,0,continua_matriculado
Enfermería,1,diurna,145.0,136.6,0,1,1,19,15.5,2.8,-4.06,0,7,12,6,13.766666666666666,0,graduado
Enfermería,1,diurna,124.0,119.3,0,1,0,19,9.4,-0.8,-3.12,0,8,8,8,13.11625,0,graduado
Diseño de comunicación,1,diurna,160.0,152.0,0,0,0,19,10.8,1.4,1.74,0,5,5,0,0.0,0,abandono
Enfermería,1,diurna,138.0,144.3,0,1,0,20,13.9,-0.3,0.79,0,7,9,6,12.7,0,graduado
Higiene oral,2,diurna,130.0,159.0,0,1,0,25,12.4,0.5,1.79,0,7,11,7,11.857142857142858,0,continua_matriculado
Enfermería,1,diurna,127.0,129.5,0,1,1,20,7.6,2.6,0.32,0,7,7,6,12.333333333333334,0,graduado
Servicio social,1,diurna,170.0,140.0,0,1,0,24,9.4,-0.8,-3.12,0,6,9,4,15.75,0,continua_matriculado
Gestión de publicidad y marketing,3,diurna,111.0,105.4,0,1,0,20,7.6,2.6,0.32,0,5,6,5,13.333333333333334,0,graduado
Enfermería,1,diurna,100.0,136.0,0,1,0,21,15.5,2.8,-4.06,4,7,9,7,14.355555555555554,0,graduado
Agronomía,1,diurna,160.0,160.0,1,1,1,19,15.5,2.8,-4.06,0,6,8,6,13.0,0,graduado
Periodismo y comunicación,1,diurna,152.0,139.1,0,1,1,19,16.2,0.3,-0.92,0,6,6,6,12.833333333333334,0,graduado
Gestión de publicidad y marketing,2,diurna,144.0,126.9,0,1,1,21,9.4,-0.8,-3.12,0,5,5,5,13.2,0,graduado
Enfermería,1,diurna,133.8,184.0,0,1,0,28,15.5,2.8,-4.06,0,7,9,7,17.005555555555556,0,graduado
Servicio social,1,diurna,125.0,125.0,1,0,1,19,10.8,1.4,1.74,0,6,8,5,10.6,0,graduado
Administración,1,diurna,150.0,138.5,0,1,1,18,12.4,0.5,1.79,0,5,5,5,14.0,0,graduado
Enfermería,5,diurna,143.0,133.5,0,1,1,18,12.7,3.7,-1.7,0,8,8,7,12.114285714285714,0,graduado
Enfermería,3,diurna,145.0,141.5,0,1,1,18,9.4,-0.8,-3.12,0,8,8,8,13.05875,0,graduado
Enfermería,1,diurna,120.0,130.0,0,1,0,22,12.7,3.7,-1.7,4,8,8,7,13.285714285714286,0,graduado
Administración,1,diurna,138.0,131.0,0,1,0,19,12.4,0.5,1.79,0,5,9,4,11.0,0,continua_matriculado
Enfermería,1,diurna,145.0,145.0,0,1,1,18,13.9,-0.3,0.79,0,7,7,7,14.071428571428571,0,graduado
Turismo,1,diurna,122.0,114.3,0,0,0,20,15.5,2.8,-4.06,0,6,0,0,0.0,0,abandono
Diseño de animación y multimedia,1,diurna,110.0,108.3,0,0,0,26,12.4,0.5,1.79,4,9,9,4,11.25,0,abandono
Diseño de comunicación,3,diurna,136.0,125.2,0,1,1,18,10.8,1.4,1.74,0,6,6,6,14.0,0,graduado
Turismo,1,diurna,145.0,131.7,0,1,1,21,10.8,1.4,1.74,0,6,8,6,12.166666666666666,0,abandono
Enfermería,4,diurna,141.0,126.3,0,1,0,18,10.8,1.4,1.74,0,8,8,7,13.297142857142855,0,graduado
Enfermería veterinaria,1,diurna,149.0,147.6,0,1,0,20,15.5,2.8,-4.06,0,6,14,6,13.923076923076923,0,graduado
Enfermería,6,diurna,130.0,125.1,0,1,0,18,15.5,2.8,-4.06,0,7,11,7,13.37,0,graduado
Administración,6,diurna,121.0,123.8,0,1,1,19,12.7,3.7,-1.7,0,5,5,5,12.4,0,continua_matriculado
Gestión de publicidad y marketing,1,diurna,128.0,130.8,0,1,0,20,7.6,2.6,0.32,0,5,5,4,15.0,0,abandono
Educación básica,1,diurna,152.0,154.1,1,1,1,18,12.7,3.7,-1.7,0,6,6,6,13.333333333333334,0,graduado
Administración,2,diurna,132.0,122.6,0,1,1,20,10.8,1.4,1.74,0,5,8,3,12.0,0,continua_matriculado
Servicio social,2,vespertina,107.0,103.5,0,1,0,22,7.6,2.6,0.32,0,6,7,5,13.4,0,graduado
Diseño de animación y multimedia,1,diurna,131.0,132.8,0,1,0,18,7.6,2.6,0.32,0,0,0,0,0.0,0,continua_matriculado
Administración,1,vespertina,141.0,100.0,0,1,0,21,8.9,1.4,3.51,1,5,9,4,11.5,0,graduado
Educación básica,2,diurna,120.0,115.8,0,1,0,18,13.9,-0.3,0.79,0,7,12,6,12.0,0,continua_matriculado
Enfermería,1,diurna,148.0,133.8,0,1,0,18,12.7,3.7,-1.7,0,8,8,7,13.485714285714284,0,graduado
Diseño de comunicación,1,diurna,130.0,118.5,0,1,1,18,8.9,1.4,3.51,0,6,6,6,12.0,0,graduado
Diseño de animación y multimedia,1,diurna,145.0,150.3,0,1,0,19,15.5,2.8,-4.06,0,0,0,0,0.0,0,abandono
Administración,3,diurna,112.0,107.8,0,1,0,19,10.8,1.4,1.74,0,5,7,3,10.333333333333334,0,continua_matriculado
Enfermería,1,diurna,138.0,127.5,0,1,0,19,16.2,0.3,-0.92,0,7,10,5,12.94,0,continua_matriculado
Enfermería,3,diurna,135.0,120.5,0,1,0,19,10.8,1.4,1.74,0,8,11,7,13.258571428571427,0,graduado
Administración,1,diurna,118.0,117.3,0,1,0,19,8.9,1.4,3.51,0,5,9,4,12.25,0,continua_matriculado
Turismo,1,diurna,123.0,120.6,0,0,0,19,10.8,1.4,1.74,0,6,9,3,11.666666666666666,0,abandono
Turismo,4,diurna,126.0,118.7,0,1,1,21,8.9,1.4,3.51,0,6,7,6,13.571428571428571,0,graduado
Periodismo y comunicación,2,diurna,150.0,130.8,0,1,1,20,15.5,2.8,-4.06,0,6,9,5,11.8,0,graduado
Administración,1,diurna,121.0,112.6,0,1,1,20,11.1,0.6,2.02,0,5,7,5,14.2,0,graduado
Administración,1,vespertina,133.1,117.2,0,1,0,41,7.6,2.6,0.32,0,5,8,5,11.0,0,graduado
Enfermería,1,diurna,130.0,130.0,0,1,0,32,12.4,0.5,1.79,0,7,16,4,13.625,0,continua_matriculado
Enfermería,3,diurna,139.0,131.8,0,1,0,18,10.8,1.4,1.74,0,8,8,7,14.652857142857142,0,graduado
Servicio social,1,vespertina,160.0,97.0,0,1,1,35,15.5,2.8,-4.06,0,6,9,6,11.333333333333334,0,graduado
Enfermería,1,diurna,110.0,130.0,1,0,0,32,16.2,0.3,-0.92,0,7,12,4,13.7,0,abandono
Servicio social,1,vespertina,140.0,148.0,0,1,0,37,12.4,0.5,1.79,7,11,11,11,13.727272727272728,0,graduado
Administración,2,diurna,130.0,103.4,0,1,0,30,12.7,3.7,-1.7,4,7,9,7,11.75,0,abandono
Periodismo y comunicación,2,diurna,132.0,127.1,0,1,0,23,7.6,2.6,0.32,0,6,9,6,12.333333333333334,0,graduado
Periodismo y comunicación,2,diurna,139.0,124.0,0,1,1,20,15.5,2.8,-4.06,0,6,6,6,14.0,0,abandono
Gestión de publicidad y marketing,1,diurna,135.0,121.4,0,1,0,21,9.4,-0.8,-3.12,0,5,7,4,11.5,0,graduado
Administración,1,diurna,117.0,118.1,0,1,0,19,12.4,0.5,1.79,0,5,6,5,11.2,0,graduado
Enfermería,4,diurna,137.0,121.3,0,1,1,18,10.8,1.4,1.74,0,8,8,7,15.07,0,graduado
Ingeniería informática,1,diurna,144.0,119.5,0,1,0,18,10.8,1.4,1.74,0,5,6,1,10.0,0,abandono
Administración,1,vespertina,130.0,115.2,0,1,0,24,12.4,0.5,1.79,0,5,5,4,12.0,0,continua_matriculado
Gestión de publicidad y marketing,1,diurna,140.0,130.2,0,1,0,22,12.7,3.7,-1.7,0,6,11,4,13.0,0,graduado
Turismo,4,diurna,130.0,130.0,0,1,0,18,16.2,0.3,-0.92,0,6,7,4,11.0,0,abandono
Servicio social,2,diurna,130.0,126.9,0,1,0,18,9.4,-0.8,-3.12,0,6,8,6,13.571428571428571,0,graduado
Diseño de comunicación,2,diurna,152.0,168.5,0,1,0,21,16.2,0.3,-0.92,0,6,7,5,14.6,0,graduado
Enfermería,1,diurna,133.1,130.0,1,1,0,38,16.2,0.3,-0.92,0,7,13,3,11.833333333333334,0,abandono
Higiene oral,1,diurna,140.0,122.8,0,1,1,19,12.7,3.7,-1.7,0,7,11,7,12.625,0,graduado
Enfermería,1,diurna,133.1,110.0,0,1,0,36,16.2,0.3,-0.92,0,7,12,4,11.5,0,abandono
Enfermería veterinaria,1,diurna,140.0,127.1,0,1,0,18,12.7,3.7,-1.7,0,5,8,4,13.25,1,graduado
Enfermería,3,diurna,133.1,108.5,0,1,0,19,12.4,0.5,1.79,0,7,9,7,12.60625,0,graduado
Enfermería veterinaria,1,diurna,140.0,138.2,1,0,0,21,8.9,1.4,3.51,7,10,15,8,13.75,0,abandono
Enfermería,2,diurna,133.1,96.0,0,1,0,19,11.1,0.6,2.02,0,7,10,6,13.598333333333334,0,continua_matriculado
Servicio social,1,diurna,135.0,124.5,0,1,1,18,16.2,0.3,-0.92,0,6,11,5,11.142857142857142,0,graduado
Enfermería,1,diurna,120.0,120.0,0,1,0,45,13.9,-0.3,0.79,7,11,11,11,12.7,0,continua_matriculado
Administración,1,diurna,140.0,132.3,0,1,0,20,7.6,2.6,0.32,0,5,9,1,10.0,0,abandono
Turismo,1,diurna,128.0,120.7,1,1,0,18,13.9,-0.3,0.79,0,6,8,6,11.666666666666666,0,graduado
Gestión de publicidad y marketing,1,diurna,141.0,132.6,0,1,1,18,11.1,0.6,2.02,0,6,8,6,14.0,0,graduado
Equinocultura,2,diurna,140.0,140.0,0,1,0,25,10.8,1.4,1.74,0,5,9,0,0.0,4,abandono
Enfermería,6,diurna,139.0,124.5,0,1,0,19,10.8,1.4,1.74,0,8,9,7,12.04142857142857,0,graduado
Diseño de animación y multimedia,1,diurna,142.0,142.0,0,1,1,18,13.9,-0.3,0.79,0,0,0,0,0.0,0,graduado
Turismo,1,diurna,130.0,130.0,0,1,0,39,13.9,-0.3,0.79,12,13,14,13,13.76923076923077,0,graduado
Agronomía,1,diurna,130.0,144.0,0,1,0,29,15.5,2.8,-4.06,13,18,20,18,15.444444444444445,0,graduado
Educación básica,1,diurna,125.0,128.5,0,1,0,18,13.9,-0.3,0.79,0,7,9,6,11.5,0,continua_matriculado
Diseño de comunicación,1,diurna,140.0,140.0,0,0,0,23,10.8,1.4,1.74,0,3,3,2,10.0,0,abandono
Educación básica,1,diurna,120.0,113.9,0,1,0,21,12.7,3.7,-1.7,0,6,8,4,12.25,0,abandono
Servicio social,1,diurna,147.0,137.2,0,0,0,18,10.8,1.4,1.74,0,6,6,6,14.5,0,graduado
Enfermería veterinaria,1,diurna,140.0,140.0,0,1,0,23,12.4,0.5,1.79,0,6,7,6,15.571428571428571,0,graduado
Equinocultura,1,diurna,161.0,152.3,0,1,0,18,11.1,0.6,2.02,0,6,7,6,15.571428571428571,0,graduado
Servicio social,1,vespertina,133.1,112.5,0,1,0,32,9.4,-0.8,-3.12,0,6,8,5,13.8,0,graduado
Administración,2,diurna,150.0,101.0,1,0,0,29,10.8,1.4,1.74,0,5,8,3,10.666666666666666,0,abandono
Servicio social,6,diurna,113.0,112.3,1,1,1,20,8.9,1.4,3.51,0,6,8,5,11.6,0,graduado
Servicio social,1,diurna,140.0,114.0,0,0,0,28,9.4,-0.8,-3.12,0,6,11,1,13.0,0,abandono
Administración,1,diurna,130.0,130.0,0,1,0,27,10.8,1.4,1.74,0,5,9,3,12.0,0,graduado
Enfermería,2,diurna,120.0,121.5,1,1,0,22,7.6,2.6,0.32,11,14,14,12,12.333333333333334,2,graduado
Agronomía,1,diurna,133.1,120.0,1,1,0,37,16.2,0.3,-0.92,0,6,10,6,12.875,0,continua_matriculado
Servicio social,1,vespertina,130.0,130.0,0,0,0,28,12.7,3.7,-1.7,0,6,12,1,11.0,0,abandono
Agronomía,1,diurna,120.0,125.7,1,0,0,43,8.9,1.4,3.51,0,6,10,4,12.25,0,abandono
Higiene oral,1,diurna,140.0,128.0,0,0,0,32,10.8,1.4,1.74,0,7,7,0,0.0,7,abandono
Servicio social,1,diurna,123.0,113.2,0,1,1,20,15.5,2.8,-4.06,0,6,11,4,10.75,0,continua_matriculado
Enfermería,1,diurna,133.1,120.0,0,1,1,35,9.4,-0.8,-3.12,0,8,9,8,13.63,1,graduado
Gestión de publicidad y marketing,1,diurna,130.0,117.8,0,1,0,21,7.6,2.6,0.32,0,5,8,3,13.0,0,graduado
Enfermería,4,diurna,126.0,121.3,0,1,1,18,12.4,0.5,1.79,0,7,9,6,13.533333333333331,0,continua_matriculado
Enfermería,1,diurna,176.0,169.7,0,1,1,18,16.2,0.3,-0.92,0,7,7,7,16.9,0,graduado
Servicio social,4,diurna,124.0,117.7,0,1,0,18,16.2,0.3,-0.92,0,6,10,5,12.0,0,graduado
Servicio social,1,vespertina,120.0,121.8,0,1,0,22,12.4,0.5,1.79,3,6,6,6,12.5,0,graduado
Enfermería,2,diurna,140.0,128.3,0,1,0,19,10.8,1.4,1.74,0,8,8,7,12.764285714285714,0,graduado
Administración,2,diurna,143.0,132.2,0,1,1,18,13.9,-0.3,0.79,0,5,8,5,13.75,0,graduado
Diseño de animación y multimedia,2,diurna,136.0,134.3,1,1,0,19,12.4,0.5,1.79,0,0,0,0,0.0,0,abandono
Enfermería,1,diurna,132.0,123.4,0,1,1,18,11.1,0.6,2.02,0,7,7,7,14.604285714285712,0,graduado
Administración,1,vespertina,133.1,121.7,1,0,0,31,16.2,0.3,-0.92,0,5,7,0,0.0,0,abandono
Servicio social,1,vespertina,100.0,130.0,1,1,1,33,9.4,-0.8,-3.12,0,6,9,5,13.833333333333334,0,graduado
Enfermería,3,diurna,137.0,126.5,0,1,1,19,9.4,-0.8,-3.12,0,8,8,8,13.57625,0,graduado
Servicio social,1,diurna,153.0,159.7,0,1,1,18,12.7,3.7,-1.7,0,6,7,6,15.142857142857142,0,graduado
Administración,1,diurna,160.0,151.3,0,1,0,23,7.6,2.6,0.32,0,5,8,3,10.666666666666666,0,graduado
Servicio social,1,diurna,145.0,138.0,0,1,0,20,9.4,-0.8,-3.12,0,6,11,5,11.2,0,graduado
Enfermería,5,diurna,137.0,126.5,0,1,0,18,9.4,-0.8,-3.12,0,8,8,8,13.76375,0,graduado
Enfermería veterinaria,1,diurna,140.0,140.0,1,1,0,21,8.9,1.4,3.51,7,9,10,8,13.25,0,continua_matriculado
Servicio social,1,diurna,120.0,112.3,0,1,1,22,12.7,3.7,-1.7,0,6,10,5,10.714285714285714,0,graduado
Servicio social,1,diurna,122.0,127.3,1,1,0,20,9.4,-0.8,-3.12,0,6,6,6,12.166666666666666,0,graduado
Enfermería,1,diurna,130.0,130.0,0,1,0,23,7.6,2.6,0.32,1,7,8,6,14.357142857142858,0,graduado
Periodismo y comunicación,2,diurna,133.1,115.0,0,1,0,19,16.2,0.3,-0.92,0,6,6,6,12.833333333333334,0,graduado
Enfermería,6,diurna,150.0,131.5,0,1,0,19,10.8,1.4,1.74,0,8,8,7,13.925714285714283,0,graduado
Administración,1,vespertina,133.1,125.7,0,1,0,26,10.8,1.4,1.74,0,5,9,2,12.0,0,abandono
Enfermería,6,diurna,141.0,126.8,0,1,0,18,16.2,0.3,-0.92,0,7,7,7,13.44285714285714,0,graduado
Ingeniería informática,1,diurna,146.0,132.4,0,1,0,18,9.4,-0.8,-3.12,0,5,5,1,16.0,0,abandono
Agronomía,1,diurna,150.0,150.0,0,1,0,20,16.2,0.3,-0.92,0,6,8,6,13.125,0,graduado
Gestión de publicidad y marketing,1,diurna,133.1,95.0,0,1,0,19,15.5,2.8,-4.06,0,6,7,0,0.0,0,abandono
Administración,1,vespertina,120.0,128.2,0,0,0,32,10.8,1.4,1.74,5,9,9,5,11.4,0,abandono
Equinocultura,1,diurna,150.0,130.0,0,0,0,31,9.4,-0.8,-3.12,0,4,12,2,11.0,2,abandono
Ingeniería informática,1,diurna,133.1,100.0,0,1,0,25,13.9,-0.3,0.79,0,5,13,1,11.0,0,continua_matriculado
Enfermería veterinaria,1,diurna,140.0,159.9,0,1,0,21,16.2,0.3,-0.92,2,6,14,5,13.666666666666666,0,graduado
Administración,1,vespertina,140.0,100.0,0,0,0,31,12.7,3.7,-1.7,2,6,10,4,11.75,0,abandono
Educación básica,1,diurna,133.1,116.5,0,1,0,34,16.2,0.3,-0.92,0,7,11,1,10.0,0,abandono
Servicio social,1,diurna,128.0,120.0,0,1,1,18,11.1,0.6,2.02,0,6,8,6,13.5,0,graduado
Servicio social,3,diurna,117.0,117.0,1,1,0,19,12.4,0.5,1.79,0,6,0,0,0.0,0,abandono
Gestión de publicidad y marketing,1,diurna,140.0,140.0,1,1,0,21,8.9,1.4,3.51,0,6,12,1,12.0,0,continua_matriculado
Educación básica,2,diurna,124.0,118.1,0,0,0,18,9.4,-0.8,-3.12,0,6,11,3,13.0,0,abandono
Turismo,1,diurna,158.0,153.5,0,1,0,20,11.1,0.6,2.02,0,6,7,6,14.833333333333334,0,graduado
Periodismo y comunicación,1,diurna,137.0,127.9,0,1,0,20,15.5,2.8,-4.06,0,6,6,6,11.833333333333334,0,graduado
Gestión de publicidad y marketing,3,diurna,123.0,118.8,0,1,1,18,11.1,0.6,2.02,0,6,10,5,12.0,0,graduado
Servicio social,1,diurna,126.0,126.7,0,1,0,19,7.6,2.6,0.32,0,6,11,4,12.75,0,graduado
Enfermería veterinaria,1,diurna,170.0,170.0,0,1,0,19,12.7,3.7,-1.7,0,5,5,0,0.0,5,continua_matriculado
Equinocultura,1,diurna,133.1,110.0,0,1,1,30,11.1,0.6,2.02,0,6,7,0,0.0,0,abandono
Servicio social,1,diurna,115.0,115.0,0,1,0,19,11.1,0.6,2.02,0,6,6,6,12.0,0,graduado
Higiene oral,3,diurna,132.0,119.0,0,1,0,19,12.7,3.7,-1.7,0,7,9,7,11.677777777777775,0,graduado
Enfermería,4,diurna,132.0,121.8,0,1,1,19,12.7,3.7,-1.7,0,8,8,7,13.6,0,graduado
Enfermería veterinaria,1,diurna,143.0,133.4,0,1,0,19,12.4,0.5,1.79,0,6,7,6,16.0,0,graduado
Servicio social,3,diurna,137.0,131.4,0,1,0,20,7.6,2.6,0.32,0,6,9,5,11.8,0,graduado
Ingeniería informática,1,diurna,130.0,135.0,1,1,0,25,13.9,-0.3,0.79,0,5,5,0,0.0,0,abandono
Periodismo y comunicación,2,diurna,121.0,122.8,0,1,0,19,12.4,0.5,1.79,0,6,0,0,0.0,0,abandono
Educación básica,1,diurna,130.0,140.0,1,1,1,34,9.4,-0.8,-3.12,0,6,7,6,16.142857142857142,0,graduado
Enfermería,2,diurna,135.0,125.3,0,1,1,18,12.7,3.7,-1.7,0,8,8,7,11.785714285714286,0,graduado
Enfermería,6,diurna,137.0,126.3,0,1,1,18,9.4,-0.8,-3.12,0,8,8,8,13.42375,0,graduado
Gestión de publicidad y marketing,1,diurna,100.0,100.0,0,1,0,20,11.1,0.6,2.02,0,6,8,6,12.5,0,graduado
Enfermería,2,diurna,127.0,121.3,0,1,1,20,10.8,1.4,1.74,0,8,8,7,12.464285714285714,0,graduado
Administración,1,vespertina,140.0,135.0,1,1,0,23,8.9,1.4,3.51,6,11,18,8,12.375,0,continua_matriculado
Gestión de publicidad y marketing,1,diurna,140.0,120.0,0,1,0,28,10.8,1.4,1.74,0,6,8,1,10.0,0,abandono
Periodismo y comunicación,1,diurna,121.0,113.7,0,1,0,18,15.5,2.8,-4.06,0,6,8,5,12.6,0,continua_matriculado
Administración,1,diurna,131.0,129.7,0,1,0,19,16.2,0.3,-0.92,0,5,5,5,12.6,0,graduado
Administración,1,diurna,151.0,132.1,0,1,0,34,7.6,2.6,0.32,0,5,7,2,10.0,0,abandono
Educación básica,1,diurna,130.0,120.3,0,1,0,35,8.9,1.4,3.51,0,7,7,0,0.0,0,abandono
Administración,1,vespertina,120.0,120.0,0,1,0,32,12.4,0.5,1.79,0,5,7,5,11.6,0,graduado
Turismo,2,diurna,136.0,123.1,0,1,0,19,11.1,0.6,2.02,0,6,8,6,12.166666666666666,0,graduado
Gestión de publicidad y marketing,5,diurna,125.0,119.4,0,1,0,18,11.1,0.6,2.02,0,6,10,4,13.6,0,graduado
Administración,1,diurna,133.1,140.0,0,0,0,35,9.4,-0.8,-3.12,0,5,8,4,12.5,1,abandono
Servicio social,1,vespertina,133.1,116.5,0,1,1,24,12.4,0.5,1.79,0,6,6,4,12.25,0,continua_matriculado
Servicio social,1,diurna,120.0,113.0,0,1,1,20,13.9,-0.3,0.79,0,6,7,6,11.714285714285714,0,graduado
Periodismo y comunicación,3,diurna,143.0,133.9,0,1,1,18,16.2,0.3,-0.92,0,6,7,6,13.5,0,graduado
Enfermería,3,diurna,133.1,115.5,0,1,1,20,10.8,1.4,1.74,0,8,8,7,13.024285714285714,0,graduado
Turismo,5,diurna,121.0,116.5,0,0,0,18,9.4,-0.8,-3.12,0,6,12,0,0.0,0,abandono
Ingeniería informática,1,diurna,168.0,171.2,0,1,1,18,12.4,0.5,1.79,0,5,6,5,17.333333333333332,0,graduado
Gestión de publicidad y marketing,1,diurna,124.0,119.1,0,1,1,20,9.4,-0.8,-3.12,0,5,7,4,11.0,0,graduado
Educación básica,2,diurna,127.0,121.1,0,1,0,19,12.4,0.5,1.79,0,7,10,6,13.666666666666666,0,abandono
Diseño de comunicación,2,diurna,129.0,132.9,0,1,1,20,7.6,2.6,0.32,0,6,9,6,11.375,0,continua_matriculado
Servicio social,1,diurna,137.0,132.8,0,1,0,19,10.8,1.4,1.74,0,6,6,6,12.833333333333334,0,graduado
Periodismo y comunicación,1,diurna,120.0,126.7,0,1,0,20,7.6,2.6,0.32,0,6,9,5,12.6,0,graduado
Enfermería,1,diurna,110.0,105.8,0,1,0,22,11.1,0.6,2.02,0,7,8,6,14.333333333333334,0,graduado
Ingeniería informática,2,diurna,120.0,117.2,0,1,1,18,11.1,0.6,2.02,0,5,8,4,13.5,0,continua_matriculado
Enfermería,1,diurna,143.0,140.0,0,1,0,19,12.7,3.7,-1.7,0,8,8,7,14.285714285714286,0,graduado
Agronomía,1,diurna,120.0,120.0,0,1,0,22,13.9,-0.3,0.79,2,6,15,3,11.75,0,abandono
Ingeniería informática,5,diurna,124.0,119.5,0,1,0,20,8.9,1.4,3.51,0,5,5,5,14.8,0,graduado
Agronomía,1,diurna,168.0,153.9,1,0,0,34,12.4,0.5,1.79,0,6,7,0,0.0,0,abandono
Servicio social,1,vespertina,133.1,130.0,0,1,0,24,16.2,0.3,-0.92,0,6,14,1,10.0,0,abandono
Gestión de publicidad y marketing,2,diurna,150.0,107.0,0,1,0,26,7.6,2.6,0.32,0,5,5,0,0.0,0,abandono
Enfermería,1,diurna,140.0,132.8,0,1,0,35,12.4,0.5,1.79,0,7,10,4,12.6,0,abandono
Administración,1,vespertina,145.0,127.5,0,1,0,22,7.6,2.6,0.32,0,5,9,5,12.428571428571429,1,graduado
Turismo,1,diurna,118.0,123.3,0,1,0,26,9.4,-0.8,-3.12,0,6,10,4,10.0,0,continua_matriculado
Administración,1,diurna,123.0,122.0,0,1,0,19,8.9,1.4,3.51,0,5,7,3,12.333333333333334,0,abandono
Turismo,5,diurna,120.0,114.8,0,0,0,19,8.9,1.4,3.51,0,6,0,0,0.0,0,abandono
Diseño de animación y multimedia,1,diurna,140.0,140.0,1,1,0,20,15.5,2.8,-4.06,0,0,0,0,0.0,0,graduado
Gestión de publicidad y marketing,1,diurna,126.0,111.0,1,1,0,21,11.1,0.6,2.02,5,11,12,10,12.1,0,graduado
Periodismo y comunicación,2,diurna,137.0,133.2,0,1,1,19,13.9,-0.3,0.79,0,6,7,6,14.714285714285714,0,graduado
Periodismo y comunicación,3,diurna,130.0,123.0,0,1,0,18,12.7,3.7,-1.7,0,6,6,6,12.666666666666666,0,graduado
Agronomía,1,diurna,150.0,150.0,0,1,1,23,8.9,1.4,3.51,7,12,14,12,14.384615384615383,0,graduado
Administración,3,diurna,147.0,132.3,0,1,1,18,12.7,3.7,-1.7,0,5,5,5,13.4,0,graduado
Enfermería,1,diurna,140.0,126.0,0,1,0,18,12.7,3.7,-1.7,0,8,8,7,13.314285714285717,0,graduado
Enfermería,3,diurna,132.0,119.3,0,1,0,19,10.8,1.4,1.74,0,8,8,7,11.98857142857143,0,graduado
Administración,1,diurna,130.0,133.8,0,1,0,21,8.9,1.4,3.51,6,11,17,11,11.545454545454543,0,graduado
Enfermería veterinaria,1,diurna,130.0,126.5,0,1,1,18,15.5,2.8,-4.06,0,6,13,6,16.46153846153846,0,graduado
Periodismo y comunicación,1,diurna,151.0,138.4,0,1,1,24,10.8,1.4,1.74,0,6,7,6,13.666666666666666,0,graduado
Enfermería,4,diurna,144.0,129.0,0,1,0,18,16.2,0.3,-0.92,0,7,8,7,12.65,0,abandono
Gestión de publicidad y marketing,1,diurna,127.0,118.3,0,1,0,18,13.9,-0.3,0.79,0,6,7,6,12.333333333333334,0,continua_matriculado
Enfermería,2,diurna,131.0,129.8,0,1,0,20,12.4,0.5,1.79,0,7,8,6,14.37,0,graduado
Enfermería veterinaria,2,diurna,123.0,113.6,0,1,0,19,9.4,-0.8,-3.12,0,5,13,3,12.0,2,continua_matriculado
Periodismo y comunicación,5,diurna,130.0,128.3,0,0,1,18,7.6,2.6,0.32,0,6,12,3,12.0,0,abandono
Turismo,1,diurna,130.0,130.0,0,1,1,19,10.8,1.4,1.74,0,6,11,4,12.0,0,abandono
Educación básica,2,diurna,131.0,121.9,0,1,0,19,10.8,1.4,1.74,0,6,10,5,12.6,0,graduado
Servicio social,5,diurna,135.0,129.4,1,1,0,18,10.8,1.4,1.74,0,6,6,6,12.166666666666666,0,graduado
Educación básica,2,diurna,123.0,115.3,0,1,0,20,11.1,0.6,2.02,0,7,8,6,13.5,0,continua_matriculado
Enfermería,5,diurna,145.0,125.5,0,1,1,18,9.4,-0.8,-3.12,0,8,8,8,13.76375,0,graduado
Higiene oral,6,diurna,118.0,117.8,0,1,1,19,11.1,0.6,2.02,0,7,11,6,12.4,0,graduado
Administración,3,diurna,125.0,118.7,0,1,0,18,13.9,-0.3,0.79,0,5,16,4,10.666666666666666,0,continua_matriculado
Enfermería,2,diurna,152.0,139.0,0,1,0,18,7.6,2.6,0.32,0,7,7,6,14.333333333333334,0,graduado
Enfermería veterinaria,1,diurna,101.0,98.9,0,1,0,21,11.1,0.6,2.02,0,6,12,4,12.5,0,continua_matriculado
Turismo,1,diurna,137.0,137.7,1,0,0,19,7.6,2.6,0.32,0,6,14,1,10.0,0,abandono
Enfermería,4,diurna,123.0,113.6,0,1,0,21,12.4,0.5,1.79,0,7,8,7,14.69625,0,graduado
Enfermería veterinaria,1,diurna,120.0,113.4,0,1,0,18,11.1,0.6,2.02,0,6,14,4,11.5,0,continua_matriculado
Higiene oral,3,diurna,131.0,128.5,0,1,1,18,12.7,3.7,-1.7,0,7,9,7,12.855555555555556,0,graduado
Enfermería,1,diurna,141.0,142.8,0,1,0,18,11.1,0.6,2.02,0,7,7,7,13.7,0,graduado
Equinocultura,1,diurna,144.0,137.7,0,0,0,23,10.8,1.4,1.74,0,5,9,0,0.0,3,abandono
Servicio social,1,diurna,107.0,103.5,0,1,0,20,16.2,0.3,-0.92,0,6,13,3,11.2,0,continua_matriculado
Enfermería,1,diurna,133.0,123.2,0,1,0,18,16.2,0.3,-0.92,0,7,7,7,13.285714285714286,0,graduado
Educación básica,2,diurna,126.0,126.0,0,1,0,19,7.6,2.6,0.32,0,6,9,5,13.0,0,continua_matriculado
Enfermería,1,diurna,133.1,121.7,0,1,1,27,12.4,0.5,1.79,0,7,8,6,12.6,0,continua_matriculado
Administración,1,diurna,147.0,142.8,1,0,1,19,11.1,0.6,2.02,0,5,5,5,12.8,0,continua_matriculado
Equinocultura,1,diurna,120.0,120.0,0,1,0,21,15.5,2.8,-4.06,0,6,14,5,11.5,1,abandono
Enfermería,1,diurna,130.0,119.3,0,1,1,19,10.8,1.4,1.74,0,8,8,7,11.4,0,graduado
Servicio social,1,diurna,120.0,121.0,0,1,1,21,13.9,-0.3,0.79,3,6,6,6,12.333333333333334,0,graduado
Periodismo y comunicación,5,diurna,138.0,139.4,0,1,0,18,10.8,1.4,1.74,0,6,7,5,12.8,0,graduado
Enfermería veterinaria,1,diurna,124.0,113.9,0,1,1,20,12.7,3.7,-1.7,0,5,8,5,12.0,1,graduado
Educación básica,1,diurna,133.0,124.6,0,1,1,18,9.4,-0.8,-3.12,0,6,8,5,13.0,0,graduado
Diseño de comunicación,1,diurna,122.0,123.8,1,0,1,18,12.7,3.7,-1.7,0,6,6,6,11.833333333333334,0,abandono
Enfermería veterinaria,3,diurna,138.0,126.3,0,1,0,18,8.9,1.4,3.51,0,6,8,6,14.0,0,graduado
Periodismo y comunicación,4,diurna,134.0,120.4,0,1,1,18,16.2,0.3,-0.92,0,6,6,6,12.333333333333334,0,graduado
Enfermería,3,diurna,128.0,120.5,0,1,1,19,12.4,0.5,1.79,0,7,10,5,13.04,0,continua_matriculado
Enfermería veterinaria,1,diurna,140.0,144.9,1,0,0,23,8.9,1.4,3.51,7,11,18,11,13.166666666666666,0,continua_matriculado
Enfermería veterinaria,1,diurna,133.1,139.9,0,1,1,24,8.9,1.4,3.51,1,6,7,6,12.5,0,graduado
Diseño de animación y multimedia,1,diurna,142.0,133.3,0,1,0,19,10.8,1.4,1.74,0,0,0,0,0.0,0,graduado
Enfermería,3,diurna,141.0,126.0,0,1,0,18,12.7,3.7,-1.7,0,8,8,7,15.657142857142857,0,graduado
Diseño de comunicación,2,diurna,145.0,133.5,0,1,0,19,12.7,3.7,-1.7,0,6,6,6,12.166666666666666,0,graduado
Educación básica,2,diurna,145.0,127.9,0,1,0,19,10.8,1.4,1.74,0,6,0,0,0.0,0,abandono
Servicio social,1,diurna,108.0,105.9,0,1,1,20,11.1,0.6,2.02,0,6,11,5,10.6,0,continua_matriculado
Enfermería veterinaria,1,diurna,132.0,124.3,0,1,0,20,13.9,-0.3,0.79,0,6,10,6,13.428571428571429,0,continua_matriculado
Periodismo y comunicación,1,diurna,140.0,102.5,0,1,0,26,7.6,2.6,0.32,0,6,8,4,11.75,0,abandono
Turismo,1,diurna,133.1,97.0,1,0,0,36,15.5,2.8,-4.06,0,5,10,0,0.0,0,abandono
Diseño de animación y multimedia,1,diurna,128.0,134.7,0,0,0,19,10.8,1.4,1.74,0,0,0,0,0.0,0,abandono
Ingeniería informática,1,diurna,120.0,113.8,0,0,0,27,15.5,2.8,-4.06,0,5,0,0,0.0,0,abandono
Ingeniería informática,4,diurna,120.0,116.9,0,1,0,18,8.9,1.4,3.51,0,5,9,1,13.0,0,abandono
Enfermería,4,diurna,139.0,124.0,0,1,1,18,10.8,1.4,1.74,0,8,8,7,13.331428571428573,0,graduado
Diseño de comunicación,1,diurna,139.3,117.5,0,1,0,28,12.4,0.5,1.79,0,6,0,0,0.0,0,abandono
Diseño de animación y multimedia,1,diurna,150.0,154.8,0,1,0,21,12.4,0.5,1.79,0,0,0,0,0.0,0,graduado
Enfermería,1,diurna,138.0,141.0,0,1,0,19,7.6,2.6,0.32,0,7,7,6,13.7,0,graduado
Gestión de publicidad y marketing,1,diurna,133.1,120.0,1,0,0,26,9.4,-0.8,-3.12,0,5,5,0,0.0,0,abandono
Ingeniería informática,1,diurna,136.0,133.6,0,1,0,20,11.1,0.6,2.02,4,9,12,9,13.454545454545457,0,abandono
Enfermería,6,diurna,134.0,122.0,0,1,0,19,12.7,3.7,-1.7,0,8,8,7,12.2,0,graduado
Administración,1,diurna,140.0,120.0,0,1,0,21,12.7,3.7,-1.7,0,5,8,3,10.0,0,abandono
Gestión de publicidad y marketing,1,diurna,110.0,114.2,0,1,1,23,8.9,1.4,3.51,0,6,7,5,13.0,0,graduado
Servicio social,1,vespertina,133.1,95.5,0,1,0,29,11.1,0.6,2.02,0,6,11,6,12.0,0,graduado
Enfermería,1,diurna,129.0,120.0,0,1,0,20,12.7,3.7,-1.7,0,8,8,7,15.028571428571428,0,graduado
Servicio social,1,diurna,116.0,111.1,0,1,0,18,15.5,2.8,-4.06,0,6,8,6,12.0,0,graduado
Periodismo y comunicación,1,diurna,130.0,128.6,0,1,0,19,9.4,-0.8,-3.12,0,6,8,5,12.0,0,graduado
Higiene oral,1,diurna,130.0,130.0,0,0,0,23,10.8,1.4,1.74,3,7,7,3,13.666666666666666,0,abandono
Diseño de animación y multimedia,1,diurna,116.0,111.1,0,1,0,21,13.9,-0.3,0.79,0,0,0,0,0.0,0,abandono
Administración,1,diurna,136.0,122.7,0,1,0,18,15.5,2.8,-4.06,0,5,6,5,12.0,0,continua_matriculado
Diseño de animación y multimedia,1,diurna,147.0,134.4,0,1,1,18,10.8,1.4,1.74,0,0,0,0,0.0,0,graduado
Diseño de comunicación,5,diurna,117.0,131.0,1,0,0,21,9.4,-0.8,-3.12,0,6,6,1,14.0,0,abandono
Servicio social,1,diurna,141.0,125.0,0,1,0,22,11.1,0.6,2.02,0,6,6,0,0.0,0,abandono
Higiene oral,1,diurna,133.1,106.0,0,1,0,21,8.9,1.4,3.51,0,7,8,7,12.375,0,graduado
Enfermería,1,diurna,133.1,128.0,0,0,0,32,16.2,0.3,-0.92,0,7,0,0,0.0,0,abandono
Agronomía,1,diurna,120.0,120.0,0,1,0,27,15.5,2.8,-4.06,14,18,21,18,11.421052631578949,0,graduado
Enfermería,1,diurna,148.0,134.8,0,1,0,18,7.6,2.6,0.32,0,7,7,6,13.35,0,graduado
Diseño de comunicación,1,diurna,130.0,112.0,0,1,1,24,15.5,2.8,-4.06,0,6,6,6,15.0,0,graduado
Equinocultura,1,diurna,120.0,116.1,0,1,0,22,12.7,3.7,-1.7,0,5,9,2,10.5,0,abandono
Equinocultura,1,diurna,120.0,120.0,0,0,0,22,10.8,1.4,1.74,0,6,0,0,0.0,0,abandono
Administración,3,diurna,133.0,119.7,0,1,0,19,13.9,-0.3,0.79,0,5,8,5,13.25,0,graduado
Ingeniería informática,6,diurna,129.0,117.1,0,1,0,19,7.6,2.6,0.32,0,5,10,0,0.0,0,abandono
Enfermería veterinaria,2,diurna,118.0,112.4,0,1,0,21,10.8,1.4,1.74,0,5,7,4,11.5,0,continua_matriculado
Enfermería,2,diurna,140.0,131.0,0,1,1,18,9.4,-0.8,-3.12,0,8,8,8,13.88125,0,graduado
Turismo,2,diurna,127.0,130.9,0,1,0,18,9.4,-0.8,-3.12,0,6,8,6,11.333333333333334,0,graduado
Diseño de animación y multimedia,1,diurna,131.0,134.9,1,1,0,20,16.2,0.3,-0.92,0,0,0,0,0.0,0,abandono
Servicio social,1,diurna,132.0,127.1,0,1,0,19,13.9,-0.3,0.79,0,6,7,6,12.857142857142858,0,graduado
Periodismo y comunicación,5,diurna,113.0,110.2,1,1,0,19,8.9,1.4,3.51,0,6,6,5,11.6,0,graduado
Turismo,1,diurna,115.0,108.7,0,1,1,18,12.4,0.5,1.79,0,6,9,5,11.4,0,graduado
Equinocultura,1,diurna,133.1,138.0,0,1,0,20,16.2,0.3,-0.92,0,6,11,6,13.333333333333334,0,continua_matriculado
Diseño de comunicación,1,diurna,150.0,147.7,1,1,1,22,12.4,0.5,1.79,2,7,7,7,13.571428571428571,0,graduado
Higiene oral,1,diurna,133.1,123.0,0,1,0,31,12.4,0.5,1.79,0,7,13,6,11.833333333333334,0,graduado
Educación básica,1,diurna,141.0,142.8,0,1,1,19,16.2,0.3,-0.92,0,7,7,7,14.428571428571429,0,graduado
Diseño de animación y multimedia,2,diurna,140.0,138.3,0,1,0,18,12.4,0.5,1.79,0,0,0,0,0.0,0,continua_matriculado
Turismo,2,diurna,136.0,125.2,0,1,1,18,8.9,1.4,3.51,0,6,8,6,12.285714285714286,0,graduado
Enfermería veterinaria,1,diurna,140.0,141.8,0,1,0,21,7.6,2.6,0.32,0,5,7,5,14.4,0,graduado
Enfermería,5,diurna,143.0,130.6,0,1,1,18,13.9,-0.3,0.79,0,7,8,7,13.15,0,graduado
Administración,1,diurna,130.0,130.0,1,0,0,25,15.5,2.8,-4.06,0,5,6,0,0.0,0,abandono
Ingeniería informática,1,diurna,133.1,100.0,1,1,0,21,11.1,0.6,2.02,0,5,5,0,0.0,0,abandono
Enfermería,2,diurna,129.0,119.0,0,1,1,19,10.8,1.4,1.74,0,8,8,7,12.342857142857143,0,graduado
Periodismo y comunicación,2,diurna,132.0,124.3,0,1,0,19,10.8,1.4,1.74,0,6,6,5,12.2,0,continua_matriculado
Turismo,1,diurna,118.0,122.2,0,1,0,22,7.6,2.6,0.32,0,6,10,4,10.5,0,abandono
Administración,1,diurna,150.0,150.0,0,1,0,19,12.4,0.5,1.79,0,5,5,5,10.6,0,graduado
Servicio social,1,vespertina,133.1,135.5,0,1,0,58,11.1,0.6,2.02,0,6,6,0,0.0,0,abandono
Servicio social,2,diurna,122.0,127.3,0,1,1,19,10.8,1.4,1.74,0,6,8,4,11.25,0,graduado
Gestión de publicidad y marketing,1,diurna,127.0,127.0,0,1,0,23,9.4,-0.8,-3.12,3,9,11,6,10.5,0,graduado
Periodismo y comunicación,2,diurna,122.0,126.9,0,1,1,19,9.4,-0.8,-3.12,0,6,11,4,11.0,0,continua_matriculado
Enfermería,3,diurna,131.0,127.5,0,1,0,18,13.9,-0.3,0.79,0,7,7,7,13.457142857142856,0,graduado
Enfermería veterinaria,2,diurna,130.0,122.0,0,1,0,20,7.6,2.6,0.32,0,5,6,5,12.6,0,graduado
Enfermería veterinaria,5,diurna,130.0,115.8,0,0,0,18,12.7,3.7,-1.7,0,6,0,0,0.0,0,abandono
Gestión de publicidad y marketing,1,diurna,130.0,121.6,0,1,0,18,8.9,1.4,3.51,0,6,6,6,13.666666666666666,0,graduado
Administración,4,diurna,122.0,116.4,1,1,1,18,11.1,0.6,2.02,0,5,5,5,11.6,0,graduado
Equinocultura,1,diurna,114.0,120.0,0,1,0,24,11.1,0.6,2.02,0,6,9,6,12.571428571428571,0,abandono
Educación básica,4,diurna,143.0,127.3,0,1,0,18,10.8,1.4,1.74,0,6,7,5,11.8,0,abandono
Administración,3,diurna,127.0,123.5,0,1,1,19,9.4,-0.8,-3.12,0,5,5,5,11.6,0,continua_matriculado
Servicio social,3,diurna,141.0,125.6,0,1,1,19,8.9,1.4,3.51,0,6,8,6,11.333333333333334,0,graduado
Turismo,1,diurna,129.0,118.5,0,1,0,18,7.6,2.6,0.32,0,6,6,6,10.666666666666666,0,graduado
Equinocultura,2,diurna,140.0,129.5,0,1,0,18,12.7,3.7,-1.7,0,5,10,4,13.5,1,continua_matriculado
Diseño de animación y multimedia,1,diurna,137.0,134.6,0,1,1,19,10.8,1.4,1.74,0,0,0,0,0.0,0,graduado
Enfermería veterinaria,1,diurna,140.0,140.0,0,1,0,22,13.9,-0.3,0.79,2,6,9,6,13.333333333333334,0,graduado
Turismo,1,diurna,143.0,133.2,0,1,0,19,10.8,1.4,1.74,0,6,9,5,13.4,0,continua_matriculado
Servicio social,1,diurna,138.0,133.5,0,1,1,21,12.7,3.7,-1.7,0,6,8,3,10.2,0,continua_matriculado
Periodismo y comunicación,1,diurna,120.0,117.9,0,1,1,21,8.9,1.4,3.51,0,6,6,5,13.0,0,graduado
Enfermería,3,diurna,144.0,128.0,0,1,1,18,10.8,1.4,1.74,0,8,11,7,12.90857142857143,0,graduado
Educación básica,5,diurna,123.0,113.2,0,1,0,20,10.8,1.4,1.74,0,6,12,4,12.0,0,abandono
Turismo,3,diurna,129.0,122.0,0,1,1,18,7.6,2.6,0.32,0,6,9,6,10.833333333333334,0,continua_matriculado
Diseño de comunicación,3,diurna,152.0,156.9,0,1,0,19,12.7,3.7,-1.7,0,6,6,6,15.333333333333334,0,graduado
Enfermería,2,diurna,130.0,125.1,0,1,1,18,11.1,0.6,2.02,0,7,9,6,12.816666666666668,0,continua_matriculado
Administración,1,diurna,133.1,100.0,1,0,0,26,11.1,0.6,2.02,6,7,7,6,13.0,0,abandono
Ingeniería informática,1,diurna,160.0,160.0,1,1,0,19,8.9,1.4,3.51,0,6,11,2,13.5,1,continua_matriculado
Servicio social,1,vespertina,140.0,101.0,0,1,0,35,15.5,2.8,-4.06,0,6,7,6,12.5,0,graduado
Gestión de publicidad y marketing,1,diurna,133.0,121.5,0,1,1,19,12.4,0.5,1.79,0,6,7,6,13.0,0,graduado
Enfermería veterinaria,1,diurna,138.0,126.8,0,1,0,18,10.8,1.4,1.74,0,5,6,4,11.75,0,graduado
Gestión de publicidad y marketing,5,diurna,142.0,132.9,0,1,0,19,7.6,2.6,0.32,0,5,5,4,12.5,0,graduado
Diseño de animación y multimedia,1,diurna,115.0,134.3,0,1,0,25,12.4,0.5,1.79,16,17,19,17,11.61111111111111,0,graduado
Turismo,6,diurna,125.0,120.5,0,1,0,18,11.1,0.6,2.02,0,6,6,6,14.0,0,graduado
Agronomía,1,diurna,170.0,144.1,1,0,0,26,16.2,0.3,-0.92,0,6,8,0,0.0,0,abandono
Administración,1,vespertina,140.0,100.0,0,1,0,34,9.4,-0.8,-3.12,0,5,5,5,13.8,0,graduado
Turismo,2,diurna,110.0,114.8,0,0,0,18,12.7,3.7,-1.7,0,5,6,0,0.0,0,abandono
Diseño de animación y multimedia,1,diurna,114.0,111.9,0,0,0,18,9.4,-0.8,-3.12,0,0,0,0,0.0,0,abandono
Ingeniería informática,3,diurna,138.0,125.4,0,1,1,18,8.9,1.4,3.51,0,5,9,4,12.25,0,abandono
Agronomía,1,diurna,140.0,140.0,0,1,0,20,12.4,0.5,1.79,0,6,12,3,11.5,0,abandono
Diseño de comunicación,1,diurna,140.0,140.0,0,1,0,25,16.2,0.3,-0.92,2,7,9,6,12.571428571428571,0,graduado
Equinocultura,1,diurna,132.0,127.8,0,1,0,18,11.1,0.6,2.02,0,6,9,6,12.0,0,abandono
Agronomía,1,diurna,148.0,131.6,0,1,0,19,15.5,2.8,-4.06,8,12,17,11,12.0,2,graduado
Diseño de animación y multimedia,1,diurna,132.0,119.4,0,1,0,20,10.8,1.4,1.74,0,0,0,0,0.0,0,abandono
Servicio social,2,diurna,126.0,129.9,0,1,1,20,10.8,1.4,1.74,1,7,9,6,12.0,0,graduado
Ingeniería informática,1,diurna,121.0,114.0,0,1,0,20,7.6,2.6,0.32,0,5,9,4,11.6,0,continua_matriculado
Administración,2,diurna,120.0,113.4,0,1,1,19,11.1,0.6,2.02,0,5,5,0,0.0,0,abandono
Administración,1,diurna,123.0,117.8,0,1,0,20,8.9,1.4,3.51,0,5,9,5,12.0,0,continua_matriculado
Enfermería,6,diurna,122.0,114.3,0,1,0,18,11.1,0.6,2.02,0,7,8,6,13.976666666666668,0,continua_matriculado
Gestión de publicidad y marketing,1,diurna,136.0,129.7,0,1,0,19,16.2,0.3,-0.92,0,6,10,4,12.5,0,continua_matriculado
Administración,1,diurna,119.0,112.0,0,0,0,20,9.4,-0.8,-3.12,0,5,5,0,0.0,0,abandono
Gestión de publicidad y marketing,1,diurna,120.0,140.0,0,1,0,24,15.5,2.8,-4.06,0,6,15,4,10.5,0,abandono
Agronomía,1,diurna,150.0,150.0,0,1,0,20,16.2,0.3,-0.92,0,6,8,5,12.857142857142858,0,graduado
Gestión de publicidad y marketing,3,diurna,121.0,122.4,0,1,0,19,9.4,-0.8,-3.12,0,5,7,3,11.666666666666666,0,continua_matriculado
Ingeniería informática,1,diurna,140.0,150.0,0,1,0,23,8.9,1.4,3.51,0,5,7,2,13.0,0,abandono
Turismo,2,diurna,135.0,135.0,0,1,0,20,7.6,2.6,0.32,0,6,8,6,11.833333333333334,0,continua_matriculado
Servicio social,4,vespertina,116.0,116.2,0,1,0,21,9.4,-0.8,-3.12,9,11,11,11,12.454545454545457,0,graduado
Ingeniería informática,2,diurna,120.0,120.4,0,1,0,20,10.8,1.4,1.74,0,5,6,3,11.0,0,abandono
Ingeniería informática,5,diurna,126.0,122.9,0,1,0,21,7.6,2.6,0.32,0,5,10,4,13.2,0,continua_matriculado
Periodismo y comunicación,1,diurna,170.0,155.0,0,1,1,18,11.1,0.6,2.02,0,6,6,6,15.5,0,graduado
Turismo,3,diurna,123.0,123.4,0,1,0,18,11.1,0.6,2.02,0,6,8,6,12.333333333333334,0,graduado
Administración,1,diurna,120.0,124.2,0,1,0,18,13.9,-0.3,0.79,0,5,13,5,12.0,0,continua_matriculado
Agronomía,1,diurna,130.0,130.0,0,1,0,20,15.5,2.8,-4.06,0,6,12,4,11.6,0,continua_matriculado
Periodismo y comunicación,1,diurna,130.0,126.2,0,1,1,18,16.2,0.3,-0.92,0,6,7,6,11.333333333333334,0,graduado
Periodismo y comunicación,1,diurna,117.0,120.5,0,1,0,19,9.4,-0.8,-3.12,0,6,12,0,0.0,1,abandono
Ingeniería informática,1,diurna,131.0,123.7,0,1,0,20,10.8,1.4,1.74,0,5,7,4,12.0,0,continua_matriculado
Equinocultura,1,diurna,130.0,122.5,0,1,0,19,9.4,-0.8,-3.12,0,5,11,4,12.0,1,graduado
Administración,1,vespertina,133.0,139.2,1,1,0,33,12.7,3.7,-1.7,0,5,11,2,12.5,0,abandono
Diseño de animación y multimedia,1,diurna,128.0,131.2,0,1,0,21,8.9,1.4,3.51,6,12,12,12,13.666666666666666,0,graduado
Agronomía,1,diurna,133.1,120.0,1,0,0,25,15.5,2.8,-4.06,0,6,17,2,14.5,2,abandono
Enfermería veterinaria,1,diurna,123.0,116.7,0,1,1,20,12.4,0.5,1.79,0,6,10,4,13.2,0,abandono
Enfermería veterinaria,1,diurna,150.0,150.0,0,1,1,22,8.9,1.4,3.51,1,7,11,5,12.166666666666666,0,abandono
Periodismo y comunicación,1,diurna,133.1,117.5,0,1,0,39,10.8,1.4,1.74,0,6,10,4,11.25,0,graduado
Gestión de publicidad y marketing,2,diurna,140.0,137.6,0,1,1,21,8.9,1.4,3.51,0,6,8,6,15.166666666666666,0,graduado
Turismo,1,diurna,126.0,124.3,0,1,1,19,16.2,0.3,-0.92,0,6,8,6,11.166666666666666,0,graduado
Enfermería,1,diurna,133.1,116.0,0,1,1,26,7.6,2.6,0.32,0,7,8,6,10.983333333333334,0,graduado
Servicio social,2,diurna,121.0,121.4,0,1,1,19,15.5,2.8,-4.06,0,6,8,4,10.75,0,graduado
Enfermería veterinaria,1,diurna,140.0,142.8,0,0,1,20,8.9,1.4,3.51,7,12,15,11,13.384615384615383,0,graduado
Gestión de publicidad y marketing,1,diurna,133.1,96.0,0,1,1,25,15.5,2.8,-4.06,0,6,8,6,11.285714285714286,0,continua_matriculado
Servicio social,1,vespertina,131.0,125.0,0,1,0,24,16.2,0.3,-0.92,0,6,13,0,0.0,3,abandono
Ingeniería informática,6,diurna,124.0,126.1,0,1,0,20,7.6,2.6,0.32,0,5,7,4,13.0,0,graduado
Agronomía,1,diurna,120.0,155.8,0,1,0,29,13.9,-0.3,0.79,0,6,9,6,16.11111111111111,0,graduado
Periodismo y comunicación,1,diurna,133.1,116.0,0,1,0,20,16.2,0.3,-0.92,0,6,8,6,11.5,0,graduado
Equinocultura,1,diurna,110.0,110.0,0,1,0,20,13.9,-0.3,0.79,0,6,15,4,10.75,0,abandono
Gestión de publicidad y marketing,1,diurna,133.1,97.2,0,1,1,24,11.1,0.6,2.02,0,6,10,4,11.6,0,graduado
Enfermería,1,diurna,133.1,100.0,1,1,0,24,16.2,0.3,-0.92,0,7,21,0,0.0,3,abandono
Ingeniería informática,1,diurna,140.0,140.0,0,1,0,23,11.1,0.6,2.02,0,5,5,5,13.8,0,graduado
Higiene oral,1,diurna,130.0,128.0,0,1,0,20,15.5,2.8,-4.06,0,7,8,7,13.585714285714284,0,graduado
Gestión de publicidad y marketing,2,diurna,110.0,115.3,0,1,0,19,15.5,2.8,-4.06,0,6,8,6,13.857142857142858,0,graduado
Agronomía,1,diurna,140.0,150.0,0,1,0,28,11.1,0.6,2.02,0,6,12,5,12.0,0,continua_matriculado
Agronomía,1,diurna,160.0,160.0,0,1,1,20,13.9,-0.3,0.79,0,6,9,6,13.444444444444445,0,graduado
Diseño de comunicación,1,diurna,138.0,133.1,0,1,0,18,8.9,1.4,3.51,0,6,6,6,14.0,0,graduado
Gestión de publicidad y marketing,1,diurna,126.0,119.0,1,1,0,20,10.8,1.4,1.74,0,6,10,1,12.0,1,abandono
Administración,1,vespertina,120.0,156.0,0,1,0,33,10.8,1.4,1.74,0,5,5,5,14.2,0,graduado
Enfermería,1,diurna,130.0,163.7,0,1,0,35,12.4,0.5,1.79,0,7,11,5,13.34,0,continua_matriculado
Enfermería,1,diurna,130.0,130.0,0,1,0,27,12.7,3.7,-1.7,3,8,12,7,12.457142857142856,0,continua_matriculado
Periodismo y comunicación,5,diurna,122.0,123.1,0,0,0,19,9.4,-0.8,-3.12,0,6,12,3,11.0,0,abandono
Administración,1,vespertina,160.0,160.0,0,1,1,31,15.5,2.8,-4.06,0,5,13,4,10.5,0,continua_matriculado
Diseño de animación y multimedia,1,diurna,134.0,136.1,0,1,0,19,9.4,-0.8,-3.12,0,0,0,0,0.0,0,graduado
Diseño de comunicación,1,diurna,134.0,132.7,0,1,0,22,15.5,2.8,-4.06,9,13,13,13,14.0,0,graduado
Enfermería,1,diurna,140.0,128.2,0,1,0,39,12.7,3.7,-1.7,0,7,0,0,0.0,0,abandono
Turismo,1,diurna,127.0,126.7,0,0,0,22,12.4,0.5,1.79,0,1,1,0,0.0,0,abandono
Administración,1,vespertina,133.1,150.0,0,1,0,47,9.4,-0.8,-3.12,0,5,8,4,10.0,0,continua_matriculado
Diseño de animación y multimedia,1,diurna,143.0,156.3,0,1,1,19,11.1,0.6,2.02,0,0,0,0,0.0,0,graduado
Turismo,1,diurna,115.0,116.1,0,1,0,19,12.4,0.5,1.79,0,6,6,6,13.5,0,graduado
Enfermería,1,diurna,131.0,123.8,0,1,0,19,15.5,2.8,-4.06,0,7,0,0,0.0,0,abandono
Diseño de animación y multimedia,1,diurna,146.0,153.0,0,1,1,21,11.1,0.6,2.02,15,17,18,17,13.38888888888889,0,graduado
Enfermería,1,diurna,140.0,140.0,0,0,0,39,12.4,0.5,1.79,0,7,0,0,0.0,0,abandono
Diseño de animación y multimedia,1,diurna,135.0,131.9,0,1,0,19,8.9,1.4,3.51,6,12,12,12,13.583333333333334,0,graduado
Diseño de animación y multimedia,1,diurna,133.0,141.4,0,1,1,20,13.9,-0.3,0.79,0,0,0,0,0.0,0,continua_matriculado
Administración,1,diurna,133.1,140.0,1,0,0,24,12.7,3.7,-1.7,0,5,5,0,0.0,0,abandono
Administración,1,vespertina,120.0,115.0,0,1,0,27,12.7,3.7,-1.7,0,5,9,1,10.0,0,abandono
Administración,1,vespertina,133.1,168.0,0,1,0,29,11.1,0.6,2.02,0,5,5,5,15.2,0,graduado
Enfermería veterinaria,1,diurna,130.0,101.3,0,1,0,20,12.4,0.5,1.79,0,6,12,4,12.8,0,abandono
Gestión de publicidad y marketing,1,diurna,125.0,122.6,0,1,0,21,9.4,-0.8,-3.12,0,5,7,5,11.166666666666666,0,abandono
Diseño de animación y multimedia,1,diurna,134.0,141.7,0,1,0,18,7.6,2.6,0.32,0,0,0,0,0.0,0,continua_matriculado
Enfermería,1,diurna,151.0,132.3,0,1,0,19,12.7,3.7,-1.7,0,8,9,7,12.828571428571427,0,graduado
Periodismo y comunicación,1,diurna,112.0,111.7,1,0,0,19,15.5,2.8,-4.06,0,6,6,6,12.5,0,abandono
Ingeniería informática,1,diurna,120.0,98.7,0,1,1,28,12.4,0.5,1.79,0,5,12,3,10.0,0,graduado
Turismo,1,diurna,140.0,140.0,0,0,0,21,13.9,-0.3,0.79,0,6,6,6,11.5,0,graduado
Enfermería,1,diurna,140.0,140.0,1,0,0,23,12.7,3.7,-1.7,0,8,11,7,11.328571428571427,0,abandono
Agronomía,1,diurna,133.1,100.7,0,1,0,39,15.5,2.8,-4.06,0,6,15,2,13.0,2,continua_matriculado
Enfermería,3,diurna,143.0,133.8,0,1,0,18,7.6,2.6,0.32,0,7,7,6,13.033333333333331,0,graduado
Periodismo y comunicación,1,diurna,133.1,100.0,0,1,0,59,11.1,0.6,2.02,0,6,8,6,12.166666666666666,0,graduado
Ingeniería informática,1,diurna,180.0,180.0,1,1,0,30,13.9,-0.3,0.79,0,5,6,4,14.5,0,continua_matriculado
Enfermería veterinaria,1,diurna,136.0,130.8,0,1,0,18,12.7,3.7,-1.7,0,5,7,5,14.4,1,graduado
Administración,1,vespertina,140.0,140.0,0,1,0,41,9.4,-0.8,-3.12,2,6,10,4,12.25,0,continua_matriculado
Enfermería,1,diurna,130.0,106.2,0,1,0,27,11.1,0.6,2.02,0,7,14,0,0.0,0,abandono
Servicio social,1,diurna,141.0,125.6,0,1,1,18,9.4,-0.8,-3.12,0,6,6,6,12.666666666666666,0,graduado
Educación básica,5,diurna,121.0,117.5,1,0,0,20,10.8,1.4,1.74,0,6,14,2,12.0,0,abandono
Ingeniería informática,1,diurna,120.0,122.5,0,0,0,32,12.7,3.7,-1.7,0,5,6,0,0.0,0,abandono
Administración,1,diurna,129.0,132.9,0,1,0,19,9.4,-0.8,-3.12,0,5,5,3,11.666666666666666,0,abandono
Educación básica,1,diurna,133.1,103.0,0,1,0,41,16.2,0.3,-0.92,0,6,0,0,0.0,0,abandono
Servicio social,5,vespertina,100.0,107.0,0,1,0,38,10.8,1.4,1.74,0,5,12,1,10.0,0,abandono
Equinocultura,1,diurna,133.1,100.0,0,1,0,35,8.9,1.4,3.51,0,7,8,0,0.0,1,abandono
Servicio social,1,vespertina,133.1,100.0,0,1,0,27,7.6,2.6,0.32,0,6,11,4,12.25,0,abandono
Diseño de comunicación,1,diurna,139.0,131.3,0,1,0,19,7.6,2.6,0.32,0,6,10,4,12.0,1,graduado
Periodismo y comunicación,1,diurna,125.0,122.2,0,0,0,18,11.1,0.6,2.02,0,6,7,5,12.6,0,continua_matriculado
Administración,1,vespertina,133.1,118.4,0,0,0,39,7.6,2.6,0.32,0,5,5,0,0.0,0,abandono
Turismo,1,diurna,100.0,100.0,0,0,0,37,10.8,1.4,1.74,0,5,5,0,0.0,0,abandono
Enfermería,1,diurna,110.0,110.0,0,0,0,37,12.7,3.7,-1.7,0,8,8,0,0.0,1,abandono
Servicio social,1,vespertina,133.1,100.0,0,1,1,35,9.4,-0.8,-3.12,11,16,16,16,12.6875,0,graduado
Administración,1,diurna,123.0,106.2,0,1,0,49,12.7,3.7,-1.7,9,13,22,10,10.4,0,graduado
Administración,1,diurna,110.0,110.0,0,1,0,52,13.9,-0.3,0.79,11,15,26,14,10.466666666666669,0,graduado
Enfermería veterinaria,2,diurna,130.0,122.3,0,1,0,18,9.4,-0.8,-3.12,0,5,10,5,14.333333333333334,2,graduado
Servicio social,1,vespertina,133.1,112.5,0,1,1,30,10.8,1.4,1.74,0,7,7,6,14.666666666666666,1,graduado
Enfermería,2,diurna,97.0,98.1,0,1,0,21,11.1,0.6,2.02,0,7,7,7,12.835714285714284,0,graduado
Ingeniería informática,1,diurna,130.0,140.2,0,1,0,20,9.4,-0.8,-3.12,0,5,5,0,0.0,0,abandono
Administración,1,diurna,139.0,143.6,1,1,0,18,7.6,2.6,0.32,0,5,9,0,0.0,0,continua_matriculado
Diseño de animación y multimedia,1,diurna,150.0,134.6,0,1,0,19,7.6,2.6,0.32,0,0,0,0,0.0,0,abandono
Enfermería,3,diurna,141.0,126.8,0,1,0,18,9.4,-0.8,-3.12,0,8,8,8,13.24875,0,graduado
Tecnologías de producción de biocombustibles,1,diurna,133.1,100.0,0,1,0,20,8.9,1.4,3.51,0,7,10,7,12.857142857142858,0,continua_matriculado
Equinocultura,1,diurna,137.0,130.0,0,1,0,21,12.4,0.5,1.79,0,6,12,5,13.6,0,continua_matriculado
Administración,4,diurna,116.0,113.6,0,1,1,22,11.1,0.6,2.02,0,5,6,3,14.0,0,graduado
Equinocultura,1,diurna,140.0,140.0,1,0,0,20,12.4,0.5,1.79,1,6,11,3,12.0,0,continua_matriculado
Enfermería veterinaria,4,diurna,106.0,106.0,0,1,0,20,13.9,-0.3,0.79,0,6,9,6,13.166666666666666,0,continua_matriculado
Servicio social,6,diurna,135.0,126.6,0,1,1,19,12.7,3.7,-1.7,0,6,8,6,13.625,0,graduado
Enfermería,5,diurna,144.0,130.7,0,1,1,18,13.9,-0.3,0.79,0,7,8,7,14.85,0,graduado
Administración,2,diurna,108.0,105.9,0,1,0,21,11.1,0.6,2.02,0,5,9,4,10.75,0,graduado
Higiene oral,1,diurna,137.0,137.0,1,1,0,19,8.9,1.4,3.51,0,7,11,0,0.0,4,continua_matriculado
Equinocultura,1,diurna,133.1,100.0,0,1,0,37,13.9,-0.3,0.79,0,6,0,0,0.0,0,abandono
Servicio social,1,vespertina,121.0,114.4,0,1,0,45,7.6,2.6,0.32,8,12,14,12,14.0,0,continua_matriculado
Agronomía,1,diurna,133.1,120.0,1,0,0,38,16.2,0.3,-0.92,0,6,8,0,0.0,0,abandono
Administración,1,vespertina,130.0,119.0,0,0,0,55,7.6,2.6,0.32,0,5,5,0,0.0,0,abandono
Agronomía,1,diurna,133.1,110.0,1,0,0,28,13.9,-0.3,0.79,0,6,17,5,13.0,0,abandono
Administración,1,vespertina,120.0,120.0,0,1,0,46,8.9,1.4,3.51,6,8,12,8,12.375,0,graduado
Diseño de animación y multimedia,4,diurna,131.0,119.8,0,1,0,22,16.2,0.3,-0.92,0,0,0,0,0.0,0,graduado
Gestión de publicidad y marketing,2,diurna,133.1,135.6,0,1,0,46,12.4,0.5,1.79,0,6,10,5,11.4,0,abandono
Administración,1,vespertina,100.0,120.7,0,1,0,28,7.6,2.6,0.32,0,5,9,4,11.25,0,continua_matriculado
Enfermería veterinaria,3,diurna,131.0,136.3,1,0,0,18,7.6,2.6,0.32,0,5,7,3,13.0,0,abandono
Diseño de animación y multimedia,1,diurna,158.0,164.3,0,1,1,18,10.8,1.4,1.74,0,0,0,0,0.0,0,continua_matriculado
Periodismo y comunicación,1,diurna,146.0,149.2,0,1,1,21,12.7,3.7,-1.7,0,6,6,6,13.5,0,graduado
Diseño de comunicación,2,diurna,133.0,122.5,0,1,0,18,7.6,2.6,0.32,0,6,11,1,11.0,1,continua_matriculado
Administración,1,vespertina,120.0,100.0,0,1,0,34,13.9,-0.3,0.79,0,5,9,0,0.0,0,abandono
Educación básica,1,diurna,119.0,125.0,0,1,1,21,10.8,1.4,1.74,0,6,9,5,12.0,0,abandono
Periodismo y comunicación,1,diurna,132.0,131.0,0,1,1,18,15.5,2.8,-4.06,0,6,8,5,13.0,0,graduado
Diseño de animación y multimedia,1,diurna,130.0,122.0,0,1,0,20,7.6,2.6,0.32,0,0,0,0,0.0,0,graduado
Administración,1,diurna,132.0,131.3,0,1,0,18,9.4,-0.8,-3.12,0,5,8,4,12.0,0,continua_matriculado
Ingeniería informática,2,diurna,133.1,117.0,0,1,0,21,12.4,0.5,1.79,0,5,10,5,11.166666666666666,0,continua_matriculado
Turismo,1,diurna,119.0,118.0,0,1,0,19,10.8,1.4,1.74,0,6,13,2,10.5,0,abandono
Servicio social,2,vespertina,134.0,126.0,0,1,0,22,7.6,2.6,0.32,0,6,7,6,12.666666666666666,0,graduado
Agronomía,1,diurna,120.0,120.0,0,1,0,23,15.5,2.8,-4.06,1,6,6,1,11.0,0,abandono
Diseño de animación y multimedia,4,diurna,172.0,155.6,0,1,0,19,9.4,-0.8,-3.12,0,0,0,0,0.0,0,abandono
Administración,4,diurna,120.0,122.8,0,1,0,18,10.8,1.4,1.74,0,5,6,4,11.5,0,continua_matriculado
Diseño de animación y multimedia,3,diurna,129.0,127.3,1,0,1,19,9.4,-0.8,-3.12,0,0,0,0,0.0,0,abandono
Administración,1,diurna,118.0,118.4,0,1,0,19,12.4,0.5,1.79,0,5,10,2,10.5,0,continua_matriculado
Gestión de publicidad y marketing,1,diurna,127.0,128.1,0,1,0,19,7.6,2.6,0.32,0,5,8,4,12.5,0,continua_matriculado
Enfermería,2,diurna,133.1,99.0,0,1,0,22,16.2,0.3,-0.92,0,7,9,6,12.833333333333334,0,continua_matriculado
Periodismo y comunicación,1,diurna,164.0,161.2,0,1,1,18,13.9,-0.3,0.79,0,6,7,6,15.571428571428571,0,graduado
Servicio social,1,diurna,136.0,140.9,0,1,0,18,9.4,-0.8,-3.12,0,6,10,4,12.0,0,abandono
Periodismo y comunicación,1,diurna,117.0,111.1,1,1,0,19,16.2,0.3,-0.92,0,6,6,4,11.25,0,abandono
Diseño de animación y multimedia,4,diurna,131.0,149.9,0,1,0,18,11.1,0.6,2.02,0,0,0,0,0.0,0,graduado
Gestión de publicidad y marketing,6,diurna,110.0,111.3,0,1,0,21,15.5,2.8,-4.06,0,6,10,6,12.285714285714286,0,continua_matriculado
Turismo,2,diurna,125.0,121.5,0,1,0,18,9.4,-0.8,-3.12,0,6,12,5,11.0,0,continua_matriculado
Agronomía,1,diurna,120.0,120.0,0,1,0,19,12.4,0.5,1.79,0,6,8,6,12.142857142857142,0,graduado
Agronomía,1,diurna,133.1,120.0,1,0,0,27,8.9,1.4,3.51,0,6,11,2,11.5,0,abandono
Agronomía,1,diurna,130.0,130.0,1,1,0,20,8.9,1.4,3.51,7,12,16,11,12.545454545454543,0,continua_matriculado
Turismo,5,diurna,101.0,98.9,0,1,0,20,12.4,0.5,1.79,0,6,10,4,13.0,0,graduado
Enfermería,6,diurna,141.0,136.3,0,1,0,18,9.4,-0.8,-3.12,0,8,9,8,12.8875,1,graduado
Periodismo y comunicación,1,diurna,128.0,125.2,0,1,0,18,12.4,0.5,1.79,0,6,6,6,12.666666666666666,0,continua_matriculado
Diseño de comunicación,2,diurna,145.0,130.0,0,1,0,18,8.9,1.4,3.51,0,6,7,6,12.833333333333334,0,graduado
Administración,1,diurna,160.0,141.5,0,1,0,18,9.4,-0.8,-3.12,0,5,10,3,10.666666666666666,1,abandono
Enfermería veterinaria,5,diurna,134.0,123.9,0,1,0,18,9.4,-0.8,-3.12,0,5,11,5,13.0,2,continua_matriculado
Enfermería,2,diurna,125.0,114.5,0,1,0,18,16.2,0.3,-0.92,0,7,11,6,11.983333333333334,0,graduado
Servicio social,1,vespertina,133.1,100.0,0,0,0,37,9.4,-0.8,-3.12,0,5,9,0,0.0,0,abandono
Servicio social,1,vespertina,120.0,110.5,0,1,1,36,10.8,1.4,1.74,0,6,6,6,11.833333333333334,0,graduado
Enfermería veterinaria,1,diurna,133.1,101.0,0,1,0,26,15.5,2.8,-4.06,0,6,21,3,12.666666666666666,0,abandono
Enfermería veterinaria,1,diurna,121.0,121.0,0,1,0,19,7.6,2.6,0.32,0,5,9,4,13.75,1,graduado
Servicio social,1,vespertina,120.0,95.0,0,1,0,24,15.5,2.8,-4.06,0,6,8,5,11.4,0,abandono
Periodismo y comunicación,2,diurna,130.0,126.9,0,1,1,19,11.1,0.6,2.02,0,6,8,6,13.166666666666666,0,abandono
Gestión de publicidad y marketing,1,diurna,130.0,116.3,0,1,1,20,12.7,3.7,-1.7,3,7,10,6,12.833333333333334,0,graduado
Gestión de publicidad y marketing,1,diurna,128.0,120.0,0,1,0,19,11.1,0.6,2.02,0,6,8,6,14.125,0,graduado
Enfermería veterinaria,1,diurna,126.0,123.6,0,1,0,21,10.8,1.4,1.74,0,5,10,3,11.666666666666666,0,graduado
Higiene oral,1,diurna,120.0,150.0,0,0,0,50,12.7,3.7,-1.7,0,7,18,6,10.25,0,abandono
Higiene oral,1,diurna,100.0,120.0,0,1,0,47,12.7,3.7,-1.7,1,7,16,6,12.514285714285716,0,abandono
Educación básica,1,diurna,120.0,111.3,0,1,0,24,16.2,0.3,-0.92,9,13,17,10,11.5,0,abandono
Administración,1,vespertina,110.0,150.0,0,0,0,48,15.5,2.8,-4.06,0,5,5,1,10.0,0,abandono
Enfermería veterinaria,1,diurna,127.0,123.2,0,1,1,18,12.4,0.5,1.79,0,6,7,6,15.714285714285714,0,graduado
Administración,1,vespertina,130.0,130.0,0,1,0,32,9.4,-0.8,-3.12,2,6,9,4,12.5,0,abandono
Gestión de publicidad y marketing,1,diurna,141.0,137.9,0,0,0,20,7.6,2.6,0.32,0,5,6,3,12.0,0,abandono
Ingeniería informática,1,diurna,120.0,100.0,1,1,0,24,16.2,0.3,-0.92,0,5,11,0,0.0,0,abandono
Equinocultura,1,diurna,133.1,120.0,0,1,0,53,9.4,-0.8,-3.12,0,5,9,4,12.25,2,graduado
Periodismo y comunicación,1,diurna,133.1,131.0,1,0,0,42,13.9,-0.3,0.79,0,4,5,0,0.0,0,abandono
Administración,1,vespertina,133.1,133.8,0,1,0,52,7.6,2.6,0.32,0,5,5,5,13.6,0,graduado
Servicio social,1,vespertina,130.0,100.0,0,1,0,54,12.7,3.7,-1.7,9,13,14,13,13.307692307692308,0,continua_matriculado
Administración,1,vespertina,110.0,150.0,0,1,0,49,15.5,2.8,-4.06,0,5,6,5,12.2,0,graduado
Gestión de publicidad y marketing,1,diurna,125.0,126.4,0,1,1,18,16.2,0.3,-0.92,0,6,7,6,12.285714285714286,0,graduado
Equinocultura,1,diurna,130.0,154.0,0,1,0,37,10.8,1.4,1.74,1,5,12,3,12.0,2,graduado
Enfermería,1,diurna,121.0,114.9,0,1,1,21,12.4,0.5,1.79,0,7,9,6,13.342857142857143,0,graduado
Gestión de publicidad y marketing,1,diurna,133.1,110.0,1,1,0,26,9.4,-0.8,-3.12,0,5,5,0,0.0,0,abandono
Diseño de comunicación,1,diurna,147.0,149.8,0,1,0,20,16.2,0.3,-0.92,5,12,12,11,14.272727272727272,0,graduado
Enfermería,4,diurna,128.0,117.9,0,1,1,19,12.4,0.5,1.79,0,7,9,7,12.1375,0,graduado
Diseño de comunicación,2,diurna,164.0,165.8,0,1,0,18,9.4,-0.8,-3.12,0,6,7,6,14.166666666666666,0,graduado
Enfermería,5,diurna,137.0,127.6,0,1,0,18,12.4,0.5,1.79,0,7,7,7,13.528571428571428,0,graduado
Servicio social,2,vespertina,122.0,123.8,0,1,0,20,10.8,1.4,1.74,0,6,8,5,12.0,0,graduado
Turismo,4,diurna,124.0,126.1,0,1,0,20,10.8,1.4,1.74,0,5,5,5,11.4,0,abandono
Diseño de animación y multimedia,2,diurna,120.0,119.7,0,1,0,21,8.9,1.4,3.51,0,0,0,0,0.0,0,abandono
Diseño de animación y multimedia,2,diurna,117.0,121.6,0,1,0,22,8.9,1.4,3.51,6,12,12,12,12.916666666666666,0,graduado
Enfermería,1,diurna,140.0,100.0,0,1,1,18,13.9,-0.3,0.79,0,7,8,7,13.6375,0,graduado
Enfermería,5,diurna,130.0,127.6,0,1,0,18,15.5,2.8,-4.06,0,7,10,7,12.9,0,abandono
Enfermería,1,diurna,138.0,132.5,0,1,1,19,10.8,1.4,1.74,0,8,8,7,14.36,0,graduado
Enfermería,1,diurna,141.0,124.3,0,1,0,19,12.7,3.7,-1.7,0,8,8,7,14.514285714285714,0,continua_matriculado
Enfermería,3,diurna,142.0,131.0,0,1,0,18,10.8,1.4,1.74,0,8,8,7,14.7,0,graduado
Administración,1,vespertina,120.0,120.0,0,1,0,27,11.1,0.6,2.02,0,5,5,5,15.2,0,continua_matriculado
Higiene oral,3,diurna,122.0,113.3,0,1,1,20,12.4,0.5,1.79,0,7,7,7,13.0,0,graduado
Educación básica,2,diurna,131.0,121.9,0,1,0,20,12.7,3.7,-1.7,0,6,6,6,13.5,0,abandono
Enfermería veterinaria,2,diurna,120.0,118.3,0,1,0,20,9.4,-0.8,-3.12,0,5,11,5,12.333333333333334,2,graduado
Administración,1,diurna,131.0,118.8,0,1,0,19,16.2,0.3,-0.92,0,5,6,5,13.4,0,graduado
Enfermería veterinaria,2,diurna,130.0,129.0,0,1,0,20,7.6,2.6,0.32,0,5,7,4,11.75,0,continua_matriculado
Diseño de animación y multimedia,3,diurna,120.0,143.3,0,1,1,20,7.6,2.6,0.32,0,0,0,0,0.0,0,graduado
Diseño de animación y multimedia,1,diurna,136.0,152.5,0,1,0,20,13.9,-0.3,0.79,0,0,0,0,0.0,0,continua_matriculado
Enfermería veterinaria,1,diurna,160.0,155.7,0,1,0,27,8.9,1.4,3.51,7,12,17,11,14.727272727272728,0,graduado
Enfermería veterinaria,2,diurna,157.0,153.9,0,1,0,18,13.9,-0.3,0.79,0,6,7,6,16.571428571428573,0,graduado
Enfermería,1,diurna,150.0,137.8,0,1,0,18,15.5,2.8,-4.06,0,7,10,7,15.145,0,graduado
Enfermería,1,diurna,148.0,143.3,0,1,1,18,13.9,-0.3,0.79,0,7,7,7,13.44285714285714,0,graduado
Enfermería veterinaria,1,diurna,120.0,123.2,0,1,0,20,9.4,-0.8,-3.12,0,5,8,5,14.166666666666666,2,graduado
Periodismo y comunicación,1,diurna,150.0,138.1,0,1,0,19,11.1,0.6,2.02,0,6,7,6,14.0,0,continua_matriculado
Servicio social,1,diurna,158.0,140.5,0,1,1,20,10.8,1.4,1.74,0,6,9,6,11.333333333333334,0,graduado
Enfermería,4,diurna,145.0,130.0,0,1,0,18,9.4,-0.8,-3.12,0,8,8,8,13.76125,0,graduado
Diseño de comunicación,1,diurna,100.0,104.8,1,0,0,22,12.4,0.5,1.79,2,7,9,5,11.6,0,abandono
Servicio social,1,vespertina,136.0,132.5,1,1,1,22,13.9,-0.3,0.79,1,6,7,4,12.75,0,graduado
Administración,1,vespertina,133.1,127.7,0,1,0,25,13.9,-0.3,0.79,0,5,12,4,12.5,0,continua_matriculado
Enfermería veterinaria,1,diurna,148.0,136.5,0,1,0,19,15.5,2.8,-4.06,0,6,13,6,15.307692307692308,0,graduado
Equinocultura,1,diurna,130.0,130.0,0,0,0,21,16.2,0.3,-0.92,1,6,12,5,13.285714285714286,0,abandono
Enfermería,1,diurna,130.0,190.0,0,1,0,27,16.2,0.3,-0.92,1,7,7,7,14.757142857142856,0,graduado
Enfermería,4,diurna,136.0,128.5,0,1,0,18,7.6,2.6,0.32,0,7,7,6,12.766666666666666,0,graduado
Turismo,3,diurna,122.0,126.6,0,0,0,18,10.8,1.4,1.74,0,5,5,5,10.4,0,abandono
Higiene oral,1,diurna,140.0,131.6,0,1,0,19,11.1,0.6,2.02,0,7,0,0,0.0,0,abandono
Administración,1,vespertina,110.0,119.0,0,1,1,35,8.9,1.4,3.51,0,5,10,4,10.5,0,graduado
Enfermería veterinaria,1,diurna,130.0,127.6,0,1,0,23,7.6,2.6,0.32,0,5,6,4,14.25,0,graduado
Enfermería,1,diurna,133.1,100.0,0,1,0,28,16.2,0.3,-0.92,0,7,11,3,11.916666666666666,1,abandono
Ingeniería informática,1,diurna,128.0,124.5,0,1,0,19,7.6,2.6,0.32,0,5,10,3,10.666666666666666,0,continua_matriculado
Periodismo y comunicación,1,diurna,117.0,109.3,0,1,0,19,7.6,2.6,0.32,0,6,11,4,12.25,0,continua_matriculado
Gestión de publicidad y marketing,2,diurna,124.0,117.7,1,1,0,20,9.4,-0.8,-3.12,0,5,5,4,12.0,0,abandono
Gestión de publicidad y marketing,1,diurna,124.0,124.7,0,1,0,21,7.6,2.6,0.32,0,5,7,3,11.0,0,abandono
Diseño de comunicación,3,diurna,128.0,124.5,0,1,0,18,10.8,1.4,1.74,0,6,6,6,14.166666666666666,0,graduado
Diseño de comunicación,5,diurna,125.0,140.8,0,1,0,22,9.4,-0.8,-3.12,0,6,6,6,14.666666666666666,0,graduado
Enfermería veterinaria,3,diurna,121.0,111.9,0,1,0,21,10.8,1.4,1.74,0,5,11,0,0.0,0,graduado
Higiene oral,1,diurna,140.0,140.0,1,0,0,38,13.9,-0.3,0.79,0,7,8,3,12.666666666666666,0,abandono
Diseño de animación y multimedia,1,diurna,124.0,121.2,0,1,0,20,10.8,1.4,1.74,0,0,0,0,0.0,0,continua_matriculado
Diseño de animación y multimedia,4,diurna,136.0,123.8,0,1,0,19,7.6,2.6,0.32,0,0,0,0,0.0,0,abandono
Ingeniería informática,1,diurna,140.8,134.0,0,1,0,24,7.6,2.6,0.32,0,5,0,0,0.0,0,abandono
Diseño de comunicación,3,diurna,142.0,130.8,0,0,0,19,12.7,3.7,-1.7,0,6,0,0,0.0,0,abandono
Enfermería,1,diurna,133.0,130.2,0,1,1,19,16.2,0.3,-0.92,0,7,7,7,13.7,0,graduado
Administración,1,diurna,131.0,123.3,0,1,0,19,16.2,0.3,-0.92,0,5,7,5,11.8,0,continua_matriculado
Ingeniería informática,1,diurna,130.0,147.6,0,1,0,31,10.8,1.4,1.74,0,5,0,0,0.0,0,abandono
Gestión de publicidad y marketing,1,diurna,120.0,113.4,0,1,1,19,8.9,1.4,3.51,0,6,6,6,13.333333333333334,0,graduado
Diseño de comunicación,1,diurna,141.0,133.7,0,1,0,22,7.6,2.6,0.32,0,6,7,5,11.4,0,graduado
Enfermería veterinaria,1,diurna,130.0,128.2,0,1,0,25,7.6,2.6,0.32,0,5,5,0,0.0,0,abandono
Enfermería,1,diurna,168.0,161.0,0,1,0,18,16.2,0.3,-0.92,0,7,7,7,16.142857142857142,0,abandono
Enfermería,1,diurna,130.0,130.0,0,1,0,30,9.4,-0.8,-3.12,0,8,8,0,0.0,8,abandono
Enfermería,1,diurna,156.0,156.3,0,1,1,18,9.4,-0.8,-3.12,0,8,8,8,15.63375,0,graduado
Periodismo y comunicación,1,diurna,137.0,129.3,0,1,0,18,12.7,3.7,-1.7,0,6,6,6,13.666666666666666,0,graduado
Periodismo y comunicación,6,diurna,131.0,129.3,0,1,0,18,7.6,2.6,0.32,0,6,0,0,0.0,0,abandono
Servicio social,1,diurna,130.0,136.3,0,1,0,18,10.8,1.4,1.74,0,6,8,6,12.5,0,graduado
Gestión de publicidad y marketing,1,diurna,133.1,140.0,0,1,1,25,15.5,2.8,-4.06,0,6,8,6,12.285714285714286,0,graduado
Ingeniería informática,1,diurna,131.0,135.9,0,1,0,18,7.6,2.6,0.32,0,5,10,2,14.0,0,continua_matriculado
Diseño de animación y multimedia,5,diurna,160.0,139.7,0,1,0,18,12.7,3.7,-1.7,0,0,0,0,0.0,0,abandono
Administración,4,diurna,117.0,117.0,0,1,0,19,12.4,0.5,1.79,0,5,5,4,10.75,0,continua_matriculado
Higiene oral,1,diurna,133.1,105.0,0,1,0,25,15.5,2.8,-4.06,0,7,14,4,12.95,1,abandono
Enfermería,3,diurna,130.0,130.5,0,1,0,19,7.6,2.6,0.32,0,7,7,6,12.45,0,graduado
Administración,1,vespertina,130.0,130.0,0,1,0,31,9.4,-0.8,-3.12,2,6,12,4,12.25,0,continua_matriculado
Enfermería,3,diurna,137.0,131.5,0,1,1,20,9.4,-0.8,-3.12,0,8,8,8,13.38125,0,graduado
Enfermería,1,diurna,133.1,100.0,0,0,0,33,12.4,0.5,1.79,1,7,10,5,12.16,0,abandono
Enfermería veterinaria,1,diurna,140.0,140.0,1,0,0,24,12.4,0.5,1.79,2,6,11,4,12.5,0,continua_matriculado
Servicio social,4,diurna,140.0,130.2,0,1,1,18,12.7,3.7,-1.7,0,6,8,6,12.75,0,graduado
Enfermería,2,diurna,135.0,133.5,0,1,0,19,9.4,-0.8,-3.12,0,8,8,8,13.3425,0,graduado
Enfermería,4,diurna,140.0,133.2,0,1,1,20,15.5,2.8,-4.06,0,7,10,7,14.175,0,graduado
Enfermería,1,diurna,100.0,130.0,0,1,1,33,12.7,3.7,-1.7,0,8,16,1,10.0,1,continua_matriculado
Ingeniería informática,1,diurna,160.0,129.0,0,1,0,24,7.6,2.6,0.32,0,5,9,0,0.0,0,abandono
Administración,1,vespertina,133.1,100.0,0,1,0,24,16.2,0.3,-0.92,0,5,7,0,0.0,0,abandono
Enfermería veterinaria,1,diurna,128.0,116.5,0,1,0,18,10.8,1.4,1.74,0,5,6,5,12.0,0,graduado
Turismo,2,diurna,121.0,124.2,0,1,1,18,16.2,0.3,-0.92,0,6,8,6,10.571428571428571,0,graduado
Enfermería veterinaria,1,diurna,127.0,138.8,0,1,0,22,8.9,1.4,3.51,4,12,19,11,14.153846153846152,0,graduado
Periodismo y comunicación,1,diurna,132.0,126.4,0,1,1,18,10.8,1.4,1.74,0,6,9,6,11.166666666666666,0,graduado
Diseño de animación y multimedia,1,diurna,147.0,151.9,0,1,0,21,11.1,0.6,2.02,13,17,20,17,12.0,0,graduado
Administración,1,vespertina,110.0,120.0,0,1,0,38,9.4,-0.8,-3.12,0,5,11,3,11.333333333333334,0,abandono
Servicio social,1,diurna,142.0,131.9,0,1,1,29,9.4,-0.8,-3.12,9,16,17,16,12.588235294117649,0,graduado
Equinocultura,1,diurna,130.0,130.0,0,1,1,20,16.2,0.3,-0.92,0,6,11,4,12.0,0,continua_matriculado
Turismo,1,diurna,131.0,131.7,0,0,0,18,12.7,3.7,-1.7,0,6,0,0,0.0,0,abandono
Administración,1,vespertina,110.0,132.5,0,1,0,37,9.4,-0.8,-3.12,7,12,13,12,12.25,0,graduado
Administración,3,diurna,128.0,116.5,0,1,0,20,12.4,0.5,1.79,0,5,7,5,11.6,0,graduado
Equinocultura,1,diurna,136.0,133.9,0,0,0,20,10.8,1.4,1.74,0,5,7,4,13.0,0,abandono
Ingeniería informática,1,diurna,120.0,145.4,1,1,0,40,16.2,0.3,-0.92,0,5,11,3,10.666666666666666,0,abandono
Servicio social,1,vespertina,140.0,172.0,0,1,0,44,12.4,0.5,1.79,5,11,21,9,12.333333333333334,0,continua_matriculado
Administración,1,diurna,118.0,111.0,0,0,0,21,10.8,1.4,1.74,0,5,7,2,11.0,0,abandono
Diseño de comunicación,1,diurna,120.0,120.0,0,1,0,21,16.2,0.3,-0.92,2,7,10,6,13.428571428571429,0,graduado
Enfermería,6,diurna,151.0,129.8,0,1,0,18,9.4,-0.8,-3.12,0,8,10,8,13.05375,2,graduado
Enfermería,5,diurna,130.0,118.1,0,1,0,18,13.9,-0.3,0.79,0,7,10,6,12.035714285714286,0,continua_matriculado
Agronomía,1,diurna,140.0,130.0,0,1,0,27,11.1,0.6,2.02,0,6,6,6,14.166666666666666,0,graduado
Diseño de comunicación,1,diurna,133.1,126.3,0,0,0,38,10.8,1.4,1.74,0,6,6,0,0.0,0,abandono
Equinocultura,1,diurna,146.0,137.8,0,1,0,18,13.9,-0.3,0.79,0,6,11,5,13.6,0,abandono
Turismo,4,diurna,122.0,116.1,0,1,0,19,7.6,2.6,0.32,0,6,7,5,12.2,0,continua_matriculado
Equinocultura,1,diurna,121.0,115.4,0,1,0,18,15.5,2.8,-4.06,0,6,8,6,13.714285714285714,0,abandono
Periodismo y comunicación,1,diurna,127.0,110.0,1,0,0,19,16.2,0.3,-0.92,0,6,10,3,11.666666666666666,0,abandono
Gestión de publicidad y marketing,1,diurna,133.1,97.4,1,0,0,44,12.7,3.7,-1.7,0,6,9,1,14.0,0,abandono
Enfermería veterinaria,1,diurna,130.0,130.0,0,1,0,26,15.5,2.8,-4.06,2,6,20,4,12.5,0,abandono
Equinocultura,1,diurna,156.0,156.0,1,0,0,24,15.5,2.8,-4.06,0,6,11,5,11.833333333333334,0,abandono
Agronomía,1,diurna,130.0,126.1,0,0,0,27,15.5,2.8,-4.06,0,6,6,0,0.0,0,abandono
Agronomía,1,diurna,110.0,120.0,1,0,0,27,13.9,-0.3,0.79,0,6,0,0,0.0,0,abandono
Diseño de comunicación,1,diurna,108.0,105.2,0,1,0,25,12.7,3.7,-1.7,11,17,18,13,11.538461538461538,0,abandono
Agronomía,1,diurna,120.0,120.0,0,1,0,21,12.7,3.7,-1.7,4,9,14,7,11.285714285714286,2,continua_matriculado
Diseño de animación y multimedia,1,diurna,150.0,137.8,0,1,1,19,13.9,-0.3,0.79,0,0,0,0,0.0,0,graduado
Diseño de comunicación,2,diurna,152.0,134.2,0,1,0,20,15.5,2.8,-4.06,0,6,7,5,11.8,0,continua_matriculado
Ingeniería informática,1,diurna,150.0,150.0,0,1,0,20,12.7,3.7,-1.7,0,5,16,0,0.0,0,continua_matriculado
Ingeniería informática,5,diurna,123.0,116.0,1,0,0,20,8.9,1.4,3.51,0,5,5,0,0.0,0,abandono
Ingeniería informática,1,diurna,150.0,143.4,0,0,1,18,8.9,1.4,3.51,0,5,5,5,14.2,0,continua_matriculado
Diseño de animación y multimedia,1,diurna,145.0,143.6,1,1,0,19,8.9,1.4,3.51,5,12,12,10,12.7,0,continua_matriculado
Equinocultura,1,diurna,150.0,150.0,0,0,0,22,15.5,2.8,-4.06,1,6,10,3,12.666666666666666,0,abandono
Gestión de publicidad y marketing,4,diurna,125.0,118.0,0,1,0,19,16.2,0.3,-0.92,0,6,7,6,14.428571428571429,0,graduado
Enfermería,4,diurna,117.0,109.3,0,1,1,18,11.1,0.6,2.02,0,7,7,7,13.117142857142856,0,graduado
Servicio social,2,diurna,121.0,119.3,1,1,0,20,8.9,1.4,3.51,0,6,7,6,12.666666666666666,0,graduado
Diseño de animación y multimedia,1,diurna,140.0,146.3,0,1,1,18,12.7,3.7,-1.7,0,0,0,0,0.0,0,abandono
Periodismo y comunicación,1,diurna,130.0,161.5,0,1,0,36,10.8,1.4,1.74,0,6,7,6,15.285714285714286,0,graduado
Administración,1,diurna,140.0,140.0,1,1,0,19,12.4,0.5,1.79,0,5,12,3,10.5,0,graduado
Administración,1,diurna,140.0,142.2,0,1,1,21,8.9,1.4,3.51,6,11,11,11,12.636363636363637,0,graduado
Administración,1,diurna,140.0,129.2,0,1,0,26,15.5,2.8,-4.06,0,5,6,0,0.0,0,abandono
Agronomía,1,diurna,140.0,100.0,1,0,0,29,15.5,2.8,-4.06,3,9,9,3,14.333333333333334,0,abandono
Turismo,1,diurna,170.0,170.0,0,0,0,26,11.1,0.6,2.02,2,8,14,8,15.125,0,continua_matriculado
Enfermería,1,diurna,140.0,140.0,0,1,0,27,12.4,0.5,1.79,0,7,0,0,0.0,0,abandono
Administración,1,diurna,116.0,115.2,1,1,0,32,8.9,1.4,3.51,2,7,16,3,12.0,0,continua_matriculado
Educación básica,3,diurna,134.0,121.4,0,1,1,23,7.6,2.6,0.32,0,6,10,4,14.25,1,continua_matriculado
Administración,1,diurna,133.1,134.8,0,1,0,24,16.2,0.3,-0.92,0,5,12,2,10.5,0,continua_matriculado
Periodismo y comunicación,2,diurna,140.0,136.9,0,1,1,19,16.2,0.3,-0.92,0,6,7,6,13.5,0,graduado
Agronomía,1,diurna,140.0,140.0,0,1,0,25,15.5,2.8,-4.06,0,6,14,5,11.666666666666666,0,continua_matriculado
Turismo,6,diurna,108.0,112.2,0,1,0,19,9.4,-0.8,-3.12,0,6,13,5,10.8,0,continua_matriculado
Periodismo y comunicación,3,diurna,149.0,148.7,0,0,0,20,10.8,1.4,1.74,0,4,4,0,0.0,0,abandono
Turismo,1,diurna,140.0,133.0,0,1,0,33,12.7,3.7,-1.7,3,9,11,9,12.8,0,graduado
Administración,1,vespertina,140.0,150.0,1,1,0,35,9.4,-0.8,-3.12,0,5,6,5,10.8,0,abandono
Administración,1,diurna,133.1,98.0,0,1,0,23,11.1,0.6,2.02,0,5,8,4,11.4,0,graduado
Enfermería,1,diurna,125.0,122.4,0,1,0,19,11.1,0.6,2.02,0,7,7,7,13.725714285714286,0,graduado
Gestión de publicidad y marketing,1,diurna,133.1,139.0,0,1,0,21,10.8,1.4,1.74,0,6,6,5,12.8,0,continua_matriculado
Diseño de comunicación,5,diurna,133.1,112.0,0,1,1,21,11.1,0.6,2.02,0,6,6,6,13.5,0,graduado
Enfermería,1,diurna,130.0,143.8,0,1,0,27,10.8,1.4,1.74,0,8,8,7,15.57,0,abandono
Administración,3,diurna,122.0,116.1,1,1,0,19,8.9,1.4,3.51,0,5,10,4,11.0,0,continua_matriculado
Enfermería,2,diurna,140.0,138.0,0,1,0,28,16.2,0.3,-0.92,0,7,7,7,14.114285714285714,0,abandono
Administración,1,diurna,123.0,110.0,0,1,0,25,9.4,-0.8,-3.12,0,5,12,3,11.0,1,continua_matriculado
Servicio social,1,diurna,133.1,103.5,0,1,0,42,15.5,2.8,-4.06,0,6,0,0,0.0,0,abandono
Administración,1,vespertina,140.0,140.0,0,1,0,27,7.6,2.6,0.32,0,5,6,4,13.5,0,graduado
Diseño de comunicación,1,diurna,116.0,108.7,0,1,0,23,7.6,2.6,0.32,0,6,9,4,11.25,1,abandono
Turismo,3,diurna,118.0,115.9,0,1,1,18,8.9,1.4,3.51,0,6,7,6,12.142857142857142,0,graduado
Enfermería,1,diurna,140.0,127.3,0,1,0,26,10.8,1.4,1.74,0,8,8,7,13.075714285714286,0,graduado
Administración,4,diurna,146.0,138.7,0,1,0,18,8.9,1.4,3.51,0,5,0,0,0.0,0,abandono
Administración,1,vespertina,150.0,135.8,1,1,0,29,12.7,3.7,-1.7,1,5,9,3,11.0,0,abandono
Enfermería veterinaria,1,diurna,137.0,134.6,0,1,0,22,16.2,0.3,-0.92,0,6,16,0,0.0,0,abandono
Enfermería,1,diurna,136.0,118.4,0,1,0,21,13.9,-0.3,0.79,0,7,12,4,13.125,0,continua_matriculado
Enfermería,3,diurna,134.0,132.8,0,1,1,19,10.8,1.4,1.74,0,8,8,7,13.512857142857142,0,graduado
Servicio social,1,diurna,160.0,155.5,0,1,1,18,10.8,1.4,1.74,0,6,7,6,12.833333333333334,0,graduado
Enfermería veterinaria,3,diurna,126.0,132.0,0,1,1,18,9.4,-0.8,-3.12,0,5,8,3,15.0,2,abandono
Agronomía,1,diurna,133.1,110.0,1,0,0,40,11.1,0.6,2.02,0,6,12,5,12.8,0,abandono
Turismo,3,diurna,114.0,127.3,1,0,0,20,10.8,1.4,1.74,0,6,14,3,12.333333333333334,0,abandono
Enfermería,3,diurna,139.0,126.0,0,1,0,18,10.8,1.4,1.74,0,8,15,5,12.288,1,abandono
Servicio social,2,vespertina,130.0,130.0,0,1,0,31,7.6,2.6,0.32,8,12,21,12,12.333333333333334,0,graduado
Administración,2,diurna,131.0,118.8,0,1,1,18,12.4,0.5,1.79,0,5,9,4,11.5,0,graduado
Gestión de publicidad y marketing,2,diurna,130.0,127.6,0,1,0,22,10.8,1.4,1.74,4,6,6,6,11.833333333333334,0,abandono
Administración,1,diurna,133.1,112.1,1,0,0,38,8.9,1.4,3.51,0,5,5,0,0.0,0,abandono
Administración,1,vespertina,130.0,130.0,0,1,0,33,12.7,3.7,-1.7,0,5,5,0,0.0,0,abandono
Ingeniería informática,3,diurna,117.0,111.1,0,1,1,19,11.1,0.6,2.02,0,5,10,5,11.8,0,continua_matriculado
Gestión de publicidad y marketing,1,diurna,127.0,121.4,0,1,0,18,15.5,2.8,-4.06,0,6,0,0,0.0,0,abandono
Ingeniería informática,5,diurna,131.0,126.8,0,0,1,18,8.9,1.4,3.51,0,5,6,5,12.2,0,continua_matriculado
Administración,1,vespertina,134.0,120.6,0,1,0,27,11.1,0.6,2.02,2,6,6,6,12.333333333333334,0,graduado
Turismo,1,diurna,130.0,126.5,0,1,0,26,7.6,2.6,0.32,0,6,7,6,12.428571428571429,0,graduado
Enfermería,6,diurna,127.0,120.2,0,1,1,19,12.4,0.5,1.79,0,7,7,7,12.765714285714289,0,graduado
Enfermería,1,diurna,130.0,120.0,0,1,0,44,11.1,0.6,2.02,0,7,11,5,12.1,0,abandono
Administración,2,diurna,142.0,137.5,0,1,0,19,13.9,-0.3,0.79,0,5,10,5,12.0,0,graduado
Diseño de comunicación,1,diurna,117.0,127.9,0,1,0,20,9.4,-0.8,-3.12,0,6,6,0,0.0,0,abandono
Agronomía,1,diurna,133.1,140.0,1,1,0,24,16.2,0.3,-0.92,0,6,10,6,14.88888888888889,0,continua_matriculado
Administración,1,vespertina,164.0,131.8,0,1,0,31,9.4,-0.8,-3.12,7,14,19,13,11.357142857142858,0,graduado
Diseño de comunicación,1,diurna,130.0,129.0,0,1,0,25,9.4,-0.8,-3.12,0,6,6,6,13.5,0,graduado
Periodismo y comunicación,4,diurna,127.0,115.8,1,0,0,19,8.9,1.4,3.51,0,6,6,0,0.0,0,abandono
Enfermería,3,diurna,140.0,126.4,0,1,0,18,11.1,0.6,2.02,0,7,7,7,13.884285714285712,0,abandono
Enfermería veterinaria,1,diurna,130.0,130.0,0,0,0,19,13.9,-0.3,0.79,0,6,12,5,13.0,0,continua_matriculado
Enfermería,3,diurna,122.0,114.8,0,1,1,19,12.4,0.5,1.79,0,7,11,4,12.65,0,continua_matriculado
Administración,1,diurna,162.0,138.6,0,1,0,19,12.7,3.7,-1.7,0,5,10,1,11.0,0,continua_matriculado
Gestión de publicidad y marketing,1,diurna,133.1,112.9,0,1,0,24,16.2,0.3,-0.92,0,6,12,2,11.666666666666666,0,abandono
Servicio social,1,diurna,120.0,111.6,0,1,0,20,12.4,0.5,1.79,0,6,6,6,14.5,0,graduado
Turismo,1,diurna,160.0,152.0,0,1,0,18,12.7,3.7,-1.7,0,6,7,6,14.714285714285714,0,graduado
Servicio social,1,diurna,141.0,132.6,0,1,1,18,12.4,0.5,1.79,0,6,7,6,13.285714285714286,0,graduado
Enfermería veterinaria,1,diurna,125.0,118.4,0,1,0,21,9.4,-0.8,-3.12,0,5,13,3,11.333333333333334,2,continua_matriculado
Enfermería,1,diurna,120.0,120.0,1,0,0,28,13.9,-0.3,0.79,0,7,7,0,0.0,7,abandono
Administración,1,diurna,128.0,122.1,0,1,1,18,13.9,-0.3,0.79,0,5,11,4,11.571428571428571,0,continua_matriculado
Educación básica,1,diurna,162.0,142.8,1,1,0,18,12.7,3.7,-1.7,0,6,10,5,13.0,0,abandono
Servicio social,1,diurna,130.0,124.8,0,1,1,18,11.1,0.6,2.02,0,6,9,6,11.5,0,graduado
Administración,2,diurna,134.0,126.3,0,1,1,18,16.2,0.3,-0.92,0,5,8,5,11.8,0,graduado
Administración,1,diurna,133.1,119.0,0,0,1,19,10.8,1.4,1.74,0,5,7,3,10.666666666666666,0,abandono
Enfermería,1,diurna,137.0,124.9,0,1,1,19,15.5,2.8,-4.06,0,7,11,6,13.8875,0,graduado
Servicio social,1,diurna,133.1,118.0,1,1,1,20,8.9,1.4,3.51,0,6,7,5,11.4,0,graduado
Servicio social,1,vespertina,110.0,100.0,0,1,0,34,9.4,-0.8,-3.12,9,11,17,9,12.333333333333334,0,graduado
Enfermería,1,diurna,133.1,109.0,0,1,0,39,7.6,2.6,0.32,0,7,8,5,12.16,0,continua_matriculado
Enfermería,3,diurna,133.0,130.8,0,1,0,19,9.4,-0.8,-3.12,0,8,8,8,13.427499999999998,0,graduado
Diseño de comunicación,1,diurna,130.0,110.0,0,1,0,24,15.5,2.8,-4.06,0,6,6,6,15.166666666666666,0,graduado
Periodismo y comunicación,1,diurna,151.0,151.0,0,1,0,18,9.4,-0.8,-3.12,0,6,12,0,0.0,1,abandono
Equinocultura,1,diurna,125.0,131.0,0,1,0,19,10.8,1.4,1.74,0,5,11,2,10.5,2,abandono
Administración,1,diurna,158.0,155.2,0,1,1,18,9.4,-0.8,-3.12,0,5,5,5,11.8,0,graduado
Administración,2,diurna,128.0,121.0,1,1,0,20,16.2,0.3,-0.92,0,5,6,5,13.2,0,continua_matriculado
Enfermería,6,diurna,133.0,119.7,1,1,0,19,12.4,0.5,1.79,2,7,8,7,13.075,0,graduado
Equinocultura,1,diurna,138.0,131.0,0,1,0,19,11.1,0.6,2.02,0,6,8,4,11.6,0,abandono
Agronomía,1,diurna,126.0,116.9,0,1,0,19,13.9,-0.3,0.79,0,6,10,6,13.666666666666666,0,abandono
Administración,1,vespertina,140.0,130.0,0,1,0,41,9.4,-0.8,-3.12,0,5,9,4,10.75,0,abandono
Enfermería,2,diurna,143.0,137.8,0,1,0,19,12.4,0.5,1.79,0,7,10,6,13.492857142857144,0,graduado
Turismo,3,diurna,135.0,122.1,0,1,0,19,12.7,3.7,-1.7,0,6,14,3,12.5,0,continua_matriculado
Enfermería,1,diurna,120.0,120.0,0,0,0,23,12.7,3.7,-1.7,0,7,0,0,0.0,0,abandono
Ingeniería informática,1,diurna,148.0,133.0,0,1,0,18,12.4,0.5,1.79,0,5,12,5,13.285714285714286,0,abandono
Administración,1,diurna,126.0,115.2,0,1,0,19,16.2,0.3,-0.92,0,5,6,5,12.6,0,graduado
Agronomía,1,diurna,160.0,160.0,0,1,0,20,12.4,0.5,1.79,0,6,7,6,14.0,0,graduado
Enfermería veterinaria,1,diurna,140.0,106.3,1,0,0,35,7.6,2.6,0.32,0,5,7,2,11.5,0,abandono
Gestión de publicidad y marketing,2,diurna,133.1,103.0,0,0,0,34,10.8,1.4,1.74,0,6,6,0,0.0,0,abandono
Diseño de comunicación,1,diurna,136.0,136.0,1,0,1,19,10.8,1.4,1.74,0,6,6,6,11.833333333333334,0,graduado
Servicio social,1,diurna,150.0,146.5,1,0,0,22,13.9,-0.3,0.79,0,6,10,5,11.5,0,graduado
Diseño de comunicación,3,diurna,130.0,131.4,0,1,0,20,11.1,0.6,2.02,0,6,6,6,14.166666666666666,0,graduado
Administración,1,vespertina,130.0,130.0,0,1,0,27,12.7,3.7,-1.7,2,2,2,2,12.5,0,continua_matriculado
Ingeniería informática,1,diurna,110.0,137.0,1,1,0,30,7.6,2.6,0.32,0,5,5,0,0.0,0,abandono
Ingeniería informática,1,diurna,110.0,125.9,0,1,0,34,10.8,1.4,1.74,0,5,7,0,0.0,0,continua_matriculado
Turismo,1,diurna,121.0,111.9,0,0,0,20,10.8,1.4,1.74,0,6,14,2,10.5,0,abandono
Diseño de comunicación,1,diurna,127.0,131.2,0,1,0,18,7.6,2.6,0.32,0,6,6,6,11.833333333333334,0,graduado
Equinocultura,1,diurna,140.0,131.2,0,1,1,26,7.6,2.6,0.32,0,5,9,0,0.0,0,abandono
Administración,1,vespertina,130.0,140.0,0,1,0,26,15.5,2.8,-4.06,0,5,5,5,12.4,0,graduado
Administración,2,diurna,130.0,121.5,0,0,0,26,10.8,1.4,1.74,0,5,5,2,10.5,0,abandono
Administración,1,vespertina,100.0,153.5,1,0,0,31,12.4,0.5,1.79,0,5,9,0,0.0,0,abandono
Diseño de animación y multimedia,3,diurna,139.0,142.2,0,1,1,20,8.9,1.4,3.51,6,12,12,12,14.583333333333334,0,graduado
Periodismo y comunicación,1,diurna,150.0,131.1,0,1,0,19,7.6,2.6,0.32,0,6,6,6,11.666666666666666,0,graduado
Gestión de publicidad y marketing,1,diurna,133.1,130.6,1,0,0,23,7.6,2.6,0.32,0,5,5,0,0.0,0,abandono
Enfermería,6,diurna,119.0,115.0,0,1,1,20,11.1,0.6,2.02,0,7,14,1,13.0,0,abandono
Enfermería,1,diurna,170.0,125.0,0,1,0,20,11.1,0.6,2.02,0,7,7,7,15.66,0,graduado
Servicio social,1,vespertina,133.1,97.5,0,1,0,29,7.6,2.6,0.32,0,6,10,0,0.0,1,abandono
Periodismo y comunicación,4,diurna,133.0,134.4,0,1,1,20,9.4,-0.8,-3.12,0,6,6,6,12.166666666666666,0,graduado
Enfermería,1,diurna,125.0,118.8,0,1,0,24,7.6,2.6,0.32,0,7,7,6,13.3,0,graduado
Higiene oral,1,diurna,133.1,110.5,0,1,0,37,11.1,0.6,2.02,0,7,15,0,0.0,0,abandono
Enfermería,5,diurna,143.0,123.3,0,1,0,18,7.6,2.6,0.32,0,7,0,0,0.0,0,abandono
Diseño de animación y multimedia,2,diurna,127.0,139.6,1,0,1,18,13.9,-0.3,0.79,0,0,0,0,0.0,0,abandono
Enfermería,1,diurna,157.0,138.8,0,1,0,18,12.7,3.7,-1.7,0,8,8,7,13.55714285714286,0,graduado
Ingeniería informática,1,diurna,160.0,160.0,1,1,0,41,12.4,0.5,1.79,3,7,15,5,14.333333333333334,0,continua_matriculado
Agronomía,1,diurna,140.0,140.0,0,1,0,35,13.9,-0.3,0.79,0,6,16,4,12.0,0,abandono
Turismo,1,diurna,128.0,118.2,0,1,0,19,8.9,1.4,3.51,0,5,5,0,0.0,0,abandono
Diseño de animación y multimedia,1,diurna,145.0,150.6,0,1,0,18,10.8,1.4,1.74,0,0,0,0,0.0,0,graduado
Enfermería,1,diurna,133.1,115.2,0,1,0,48,11.1,0.6,2.02,0,7,11,4,11.75,0,continua_matriculado
Enfermería,1,diurna,132.0,126.0,0,1,0,19,7.6,2.6,0.32,0,7,7,6,12.183333333333332,0,graduado
Agronomía,1,diurna,160.0,160.0,0,0,0,30,15.5,2.8,-4.06,4,9,18,6,11.833333333333334,0,abandono
Periodismo y comunicación,1,diurna,160.0,160.0,1,0,0,51,12.7,3.7,-1.7,0,4,4,0,0.0,0,abandono
Enfermería veterinaria,1,diurna,184.4,184.4,0,1,0,18,11.1,0.6,2.02,0,6,8,6,15.0,0,graduado
Diseño de animación y multimedia,1,diurna,149.0,156.0,0,1,0,18,10.8,1.4,1.74,0,0,0,0,0.0,0,graduado
Diseño de animación y multimedia,1,diurna,146.0,150.2,0,1,0,18,11.1,0.6,2.02,0,0,0,0,0.0,0,graduado
Enfermería,5,diurna,139.0,126.3,0,1,1,18,9.4,-0.8,-3.12,0,8,8,8,13.435,0,graduado
Equinocultura,1,diurna,152.0,146.1,0,1,0,18,10.8,1.4,1.74,0,5,8,4,13.5,2,abandono
Diseño de animación y multimedia,1,diurna,147.0,145.3,0,1,0,18,12.4,0.5,1.79,0,0,0,0,0.0,0,continua_matriculado
Diseño de animación y multimedia,1,diurna,121.0,116.8,0,1,0,23,12.4,0.5,1.79,15,17,18,17,11.5,0,graduado
Diseño de comunicación,1,diurna,124.0,132.1,0,1,0,19,7.6,2.6,0.32,0,6,10,2,10.5,0,continua_matriculado
Enfermería veterinaria,1,diurna,105.0,102.6,0,1,0,21,11.1,0.6,2.02,0,6,13,4,12.0,0,continua_matriculado
Periodismo y comunicación,1,diurna,121.0,112.3,1,0,0,18,11.1,0.6,2.02,0,6,7,5,12.2,0,abandono
Diseño de animación y multimedia,1,diurna,143.0,155.3,0,1,0,18,11.1,0.6,2.02,0,0,0,0,0.0,0,graduado
Enfermería veterinaria,1,diurna,150.0,153.8,0,1,0,21,8.9,1.4,3.51,7,11,15,10,14.5,0,graduado
Periodismo y comunicación,1,diurna,126.0,110.0,1,1,0,20,12.4,0.5,1.79,0,6,7,6,13.333333333333334,0,graduado
Enfermería veterinaria,1,diurna,133.1,128.2,0,1,0,24,9.4,-0.8,-3.12,5,11,29,9,12.0,6,graduado
Equinocultura,1,diurna,127.0,120.4,0,1,0,18,13.9,-0.3,0.79,0,6,9,6,15.125,0,graduado
Enfermería,1,diurna,160.0,153.0,0,1,0,18,7.6,2.6,0.32,0,7,7,6,13.116666666666667,0,graduado
Periodismo y comunicación,1,diurna,121.0,117.9,0,1,0,19,11.1,0.6,2.02,0,6,7,6,12.833333333333334,0,graduado
Servicio social,1,diurna,150.0,145.6,0,1,1,20,13.9,-0.3,0.79,3,6,6,6,13.333333333333334,0,graduado
Enfermería,6,diurna,117.0,119.8,0,1,0,18,12.4,0.5,1.79,0,7,7,7,13.877142857142855,0,graduado
Enfermería,6,diurna,141.0,126.8,0,1,0,18,10.8,1.4,1.74,0,8,8,7,12.944285714285714,0,graduado
Educación básica,1,diurna,112.0,106.1,0,1,0,19,15.5,2.8,-4.06,0,6,8,5,12.333333333333334,0,continua_matriculado
Enfermería,1,diurna,148.0,137.3,0,1,0,19,7.6,2.6,0.32,0,7,7,6,14.266666666666666,0,graduado
Gestión de publicidad y marketing,2,diurna,120.0,115.5,0,1,0,18,13.9,-0.3,0.79,0,6,8,5,13.0,0,graduado
Enfermería,2,diurna,132.0,127.5,0,1,0,20,9.4,-0.8,-3.12,0,8,8,8,12.48375,0,graduado
Higiene oral,2,diurna,125.0,116.3,0,1,0,18,16.2,0.3,-0.92,0,7,8,7,13.428571428571429,0,graduado
Servicio social,3,vespertina,123.0,113.2,1,0,0,18,7.6,2.6,0.32,0,6,9,3,10.666666666666666,0,abandono
Educación básica,1,diurna,142.0,132.6,0,1,0,18,7.6,2.6,0.32,0,6,8,5,15.4,0,graduado
Enfermería,4,diurna,148.0,132.0,0,1,0,18,7.6,2.6,0.32,0,7,7,6,13.45,0,graduado
Enfermería,5,diurna,136.0,130.3,0,1,1,18,7.6,2.6,0.32,0,7,7,6,12.6,0,graduado
Enfermería,4,diurna,123.0,116.7,0,1,0,20,16.2,0.3,-0.92,0,7,7,7,12.485714285714286,0,graduado
Diseño de comunicación,2,diurna,135.0,134.0,0,1,1,22,12.7,3.7,-1.7,0,6,10,5,10.8,0,graduado
Gestión de publicidad y marketing,1,diurna,151.0,100.0,1,1,0,20,13.9,-0.3,0.79,0,6,12,5,12.2,0,continua_matriculado
Enfermería veterinaria,1,diurna,140.0,140.0,0,1,0,20,13.9,-0.3,0.79,2,6,11,5,14.2,0,continua_matriculado
Servicio social,2,diurna,136.0,139.2,0,1,0,18,9.4,-0.8,-3.12,0,6,7,6,13.833333333333334,0,graduado
Educación básica,1,diurna,142.0,132.6,0,1,0,18,9.4,-0.8,-3.12,0,6,8,5,12.8,0,continua_matriculado
Administración,3,diurna,142.0,129.4,0,1,0,18,9.4,-0.8,-3.12,0,5,5,5,13.2,0,graduado
Gestión de publicidad y marketing,1,diurna,127.0,125.6,1,1,1,18,15.5,2.8,-4.06,0,6,7,1,14.0,0,abandono
Servicio social,1,diurna,131.0,129.3,0,1,0,19,11.1,0.6,2.02,4,8,8,8,13.875,0,graduado
Enfermería veterinaria,1,diurna,134.0,128.4,0,1,1,19,10.8,1.4,1.74,0,5,7,5,12.5,0,graduado
Periodismo y comunicación,2,diurna,142.0,139.9,0,1,1,18,13.9,-0.3,0.79,0,6,7,6,13.428571428571429,0,graduado
Diseño de comunicación,1,diurna,123.0,124.8,0,0,1,18,8.9,1.4,3.51,0,6,7,5,11.8,0,continua_matriculado
Enfermería,3,diurna,133.0,128.5,0,1,1,18,11.1,0.6,2.02,0,7,7,7,14.868571428571428,0,graduado
Enfermería,4,diurna,125.0,117.8,0,1,0,18,15.5,2.8,-4.06,0,7,10,7,13.03,0,graduado
Gestión de publicidad y marketing,1,diurna,120.0,115.1,0,1,0,19,12.4,0.5,1.79,0,6,7,6,14.571428571428571,0,graduado
Servicio social,2,diurna,125.0,118.0,0,1,0,18,8.9,1.4,3.51,0,6,9,5,11.0,0,graduado
Enfermería,1,diurna,133.1,120.0,0,1,1,25,9.4,-0.8,-3.12,0,8,8,8,13.3675,0,graduado
Enfermería,4,diurna,133.1,119.6,0,1,1,19,12.4,0.5,1.79,0,7,7,6,12.808333333333332,0,graduado
Enfermería,6,diurna,143.0,133.2,0,1,0,18,11.1,0.6,2.02,0,7,7,7,13.918571428571427,0,graduado
Equinocultura,1,diurna,147.0,141.8,0,1,0,19,13.9,-0.3,0.79,0,6,8,6,13.0,0,graduado
Enfermería,1,diurna,142.0,130.3,0,1,0,18,7.6,2.6,0.32,0,7,7,6,13.683333333333332,0,graduado
Enfermería veterinaria,1,diurna,150.0,100.0,0,1,0,24,13.9,-0.3,0.79,1,6,11,5,13.0,0,abandono
Periodismo y comunicación,2,diurna,124.0,114.6,0,1,0,21,11.1,0.6,2.02,0,6,8,5,12.8,0,graduado
Turismo,2,diurna,136.0,123.4,0,1,1,18,8.9,1.4,3.51,0,6,9,6,13.571428571428571,0,graduado
Servicio social,1,diurna,116.0,116.4,0,1,0,18,8.9,1.4,3.51,0,6,6,6,13.166666666666666,0,graduado
Diseño de comunicación,1,diurna,127.0,123.2,0,1,1,20,11.1,0.6,2.02,0,6,6,6,15.0,0,graduado
Diseño de comunicación,1,diurna,117.0,123.7,0,1,0,19,12.4,0.5,1.79,0,6,6,6,12.666666666666666,0,graduado
Periodismo y comunicación,2,diurna,116.0,127.6,0,1,1,19,13.9,-0.3,0.79,0,6,7,6,13.857142857142858,0,abandono
Enfermería,4,diurna,129.0,117.1,0,1,0,30,12.4,0.5,1.79,0,7,7,7,14.692857142857145,0,graduado
Enfermería,1,diurna,157.0,149.3,0,1,0,18,9.4,-0.8,-3.12,0,8,8,8,14.035,0,graduado
Enfermería veterinaria,1,diurna,135.0,125.6,0,1,0,18,12.7,3.7,-1.7,0,5,8,4,11.0,1,graduado
Periodismo y comunicación,1,diurna,139.0,145.0,0,1,1,18,9.4,-0.8,-3.12,0,6,6,6,13.333333333333334,0,graduado
Enfermería,1,diurna,115.0,115.0,0,1,0,20,15.5,2.8,-4.06,0,7,13,6,11.7725,0,graduado
Turismo,1,diurna,123.0,114.3,0,1,0,19,11.1,0.6,2.02,0,6,0,0,0.0,0,abandono
Turismo,2,diurna,140.0,126.0,0,1,0,19,10.8,1.4,1.74,0,6,0,0,0.0,0,abandono
Diseño de animación y multimedia,1,diurna,138.0,124.0,0,0,0,19,10.8,1.4,1.74,0,0,0,0,0.0,0,abandono
Turismo,4,diurna,132.0,122.6,0,1,1,18,8.9,1.4,3.51,0,6,7,6,12.285714285714286,0,graduado
Enfermería,4,diurna,140.0,133.8,0,1,0,17,10.8,1.4,1.74,0,8,14,5,12.46,0,continua_matriculado
Educación básica,1,diurna,117.0,113.5,0,1,0,19,12.4,0.5,1.79,0,7,10,6,12.166666666666666,0,graduado
Servicio social,4,diurna,125.0,122.6,0,1,0,18,13.9,-0.3,0.79,0,6,9,5,11.833333333333334,0,continua_matriculado
Enfermería,1,diurna,140.0,140.0,0,1,0,25,10.8,1.4,1.74,0,8,8,7,14.805714285714286,0,graduado
Servicio social,1,diurna,133.1,107.0,0,1,0,19,11.1,0.6,2.02,0,6,11,5,10.6,0,abandono
Enfermería veterinaria,1,diurna,130.0,130.0,1,0,0,24,8.9,1.4,3.51,7,9,9,8,13.125,0,continua_matriculado
Servicio social,1,diurna,134.0,124.2,1,1,1,19,9.4,-0.8,-3.12,0,6,6,6,12.833333333333334,0,graduado
Enfermería,1,diurna,128.0,125.8,0,1,1,20,9.4,-0.8,-3.12,0,8,8,0,0.0,8,continua_matriculado
Gestión de publicidad y marketing,1,diurna,115.0,108.0,0,1,1,20,12.4,0.5,1.79,0,6,9,5,13.0,0,graduado
Enfermería,2,diurna,119.0,115.2,0,1,1,20,13.9,-0.3,0.79,0,7,8,7,12.725,0,graduado
Enfermería veterinaria,1,diurna,131.0,129.3,0,1,0,19,12.7,3.7,-1.7,0,5,10,4,11.25,1,graduado
Agronomía,1,diurna,120.0,120.0,0,1,0,31,15.5,2.8,-4.06,8,12,12,11,13.818181818181818,0,graduado
Enfermería veterinaria,1,diurna,120.0,116.7,0,1,0,20,9.4,-0.8,-3.12,0,5,12,3,12.333333333333334,2,graduado
Enfermería veterinaria,3,diurna,135.0,121.0,0,1,0,18,9.4,-0.8,-3.12,0,5,14,3,12.333333333333334,2,continua_matriculado
Educación básica,1,diurna,146.0,128.2,1,1,0,18,12.7,3.7,-1.7,0,6,8,4,13.25,0,continua_matriculado
Gestión de publicidad y marketing,4,diurna,133.0,121.1,0,1,0,18,13.9,-0.3,0.79,0,6,7,6,13.666666666666666,0,graduado
Servicio social,1,diurna,122.0,112.6,1,1,0,20,11.1,0.6,2.02,5,11,18,8,12.625,0,continua_matriculado
Enfermería veterinaria,1,diurna,128.0,123.3,0,1,1,20,8.9,1.4,3.51,0,6,6,6,14.833333333333334,0,graduado
Gestión de publicidad y marketing,2,diurna,129.0,129.4,0,1,1,19,10.8,1.4,1.74,0,6,7,5,11.2,0,abandono
Administración,1,diurna,122.0,119.9,0,1,1,21,12.7,3.7,-1.7,0,5,6,5,11.4,0,graduado
Enfermería,4,diurna,140.0,131.6,0,1,0,18,12.4,0.5,1.79,0,7,8,7,13.135,0,graduado
Diseño de comunicación,1,diurna,143.0,120.0,0,1,0,21,11.1,0.6,2.02,3,10,10,10,13.0,0,abandono
Enfermería,4,diurna,118.0,110.0,0,1,0,19,11.1,0.6,2.02,0,7,12,4,12.85,0,continua_matriculado
Servicio social,1,diurna,140.0,143.0,0,1,0,20,13.9,-0.3,0.79,3,6,6,6,13.5,0,graduado
Enfermería veterinaria,1,diurna,140.0,140.0,0,1,0,20,13.9,-0.3,0.79,0,6,7,6,14.285714285714286,0,continua_matriculado
Gestión de publicidad y marketing,1,diurna,123.0,119.2,0,1,1,18,12.4,0.5,1.79,0,6,8,5,13.5,0,graduado
Administración,1,diurna,140.0,124.3,0,1,1,18,12.4,0.5,1.79,0,5,8,4,10.75,0,graduado
Servicio social,1,diurna,116.0,111.1,0,1,1,18,8.9,1.4,3.51,0,6,9,6,11.333333333333334,0,graduado
Enfermería veterinaria,1,diurna,150.0,150.0,0,1,1,21,10.8,1.4,1.74,2,7,15,3,13.0,2,graduado
Enfermería,1,diurna,147.0,147.3,0,1,0,18,7.6,2.6,0.32,0,7,7,6,13.966666666666669,0,graduado
Enfermería,1,diurna,162.0,147.5,0,1,1,18,9.4,-0.8,-3.12,0,8,8,8,14.14125,0,graduado
Turismo,2,diurna,108.0,108.0,0,1,1,20,12.7,3.7,-1.7,0,6,10,4,11.6,0,graduado
Enfermería,1,diurna,130.0,130.0,0,1,1,32,9.4,-0.8,-3.12,0,8,8,8,14.6625,0,graduado
Administración,1,vespertina,140.0,130.0,0,1,0,34,9.4,-0.8,-3.12,0,5,5,0,0.0,0,continua_matriculado
Enfermería,2,diurna,116.0,109.0,0,1,1,23,11.1,0.6,2.02,0,7,8,6,12.993333333333334,0,graduado
Gestión de publicidad y marketing,5,diurna,120.0,112.0,0,1,0,18,8.9,1.4,3.51,0,6,10,4,11.25,0,continua_matriculado
Servicio social,1,vespertina,132.0,121.2,0,1,0,18,10.8,1.4,1.74,0,6,8,5,12.2,0,graduado
Diseño de animación y multimedia,1,diurna,140.0,140.0,0,1,0,34,10.8,1.4,1.74,0,0,0,0,0.0,0,abandono
Servicio social,1,vespertina,120.0,119.5,1,1,0,25,8.9,1.4,3.51,2,6,6,6,11.333333333333334,0,continua_matriculado
Administración,1,diurna,136.0,125.9,0,1,0,21,11.1,0.6,2.02,0,5,7,5,12.2,0,graduado
Turismo,1,diurna,133.0,121.5,0,1,1,20,7.6,2.6,0.32,0,6,12,0,0.0,0,abandono
Servicio social,5,diurna,126.0,121.5,0,1,0,18,7.6,2.6,0.32,0,6,8,6,11.333333333333334,0,graduado
Enfermería veterinaria,1,diurna,142.0,132.4,0,1,0,18,12.4,0.5,1.79,0,6,8,6,13.857142857142858,0,graduado
Periodismo y comunicación,1,diurna,121.0,122.4,0,1,0,18,13.9,-0.3,0.79,0,6,7,6,12.857142857142858,0,graduado
Servicio social,1,vespertina,134.0,110.0,0,1,0,24,9.4,-0.8,-3.12,0,6,10,1,10.0,0,abandono
Administración,1,diurna,140.0,120.4,1,0,0,32,16.2,0.3,-0.92,14,15,17,14,10.214285714285714,0,graduado
Turismo,1,diurna,133.1,105.0,1,0,0,24,8.9,1.4,3.51,0,6,14,6,11.285714285714286,0,abandono
Servicio social,1,diurna,157.0,137.8,0,1,1,18,15.5,2.8,-4.06,0,6,6,6,13.833333333333334,0,abandono
Turismo,1,diurna,120.0,118.0,0,1,0,28,8.9,1.4,3.51,0,6,8,6,12.857142857142858,0,graduado
Educación básica,5,diurna,134.0,122.1,0,1,1,18,10.8,1.4,1.74,0,6,8,6,11.666666666666666,0,abandono
Educación básica,1,diurna,140.0,140.0,0,0,0,24,9.4,-0.8,-3.12,0,6,12,0,0.0,0,abandono
Enfermería veterinaria,1,diurna,133.0,143.2,0,1,0,19,7.6,2.6,0.32,0,5,7,5,14.4,0,graduado
Servicio social,1,vespertina,146.0,120.5,0,1,0,44,10.8,1.4,1.74,0,6,6,6,14.833333333333334,0,graduado
Enfermería veterinaria,3,diurna,130.0,119.5,0,1,1,18,15.5,2.8,-4.06,0,6,14,6,14.333333333333334,0,graduado
Diseño de animación y multimedia,1,diurna,151.0,147.5,0,1,0,18,7.6,2.6,0.32,0,0,0,0,0.0,0,graduado
Periodismo y comunicación,6,diurna,133.1,129.6,0,1,0,22,7.6,2.6,0.32,0,6,0,0,0.0,0,abandono
Educación básica,1,diurna,132.0,126.1,0,1,1,18,11.1,0.6,2.02,0,7,9,6,12.333333333333334,0,graduado
Administración,1,vespertina,110.0,160.0,0,1,0,44,15.5,2.8,-4.06,0,5,5,5,11.8,0,graduado
Educación básica,1,diurna,133.1,105.5,1,1,0,33,7.6,2.6,0.32,0,6,7,5,13.2,0,abandono
Educación básica,1,diurna,110.0,95.5,1,0,0,32,10.8,1.4,1.74,0,6,6,0,0.0,0,abandono
Agronomía,1,diurna,133.1,107.5,0,0,0,35,15.5,2.8,-4.06,0,6,0,0,0.0,0,abandono
Servicio social,1,diurna,105.0,106.1,0,1,0,20,11.1,0.6,2.02,0,6,6,6,11.5,0,graduado
Turismo,1,diurna,160.0,116.3,0,1,0,24,9.4,-0.8,-3.12,0,6,8,5,12.6,0,graduado
Enfermería,1,diurna,144.0,137.4,0,1,0,19,16.2,0.3,-0.92,0,7,7,7,13.542857142857144,0,graduado
Turismo,1,diurna,100.0,101.8,0,1,0,21,12.4,0.5,1.79,0,6,8,5,11.6,0,continua_matriculado
Periodismo y comunicación,2,diurna,143.0,144.1,0,1,1,19,12.7,3.7,-1.7,0,6,7,6,13.666666666666666,0,graduado
Agronomía,1,diurna,160.0,107.8,0,0,0,27,15.5,2.8,-4.06,0,6,10,0,0.0,0,abandono
Educación básica,1,diurna,140.0,128.2,0,0,0,30,12.7,3.7,-1.7,0,6,0,0,0.0,0,abandono
Diseño de animación y multimedia,4,diurna,133.1,117.0,0,1,0,21,10.8,1.4,1.74,0,0,0,0,0.0,0,abandono
Diseño de comunicación,1,diurna,116.0,110.4,0,1,0,19,8.9,1.4,3.51,0,6,6,6,11.5,0,graduado
Administración,1,vespertina,120.0,170.0,0,1,0,34,9.4,-0.8,-3.12,0,5,12,2,11.5,0,continua_matriculado
Enfermería,1,diurna,141.0,100.0,0,1,0,18,13.9,-0.3,0.79,0,7,7,7,11.828571428571427,0,graduado
Diseño de animación y multimedia,1,diurna,110.0,117.0,0,1,0,21,9.4,-0.8,-3.12,0,0,0,0,0.0,0,graduado
Diseño de animación y multimedia,2,diurna,127.0,133.5,0,1,0,17,15.5,2.8,-4.06,0,0,0,0,0.0,0,continua_matriculado
Enfermería,1,diurna,132.0,128.0,0,1,1,19,7.6,2.6,0.32,0,7,7,6,12.966666666666669,0,graduado
Periodismo y comunicación,1,diurna,135.0,122.1,0,1,0,18,12.7,3.7,-1.7,0,6,6,6,13.833333333333334,0,graduado
Enfermería,2,diurna,135.0,133.4,0,1,0,19,11.1,0.6,2.02,0,7,7,7,14.125714285714285,0,graduado
Turismo,1,diurna,140.0,112.0,1,1,0,45,12.7,3.7,-1.7,4,10,12,5,12.166666666666666,4,abandono
Enfermería veterinaria,1,diurna,133.1,130.0,0,1,0,26,15.5,2.8,-4.06,0,6,17,6,12.666666666666666,0,graduado
Administración,2,vespertina,100.0,100.0,0,1,0,51,12.7,3.7,-1.7,0,4,4,0,0.0,0,abandono
Periodismo y comunicación,1,diurna,133.1,162.0,1,1,1,49,10.8,1.4,1.74,0,6,8,6,12.285714285714286,0,graduado
Enfermería,1,diurna,100.0,153.0,0,1,0,22,15.5,2.8,-4.06,3,6,7,3,14.5,0,continua_matriculado
Administración,1,diurna,137.0,131.4,0,1,0,22,7.6,2.6,0.32,0,5,8,2,10.0,0,abandono
Equinocultura,1,diurna,120.0,128.2,0,1,0,33,9.4,-0.8,-3.12,1,5,11,2,11.5,1,abandono
Gestión de publicidad y marketing,1,diurna,148.9,148.9,0,1,0,20,9.4,-0.8,-3.12,0,5,6,5,11.6,0,graduado
Servicio social,4,diurna,134.0,128.4,0,1,1,18,10.8,1.4,1.74,0,6,6,6,12.5,0,graduado
Educación básica,5,diurna,128.0,120.3,1,0,0,20,10.8,1.4,1.74,0,6,9,3,11.666666666666666,0,abandono
Administración,1,vespertina,133.1,100.0,0,1,0,37,8.9,1.4,3.51,5,10,11,7,13.428571428571429,0,graduado
Turismo,1,diurna,131.0,126.1,0,1,0,18,7.6,2.6,0.32,0,6,6,6,13.666666666666666,0,graduado
Turismo,3,diurna,118.0,111.7,0,1,0,19,12.4,0.5,1.79,0,6,6,6,12.5,0,graduado
Enfermería veterinaria,1,diurna,140.0,140.0,0,1,0,21,12.4,0.5,1.79,2,6,7,6,13.0,0,graduado
Enfermería,2,diurna,133.0,122.2,0,1,0,20,13.9,-0.3,0.79,0,7,9,6,12.783333333333331,0,graduado
Enfermería,2,diurna,126.0,118.7,0,1,0,19,13.9,-0.3,0.79,0,7,0,0,0.0,0,abandono
Higiene oral,2,diurna,125.0,121.5,0,1,0,20,11.1,0.6,2.02,0,7,13,4,13.5,0,abandono
Enfermería,4,diurna,138.0,134.5,0,1,0,18,13.9,-0.3,0.79,0,7,7,7,13.457142857142856,0,graduado
Enfermería,4,diurna,140.0,127.0,0,1,0,19,12.7,3.7,-1.7,0,8,8,7,13.44285714285714,0,graduado
Servicio social,1,diurna,124.0,114.2,0,1,0,18,15.5,2.8,-4.06,0,6,13,4,11.0,0,graduado
Servicio social,1,diurna,133.0,125.3,0,1,1,18,15.5,2.8,-4.06,0,6,6,6,11.333333333333334,0,graduado
Periodismo y comunicación,2,diurna,127.0,120.4,0,1,0,18,12.7,3.7,-1.7,0,5,7,2,10.0,0,abandono
Enfermería,6,diurna,138.0,123.0,0,1,0,19,12.4,0.5,1.79,0,7,10,5,13.44,0,continua_matriculado
Higiene oral,2,diurna,142.0,130.5,0,1,1,18,16.2,0.3,-0.92,0,7,8,7,12.214285714285714,0,graduado
Diseño de comunicación,1,diurna,130.0,125.5,0,1,1,19,11.1,0.6,2.02,0,6,6,6,14.166666666666666,0,graduado
Agronomía,1,diurna,130.0,133.8,1,1,1,24,8.9,1.4,3.51,7,12,13,12,12.846153846153848,0,graduado
Enfermería veterinaria,1,diurna,150.0,150.0,0,1,0,20,12.4,0.5,1.79,2,6,8,6,13.0,0,continua_matriculado
Administración,1,diurna,127.0,130.5,0,1,1,21,9.4,-0.8,-3.12,0,5,6,5,12.8,1,graduado
Enfermería veterinaria,1,diurna,140.0,140.0,1,0,0,20,16.2,0.3,-0.92,1,6,13,4,13.0,0,abandono
Enfermería,6,diurna,126.0,119.4,0,1,1,19,16.2,0.3,-0.92,0,7,7,7,13.371428571428572,0,graduado
Higiene oral,5,diurna,139.0,121.3,0,1,1,19,10.8,1.4,1.74,0,7,8,7,13.385714285714286,0,graduado
Enfermería,3,diurna,141.0,126.3,0,1,0,18,12.7,3.7,-1.7,0,8,8,7,13.328571428571427,0,graduado
Enfermería veterinaria,1,diurna,120.0,111.6,0,1,0,19,16.2,0.3,-0.92,0,6,12,5,14.0,0,graduado
Administración,4,diurna,120.0,111.3,0,1,0,21,8.9,1.4,3.51,0,5,5,5,12.6,0,graduado
Educación básica,2,diurna,134.0,122.5,0,1,1,19,15.5,2.8,-4.06,0,6,7,6,14.0,0,graduado
Turismo,5,diurna,128.0,116.5,0,1,1,18,8.9,1.4,3.51,0,6,7,6,13.428571428571429,0,graduado
Diseño de comunicación,5,diurna,133.0,132.0,0,1,1,17,15.5,2.8,-4.06,0,6,6,6,13.0,0,graduado
Educación básica,4,diurna,123.0,123.7,0,1,0,19,15.5,2.8,-4.06,0,6,8,5,12.666666666666666,0,continua_matriculado
Administración,6,diurna,118.0,117.0,0,0,0,23,9.4,-0.8,-3.12,0,5,9,3,10.0,1,abandono
Gestión de publicidad y marketing,1,diurna,113.0,116.5,0,1,0,19,8.9,1.4,3.51,0,6,7,6,12.833333333333334,0,graduado
Enfermería,1,diurna,135.0,121.5,0,1,0,18,7.6,2.6,0.32,0,7,7,6,12.916666666666666,0,graduado
Gestión de publicidad y marketing,1,diurna,133.1,105.0,0,1,0,20,15.5,2.8,-4.06,0,6,9,6,13.285714285714286,0,graduado
Enfermería veterinaria,3,diurna,130.0,121.3,0,1,1,19,10.8,1.4,1.74,0,5,6,5,14.6,0,graduado
Servicio social,1,diurna,135.0,136.1,0,1,1,18,12.4,0.5,1.79,0,6,6,6,14.0,0,graduado
Servicio social,2,diurna,133.0,123.6,0,1,1,19,13.9,-0.3,0.79,0,6,7,6,14.142857142857142,0,graduado
Servicio social,4,diurna,123.0,129.0,0,1,0,19,10.8,1.4,1.74,0,6,8,6,11.666666666666666,0,graduado
Enfermería,1,diurna,145.0,136.8,0,1,0,18,9.4,-0.8,-3.12,0,8,9,8,14.3775,1,graduado
Enfermería,2,diurna,146.0,133.4,0,1,0,18,13.9,-0.3,0.79,0,7,8,7,12.5,0,graduado
Enfermería,5,diurna,144.0,136.0,0,1,1,19,7.6,2.6,0.32,0,7,7,6,14.15,0,graduado
Enfermería,1,diurna,144.0,125.8,0,1,1,19,12.7,3.7,-1.7,0,8,12,7,12.471428571428572,0,graduado
Enfermería,1,diurna,131.0,120.5,0,1,0,19,7.6,2.6,0.32,0,7,7,6,14.15,0,graduado
Enfermería,2,diurna,141.0,130.2,0,1,0,21,15.5,2.8,-4.06,0,7,11,7,14.072222222222225,0,graduado
Periodismo y comunicación,3,diurna,138.0,135.9,0,1,0,18,13.9,-0.3,0.79,0,6,7,6,14.857142857142858,0,graduado
Periodismo y comunicación,1,diurna,127.0,116.5,0,1,1,19,11.1,0.6,2.02,0,6,7,6,14.285714285714286,0,graduado
Periodismo y comunicación,4,diurna,124.0,124.0,0,0,0,18,12.7,3.7,-1.7,0,4,4,0,0.0,0,abandono
Servicio social,1,vespertina,140.0,140.0,0,1,0,30,10.8,1.4,1.74,0,6,0,0,0.0,0,abandono
Equinocultura,1,diurna,157.0,150.9,0,1,0,18,13.9,-0.3,0.79,0,6,8,6,15.0,0,abandono
Enfermería,3,diurna,129.0,127.3,0,1,1,20,7.6,2.6,0.32,0,7,7,6,12.633333333333333,0,graduado
Gestión de publicidad y marketing,1,diurna,133.1,100.0,1,0,0,25,9.4,-0.8,-3.12,0,5,5,5,11.2,0,abandono
Enfermería,5,diurna,142.0,128.8,0,1,0,18,7.6,2.6,0.32,0,7,7,6,14.233333333333334,0,graduado
Enfermería veterinaria,3,diurna,133.0,119.7,0,1,0,21,9.4,-0.8,-3.12,0,5,13,5,12.2,2,continua_matriculado
Enfermería,1,diurna,156.0,140.8,0,1,0,18,12.7,3.7,-1.7,0,8,8,7,15.7,0,graduado
Enfermería,1,diurna,151.0,138.0,0,1,0,18,7.6,2.6,0.32,0,7,7,6,15.2,0,graduado
Educación básica,1,diurna,135.0,132.9,0,0,0,29,12.7,3.7,-1.7,0,6,9,6,16.333333333333332,0,abandono
Equinocultura,1,diurna,140.0,140.0,0,1,0,20,15.5,2.8,-4.06,10,17,29,14,12.5625,4,graduado
Enfermería,1,diurna,140.0,140.0,0,1,0,26,13.9,-0.3,0.79,0,7,0,0,0.0,0,abandono
Servicio social,2,diurna,100.0,99.3,0,1,0,21,12.4,0.5,1.79,0,6,8,5,12.4,0,graduado
Enfermería,1,diurna,126.0,119.3,0,1,1,19,9.4,-0.8,-3.12,0,8,9,8,13.78125,1,graduado
Turismo,2,diurna,123.0,113.2,1,1,0,19,16.2,0.3,-0.92,0,6,10,6,12.166666666666666,0,abandono
Periodismo y comunicación,1,diurna,133.1,117.0,0,1,0,21,15.5,2.8,-4.06,0,6,8,5,11.8,0,continua_matriculado
Servicio social,1,vespertina,137.0,123.0,1,1,0,20,16.2,0.3,-0.92,0,6,13,4,10.8,0,graduado
Enfermería,6,diurna,138.0,127.2,0,1,1,18,15.5,2.8,-4.06,0,7,8,7,13.26,0,graduado
Periodismo y comunicación,2,diurna,128.0,141.0,0,0,0,20,7.6,2.6,0.32,0,6,10,4,12.0,0,abandono
Servicio social,1,diurna,136.0,121.7,0,1,1,20,16.2,0.3,-0.92,0,6,9,6,11.875,0,graduado
Enfermería,1,diurna,127.0,121.1,0,1,1,18,16.2,0.3,-0.92,0,7,11,5,12.16,0,continua_matriculado
Diseño de comunicación,1,diurna,145.0,146.1,0,1,0,18,9.4,-0.8,-3.12,0,6,6,1,15.0,0,continua_matriculado
Periodismo y comunicación,1,diurna,140.0,142.5,0,1,0,18,9.4,-0.8,-3.12,0,6,6,6,13.333333333333334,0,graduado
Enfermería veterinaria,1,diurna,138.0,126.8,0,1,0,18,10.8,1.4,1.74,0,5,12,2,11.5,0,continua_matriculado
Enfermería veterinaria,1,diurna,150.0,150.0,0,1,0,22,13.9,-0.3,0.79,2,6,7,6,14.428571428571429,0,graduado
Enfermería veterinaria,3,diurna,150.0,150.0,0,1,0,19,12.7,3.7,-1.7,0,5,10,1,13.0,1,continua_matriculado
Agronomía,1,diurna,131.0,134.5,0,1,1,19,12.4,0.5,1.79,0,6,7,6,15.0,0,graduado
Higiene oral,2,diurna,136.0,129.5,0,1,0,18,12.7,3.7,-1.7,0,7,9,7,15.155555555555557,0,graduado
Servicio social,1,diurna,117.0,113.2,1,1,0,20,11.1,0.6,2.02,0,6,8,6,10.666666666666666,0,graduado
Educación básica,1,diurna,158.0,140.2,0,1,0,18,10.8,1.4,1.74,0,6,9,5,11.0,0,abandono
Gestión de publicidad y marketing,2,diurna,129.0,119.2,0,1,0,21,8.9,1.4,3.51,0,6,0,0,0.0,0,abandono
Servicio social,1,diurna,140.0,140.7,0,1,0,19,12.4,0.5,1.79,0,6,7,6,12.285714285714286,0,graduado
Enfermería,5,diurna,141.0,142.3,0,1,0,18,9.4,-0.8,-3.12,0,8,8,8,12.82875,0,abandono
Periodismo y comunicación,4,diurna,132.0,129.9,0,1,0,18,7.6,2.6,0.32,0,6,6,6,12.666666666666666,0,graduado
Diseño de animación y multimedia,1,diurna,133.0,134.8,0,1,0,18,12.4,0.5,1.79,0,0,0,0,0.0,0,continua_matriculado
Enfermería veterinaria,1,diurna,109.0,104.1,1,0,1,21,15.5,2.8,-4.06,0,6,16,2,13.0,0,abandono
Administración,1,diurna,135.0,122.4,1,1,0,19,13.9,-0.3,0.79,0,5,10,5,10.875,0,graduado
Administración,1,diurna,122.0,120.6,0,1,1,19,9.4,-0.8,-3.12,0,5,5,5,12.8,0,graduado
Servicio social,3,diurna,118.0,112.4,0,1,0,19,16.2,0.3,-0.92,0,6,10,5,11.285714285714286,0,abandono
Diseño de animación y multimedia,1,diurna,174.0,157.9,0,1,0,18,13.9,-0.3,0.79,0,0,0,0,0.0,0,graduado
Turismo,1,diurna,142.0,125.9,0,1,1,19,10.8,1.4,1.74,0,6,0,0,0.0,0,abandono
Enfermería,2,diurna,131.0,118.4,0,1,1,20,16.2,0.3,-0.92,0,7,9,6,13.766666666666666,0,abandono
Enfermería,3,diurna,139.0,130.8,0,0,0,18,9.4,-0.8,-3.12,0,8,9,6,12.758333333333333,1,abandono
Diseño de animación y multimedia,1,diurna,170.0,176.7,0,1,1,19,11.1,0.6,2.02,0,0,0,0,0.0,0,abandono
Diseño de comunicación,1,diurna,182.0,156.8,0,1,0,18,10.8,1.4,1.74,0,6,6,6,12.666666666666666,0,graduado
Enfermería veterinaria,1,diurna,125.0,126.8,0,1,0,18,11.1,0.6,2.02,0,6,13,6,12.0,0,continua_matriculado
Servicio social,1,diurna,142.0,128.0,0,1,1,19,16.2,0.3,-0.92,0,6,8,6,12.25,0,graduado
Administración,2,diurna,119.0,113.8,0,1,0,20,7.6,2.6,0.32,0,5,8,3,11.333333333333334,0,graduado
Enfermería,5,diurna,128.0,120.8,0,1,1,19,16.2,0.3,-0.92,0,7,9,7,13.507142857142856,0,graduado
Enfermería,3,diurna,150.0,130.8,0,1,0,18,12.7,3.7,-1.7,0,8,8,7,13.614285714285714,0,graduado
Turismo,1,diurna,133.1,101.0,1,1,0,25,15.5,2.8,-4.06,0,6,6,0,0.0,0,abandono
Diseño de comunicación,5,diurna,131.0,126.1,0,0,0,18,7.6,2.6,0.32,0,6,9,4,11.5,1,graduado
Periodismo y comunicación,5,diurna,118.0,113.8,0,1,0,19,8.9,1.4,3.51,0,6,7,6,12.333333333333334,0,graduado
Higiene oral,2,diurna,122.0,118.3,0,1,1,19,15.5,2.8,-4.06,0,7,7,7,11.971428571428572,0,graduado
Administración,1,diurna,116.0,127.9,1,0,1,20,9.4,-0.8,-3.12,0,5,12,2,13.0,1,abandono
Enfermería,5,diurna,137.0,131.1,0,1,0,18,13.9,-0.3,0.79,0,7,9,7,12.385714285714286,0,continua_matriculado
Enfermería veterinaria,4,diurna,128.0,117.9,0,1,0,20,10.8,1.4,1.74,0,5,12,2,13.5,0,graduado
Servicio social,1,diurna,123.0,115.7,0,1,0,21,11.1,0.6,2.02,0,6,8,6,12.166666666666666,0,graduado
Diseño de animación y multimedia,2,diurna,133.1,141.0,0,1,0,19,12.7,3.7,-1.7,0,0,0,0,0.0,0,graduado
Servicio social,1,vespertina,110.0,120.0,0,1,0,42,10.8,1.4,1.74,0,6,6,6,11.666666666666666,0,graduado
Equinocultura,1,diurna,143.0,131.8,1,0,0,18,8.9,1.4,3.51,0,6,9,5,12.4,0,continua_matriculado
Diseño de comunicación,1,diurna,150.0,131.1,0,1,1,19,15.5,2.8,-4.06,0,6,7,5,13.4,0,graduado
Turismo,6,diurna,129.0,117.8,0,1,0,18,8.9,1.4,3.51,0,6,11,6,12.0,0,graduado
Enfermería veterinaria,1,diurna,140.0,140.0,0,1,0,21,10.8,1.4,1.74,0,5,6,5,14.2,0,graduado
Servicio social,1,diurna,133.1,108.0,0,1,1,20,16.2,0.3,-0.92,0,6,8,6,12.125,0,graduado
Educación básica,1,diurna,132.0,122.9,0,1,0,20,11.1,0.6,2.02,0,7,7,7,13.857142857142858,0,graduado
Enfermería veterinaria,1,diurna,130.0,130.0,0,1,0,21,12.4,0.5,1.79,1,6,13,3,11.75,0,continua_matriculado
Enfermería,4,diurna,137.0,126.0,0,1,0,19,15.5,2.8,-4.06,0,7,9,7,14.283333333333337,0,graduado
Servicio social,1,diurna,133.1,134.0,0,1,0,21,7.6,2.6,0.32,10,13,21,11,13.272727272727272,0,graduado
Diseño de comunicación,1,diurna,143.0,134.3,0,1,0,19,8.9,1.4,3.51,0,6,6,6,14.666666666666666,0,graduado
Enfermería,1,diurna,148.0,138.7,0,1,1,19,15.5,2.8,-4.06,0,7,10,7,15.114999999999998,0,graduado
Diseño de animación y multimedia,2,diurna,137.0,143.3,0,1,0,18,9.4,-0.8,-3.12,0,0,0,0,0.0,0,continua_matriculado
Enfermería veterinaria,1,diurna,160.0,160.0,0,1,0,22,16.2,0.3,-0.92,1,6,13,6,15.0,0,graduado
Educación básica,2,diurna,112.0,111.0,0,1,0,21,9.4,-0.8,-3.12,0,6,8,5,13.2,0,graduado
Turismo,4,diurna,133.0,128.5,0,1,1,18,7.6,2.6,0.32,0,6,14,2,11.0,0,abandono
Enfermería,4,diurna,142.0,133.0,0,1,1,20,10.8,1.4,1.74,0,8,8,7,14.565714285714288,0,graduado
Gestión de publicidad y marketing,2,diurna,123.0,114.6,1,0,0,18,7.6,2.6,0.32,0,5,8,3,12.0,0,abandono
Servicio social,1,diurna,103.0,104.1,0,1,0,20,8.9,1.4,3.51,0,6,6,0,0.0,0,abandono
Enfermería,4,diurna,140.0,127.6,0,1,0,23,12.4,0.5,1.79,0,7,7,6,13.796666666666669,0,graduado
Periodismo y comunicación,2,diurna,159.0,151.0,0,1,0,18,12.7,3.7,-1.7,0,6,6,6,14.833333333333334,0,graduado
Servicio social,1,diurna,140.0,135.7,0,1,0,20,12.4,0.5,1.79,3,6,6,6,12.833333333333334,0,graduado
Enfermería,1,diurna,148.0,137.8,0,1,1,18,10.8,1.4,1.74,0,8,8,7,14.962857142857144,0,graduado
Administración,6,diurna,112.0,117.3,0,1,0,20,11.1,0.6,2.02,0,5,8,4,12.0,0,graduado
Enfermería,2,diurna,131.0,121.2,0,1,0,18,16.2,0.3,-0.92,0,7,8,7,12.4,0,graduado
Gestión de publicidad y marketing,1,diurna,145.0,129.3,0,1,0,20,16.2,0.3,-0.92,0,6,7,6,15.571428571428571,0,graduado
Enfermería,5,diurna,133.1,123.0,0,1,0,19,12.7,3.7,-1.7,0,8,8,7,13.714285714285714,0,graduado
Enfermería veterinaria,1,diurna,140.0,140.0,0,1,0,21,13.9,-0.3,0.79,2,6,9,6,13.142857142857142,0,graduado
Diseño de comunicación,1,diurna,140.0,140.0,0,1,0,33,11.1,0.6,2.02,0,6,7,6,15.0,0,graduado
Enfermería veterinaria,1,diurna,150.0,144.6,1,0,0,24,7.6,2.6,0.32,0,5,6,1,13.0,0,abandono
Servicio social,1,diurna,120.0,118.3,0,1,1,20,13.9,-0.3,0.79,8,11,12,11,12.0,0,graduado
Diseño de animación y multimedia,1,diurna,156.0,153.6,0,1,0,18,9.4,-0.8,-3.12,0,0,0,0,0.0,0,graduado
Diseño de comunicación,4,diurna,167.0,158.3,0,1,0,18,15.5,2.8,-4.06,0,6,6,6,15.166666666666666,0,graduado
Servicio social,1,vespertina,133.1,100.0,1,1,0,29,7.6,2.6,0.32,1,6,9,4,12.0,0,abandono
Enfermería,1,diurna,147.0,134.9,0,1,0,18,16.2,0.3,-0.92,0,7,7,7,13.642857142857142,0,graduado
Periodismo y comunicación,3,diurna,129.0,142.0,0,1,0,19,9.4,-0.8,-3.12,0,6,8,6,12.666666666666666,0,graduado
Diseño de animación y multimedia,1,diurna,136.0,127.3,0,1,0,19,15.5,2.8,-4.06,0,0,0,0,0.0,0,abandono
Servicio social,1,diurna,128.0,116.5,0,1,1,18,12.4,0.5,1.79,0,6,8,5,10.8,0,graduado
Enfermería,1,diurna,140.0,138.6,0,1,1,19,16.2,0.3,-0.92,0,7,9,6,14.25,0,graduado
Educación básica,1,diurna,141.0,133.0,0,1,0,20,10.8,1.4,1.74,6,14,22,12,12.153846153846152,0,abandono
Servicio social,2,diurna,133.0,136.2,0,1,0,19,7.6,2.6,0.32,0,6,14,1,11.5,0,continua_matriculado
Turismo,1,diurna,125.0,118.0,0,1,1,19,9.4,-0.8,-3.12,0,6,10,4,12.25,0,graduado
Diseño de comunicación,1,diurna,124.0,126.8,0,1,1,18,13.9,-0.3,0.79,1,6,8,6,12.0,1,continua_matriculado
Enfermería,6,diurna,140.0,128.5,0,1,1,18,9.4,-0.8,-3.12,0,8,8,8,13.40375,0,graduado
Turismo,1,diurna,140.0,129.9,0,1,1,19,9.4,-0.8,-3.12,0,6,15,6,11.333333333333334,0,graduado
Periodismo y comunicación,4,diurna,137.0,125.8,1,1,0,20,12.7,3.7,-1.7,0,6,7,5,12.2,0,abandono
Diseño de animación y multimedia,1,diurna,144.0,129.3,0,1,1,18,7.6,2.6,0.32,0,0,0,0,0.0,0,continua_matriculado
Enfermería,6,diurna,138.0,124.7,0,1,0,18,16.2,0.3,-0.92,0,7,0,0,0.0,0,abandono
Agronomía,1,diurna,130.0,154.9,1,0,0,35,8.9,1.4,3.51,0,6,8,5,16.166666666666668,0,abandono
Ingeniería informática,1,diurna,142.0,127.3,0,1,0,18,16.2,0.3,-0.92,0,5,10,3,11.0,0,continua_matriculado
Diseño de animación y multimedia,1,diurna,136.0,129.0,0,1,1,19,13.9,-0.3,0.79,0,0,0,0,0.0,0,graduado
Periodismo y comunicación,2,diurna,133.1,98.0,0,1,1,19,15.5,2.8,-4.06,0,6,8,4,12.0,0,continua_matriculado
Administración,2,diurna,130.0,122.0,0,1,0,20,10.8,1.4,1.74,0,5,8,2,10.5,0,continua_matriculado
Diseño de comunicación,1,diurna,117.0,112.5,0,1,0,19,13.9,-0.3,0.79,3,6,7,3,11.666666666666666,0,continua_matriculado
Administración,3,diurna,136.0,127.3,0,1,0,19,12.7,3.7,-1.7,0,5,8,3,11.0,0,abandono
Higiene oral,2,diurna,133.1,100.5,0,1,0,24,11.1,0.6,2.02,0,7,18,0,0.0,0,abandono
Servicio social,1,vespertina,140.0,122.0,1,0,0,29,12.4,0.5,1.79,0,6,11,4,12.5,0,abandono
Enfermería,1,diurna,150.0,140.0,0,1,0,24,15.5,2.8,-4.06,0,7,11,7,11.294444444444444,0,graduado
Turismo,2,diurna,121.0,116.1,0,1,0,19,15.5,2.8,-4.06,0,6,8,5,11.2,0,graduado
Diseño de animación y multimedia,1,diurna,120.0,130.0,0,1,0,37,7.6,2.6,0.32,0,0,0,0,0.0,0,abandono
Diseño de comunicación,2,diurna,143.0,146.2,0,1,0,18,16.2,0.3,-0.92,0,6,7,5,13.2,0,graduado
Ingeniería informática,1,diurna,180.0,180.0,0,1,1,20,12.4,0.5,1.79,3,7,12,6,14.142857142857142,0,continua_matriculado
Administración,5,diurna,132.0,127.8,0,0,0,18,11.1,0.6,2.02,0,5,0,0,0.0,0,abandono
Administración,1,diurna,130.0,130.8,0,1,0,22,16.2,0.3,-0.92,0,5,5,0,0.0,0,continua_matriculado
Administración,2,diurna,133.1,109.0,0,1,1,22,10.8,1.4,1.74,0,5,7,3,12.333333333333334,0,continua_matriculado
Periodismo y comunicación,5,diurna,131.0,132.4,1,0,0,18,11.1,0.6,2.02,0,6,6,0,0.0,0,abandono
Enfermería,3,diurna,149.0,129.3,0,1,0,18,12.7,3.7,-1.7,0,8,8,7,13.1,0,graduado
Diseño de comunicación,1,diurna,124.0,125.4,0,1,0,19,9.4,-0.8,-3.12,0,6,6,6,13.5,0,graduado
Ingeniería informática,1,diurna,126.0,130.2,0,1,0,19,10.8,1.4,1.74,0,5,7,5,10.2,0,continua_matriculado
Servicio social,1,diurna,140.0,132.0,0,1,0,19,16.2,0.3,-0.92,0,6,10,5,11.571428571428571,0,abandono
Agronomía,1,diurna,170.0,170.0,1,1,0,21,12.4,0.5,1.79,0,6,7,6,15.285714285714286,0,graduado
Periodismo y comunicación,2,diurna,133.0,130.2,0,1,0,19,8.9,1.4,3.51,0,6,9,5,12.6,0,continua_matriculado
Higiene oral,2,diurna,126.0,115.5,0,1,0,18,8.9,1.4,3.51,0,7,11,6,13.433333333333332,0,graduado
Administración,2,diurna,129.0,127.6,0,1,0,19,10.8,1.4,1.74,0,5,8,5,11.6,0,abandono
Periodismo y comunicación,1,diurna,140.0,140.0,0,1,0,25,11.1,0.6,2.02,0,6,6,6,14.666666666666666,0,graduado
Diseño de comunicación,1,diurna,130.0,120.2,0,1,0,22,12.7,3.7,-1.7,0,6,9,6,14.666666666666666,0,graduado
Enfermería,1,diurna,130.0,150.0,0,1,0,24,12.7,3.7,-1.7,0,8,8,7,12.742857142857144,0,graduado
Enfermería,2,diurna,99.0,100.0,0,1,0,19,13.9,-0.3,0.79,0,7,9,7,11.975,0,graduado
Ingeniería informática,1,diurna,146.0,100.0,0,1,0,18,13.9,-0.3,0.79,0,5,9,4,12.25,0,continua_matriculado
Diseño de animación y multimedia,1,diurna,129.0,128.0,0,0,0,20,9.4,-0.8,-3.12,0,0,0,0,0.0,0,abandono
Enfermería,2,diurna,132.0,128.0,0,1,1,19,10.8,1.4,1.74,0,8,8,7,14.935714285714283,0,graduado
Turismo,3,diurna,110.0,107.2,0,1,0,19,7.6,2.6,0.32,1,6,16,2,10.5,0,abandono
Gestión de publicidad y marketing,1,diurna,116.0,110.1,0,1,0,19,12.4,0.5,1.79,0,6,9,5,13.333333333333334,0,graduado
Agronomía,1,diurna,119.0,119.0,1,1,0,23,15.5,2.8,-4.06,0,6,6,0,0.0,0,abandono
Periodismo y comunicación,1,diurna,120.0,155.5,0,1,0,47,12.7,3.7,-1.7,0,6,12,5,13.8,0,abandono
Diseño de comunicación,1,diurna,117.0,118.4,0,1,0,19,16.2,0.3,-0.92,0,6,6,6,11.833333333333334,0,graduado
Diseño de animación y multimedia,4,diurna,137.0,141.2,0,1,0,19,11.1,0.6,2.02,0,0,0,0,0.0,0,graduado
Diseño de animación y multimedia,1,diurna,124.0,119.1,0,1,0,18,16.2,0.3,-0.92,0,0,0,0,0.0,0,abandono
Administración,1,diurna,151.0,111.0,0,1,0,28,15.5,2.8,-4.06,0,5,9,2,10.0,0,abandono
Turismo,1,diurna,138.6,138.6,0,1,0,20,7.6,2.6,0.32,0,6,10,4,11.5,0,abandono
Turismo,2,diurna,118.0,121.2,0,1,1,18,15.5,2.8,-4.06,0,6,12,3,10.666666666666666,0,continua_matriculado
Diseño de animación y multimedia,1,diurna,136.0,150.4,0,1,1,21,12.4,0.5,1.79,0,0,0,0,0.0,0,graduado
Turismo,1,diurna,123.0,117.8,0,1,0,19,10.8,1.4,1.74,0,6,10,4,12.75,0,continua_matriculado
Turismo,1,diurna,133.1,102.5,1,0,0,24,16.2,0.3,-0.92,0,6,7,0,0.0,0,abandono
Equinocultura,1,diurna,130.0,110.0,0,1,0,24,16.2,0.3,-0.92,0,6,11,6,11.333333333333334,0,continua_matriculado
Enfermería veterinaria,1,diurna,133.1,138.3,1,0,0,25,8.9,1.4,3.51,0,6,6,0,0.0,0,continua_matriculado
Turismo,1,diurna,150.0,122.3,0,1,0,28,13.9,-0.3,0.79,0,6,10,6,13.0,0,graduado
Administración,1,vespertina,130.0,127.8,0,1,0,37,7.6,2.6,0.32,0,5,7,4,10.75,0,continua_matriculado
Ingeniería informática,1,diurna,128.0,100.0,0,1,0,19,13.9,-0.3,0.79,0,5,8,5,12.0,0,continua_matriculado
Enfermería,4,diurna,133.0,126.4,0,1,1,18,11.1,0.6,2.02,0,7,7,7,13.462857142857144,0,graduado
Turismo,1,diurna,133.1,100.0,0,1,0,48,7.6,2.6,0.32,0,6,13,3,10.0,0,abandono
Servicio social,4,diurna,129.0,117.1,0,1,0,21,8.9,1.4,3.51,0,6,6,6,12.333333333333334,0,graduado
Enfermería,1,diurna,128.0,124.7,0,1,1,19,15.5,2.8,-4.06,0,7,11,6,12.528571428571428,0,continua_matriculado
Enfermería,2,diurna,136.0,124.1,0,1,1,21,9.4,-0.8,-3.12,0,8,8,0,0.0,8,continua_matriculado
Ingeniería informática,1,diurna,130.0,129.4,1,0,0,23,13.9,-0.3,0.79,0,5,6,0,0.0,0,abandono
Equinocultura,1,diurna,141.0,138.9,0,1,0,18,10.8,1.4,1.74,0,5,5,5,13.6,0,graduado
Servicio social,1,diurna,140.0,138.6,0,1,0,22,13.9,-0.3,0.79,3,6,7,6,12.333333333333334,0,abandono
Diseño de animación y multimedia,1,diurna,122.0,133.9,0,1,0,25,12.4,0.5,1.79,9,13,16,10,11.454545454545457,0,abandono
Enfermería veterinaria,1,diurna,140.0,140.0,1,1,0,27,11.1,0.6,2.02,8,13,13,8,13.5,2,abandono
Ingeniería informática,1,diurna,133.1,95.1,0,0,0,49,10.8,1.4,1.74,0,5,5,0,0.0,0,abandono
Administración,1,vespertina,120.0,128.2,0,0,0,31,12.7,3.7,-1.7,0,5,5,2,11.0,0,abandono
Turismo,1,diurna,133.1,121.5,0,1,0,54,16.2,0.3,-0.92,0,6,9,6,13.714285714285714,0,abandono
Tecnologías de producción de biocombustibles,1,diurna,120.0,120.0,1,0,0,25,11.1,0.6,2.02,18,21,26,21,12.363636363636363,0,abandono
Agronomía,1,diurna,130.0,130.0,0,1,0,20,15.5,2.8,-4.06,1,7,13,3,10.666666666666666,0,continua_matriculado
Diseño de comunicación,1,diurna,120.0,120.0,0,1,0,28,12.7,3.7,-1.7,0,6,9,2,12.0,0,abandono
Servicio social,1,vespertina,133.1,107.0,0,1,0,41,12.7,3.7,-1.7,1,7,7,7,12.857142857142858,0,graduado
Gestión de publicidad y marketing,2,diurna,122.0,116.1,0,1,1,19,11.1,0.6,2.02,0,6,10,6,13.125,0,continua_matriculado
Administración,1,diurna,123.0,114.4,0,1,0,22,15.5,2.8,-4.06,0,5,6,0,0.0,0,abandono
Turismo,1,diurna,178.0,157.7,0,1,0,34,15.5,2.8,-4.06,0,6,13,2,13.5,0,abandono
Agronomía,1,diurna,130.0,150.0,1,0,0,28,11.1,0.6,2.02,5,11,14,11,15.090909090909092,0,abandono
Educación básica,1,diurna,110.0,114.3,0,1,0,42,7.6,2.6,0.32,0,6,9,5,12.4,0,continua_matriculado
Enfermería veterinaria,1,diurna,106.0,104.6,0,0,0,21,11.1,0.6,2.02,0,6,10,5,14.0,0,continua_matriculado
Agronomía,1,diurna,140.0,140.0,0,1,0,50,15.5,2.8,-4.06,2,6,8,2,13.5,0,abandono
Administración,4,diurna,108.0,109.1,0,1,0,19,12.4,0.5,1.79,0,5,5,0,0.0,0,abandono
Enfermería,1,diurna,120.0,120.6,0,1,0,18,16.2,0.3,-0.92,0,7,12,4,12.65,0,abandono
Administración,1,vespertina,100.0,161.9,0,1,0,59,16.2,0.3,-0.92,0,5,7,0,0.0,0,abandono
Administración,1,vespertina,140.0,140.0,0,0,0,33,7.6,2.6,0.32,0,5,5,0,0.0,0,abandono
Diseño de comunicación,2,diurna,133.1,178.0,0,1,1,23,9.4,-0.8,-3.12,0,6,8,6,13.333333333333334,0,graduado
Administración,1,vespertina,133.1,138.3,0,1,0,44,13.9,-0.3,0.79,0,5,9,3,11.333333333333334,0,abandono
Servicio social,4,vespertina,140.0,128.0,0,1,0,37,9.4,-0.8,-3.12,0,6,0,0,0.0,0,abandono
Diseño de animación y multimedia,1,diurna,100.0,139.0,0,1,0,36,10.8,1.4,1.74,0,0,0,0,0.0,0,abandono
Administración,2,vespertina,123.0,113.2,0,0,0,22,7.6,2.6,0.32,0,5,7,3,11.666666666666666,0,abandono
Servicio social,1,vespertina,133.1,139.0,0,1,0,49,12.4,0.5,1.79,0,6,8,6,12.166666666666666,0,graduado
Periodismo y comunicación,1,diurna,135.0,110.0,0,1,0,23,11.1,0.6,2.02,0,6,7,6,13.333333333333334,0,graduado
Diseño de comunicación,1,diurna,132.0,136.6,0,1,0,19,7.6,2.6,0.32,0,6,7,5,11.4,0,continua_matriculado
Servicio social,1,vespertina,120.0,161.1,0,1,0,47,16.2,0.3,-0.92,0,6,9,6,12.142857142857142,0,abandono
Agronomía,1,diurna,130.0,130.0,0,1,0,28,15.5,2.8,-4.06,9,18,36,17,13.058823529411764,1,graduado
Agronomía,1,diurna,140.0,140.0,0,1,0,21,15.5,2.8,-4.06,0,6,13,4,11.75,0,continua_matriculado
Turismo,1,diurna,133.1,121.0,1,0,0,21,8.9,1.4,3.51,0,6,9,5,11.833333333333334,0,abandono
Servicio social,1,diurna,120.0,118.6,0,1,0,21,13.9,-0.3,0.79,9,11,14,10,12.4,0,graduado
Diseño de comunicación,1,diurna,140.0,138.3,0,1,0,20,13.9,-0.3,0.79,1,6,8,6,13.428571428571429,1,continua_matriculado
Administración,1,diurna,133.1,115.8,0,0,0,49,10.8,1.4,1.74,0,5,5,0,0.0,0,abandono
Administración,1,vespertina,120.0,160.0,0,1,0,40,15.5,2.8,-4.06,0,5,5,5,11.0,0,graduado
Turismo,1,diurna,125.0,114.5,0,1,1,22,11.1,0.6,2.02,0,6,8,6,13.625,0,graduado
Ingeniería informática,1,diurna,136.0,117.5,0,1,0,19,15.5,2.8,-4.06,2,5,6,4,11.8,0,continua_matriculado
Administración,1,vespertina,133.1,121.7,0,1,0,31,13.9,-0.3,0.79,0,5,5,0,0.0,0,abandono
Ingeniería informática,1,diurna,120.0,115.0,0,1,0,30,15.5,2.8,-4.06,1,6,9,2,15.0,0,abandono
Servicio social,1,diurna,127.0,125.3,0,1,0,19,7.6,2.6,0.32,0,6,9,5,10.8,0,graduado
Administración,1,diurna,131.0,131.0,0,1,0,22,9.4,-0.8,-3.12,0,5,11,3,13.666666666666666,0,abandono
Periodismo y comunicación,1,diurna,127.0,126.3,0,1,0,19,15.5,2.8,-4.06,0,6,8,6,12.833333333333334,0,graduado
Diseño de animación y multimedia,1,diurna,132.0,127.1,0,0,0,21,7.6,2.6,0.32,0,0,0,0,0.0,0,abandono
Gestión de publicidad y marketing,3,diurna,137.0,138.4,0,1,0,19,11.1,0.6,2.02,0,6,8,6,15.125,0,graduado
Administración,2,diurna,126.0,100.0,0,1,0,22,16.2,0.3,-0.92,0,5,11,0,0.0,0,abandono
Servicio social,1,diurna,136.0,126.2,0,1,0,22,10.8,1.4,1.74,0,6,10,5,11.4,0,graduado
Servicio social,1,diurna,124.0,118.8,0,1,0,19,9.4,-0.8,-3.12,0,6,12,4,12.25,0,graduado
Turismo,1,diurna,137.0,124.5,0,0,0,26,16.2,0.3,-0.92,0,6,0,0,0.0,0,abandono
Ingeniería informática,1,diurna,140.0,140.0,0,1,0,23,12.4,0.5,1.79,3,7,12,3,14.0,0,continua_matriculado
Diseño de comunicación,1,diurna,131.0,125.1,0,1,0,18,16.2,0.3,-0.92,0,6,7,6,12.333333333333334,0,continua_matriculado
Administración,1,diurna,130.0,118.8,1,1,1,22,15.5,2.8,-4.06,0,5,8,5,10.666666666666666,0,continua_matriculado
Ingeniería informática,5,diurna,136.0,125.2,0,1,0,19,12.4,0.5,1.79,0,5,9,5,11.833333333333334,0,continua_matriculado
Administración,1,diurna,133.1,95.0,0,1,0,20,11.1,0.6,2.02,0,5,14,0,0.0,0,abandono
Diseño de comunicación,3,diurna,110.0,107.6,0,1,1,22,7.6,2.6,0.32,0,6,6,6,11.666666666666666,0,continua_matriculado
Equinocultura,1,diurna,140.0,140.0,0,0,0,18,12.7,3.7,-1.7,2,5,7,2,13.0,0,abandono
Administración,2,vespertina,133.1,125.4,0,1,0,39,10.8,1.4,1.74,0,2,5,0,0.0,0,abandono
Enfermería,1,diurna,141.0,128.0,0,1,0,18,10.8,1.4,1.74,0,8,8,0,0.0,3,abandono
Ingeniería informática,3,diurna,130.0,129.3,0,1,1,18,8.9,1.4,3.51,0,5,5,5,13.0,0,graduado
Servicio social,1,diurna,160.0,152.0,0,1,1,19,13.9,-0.3,0.79,0,6,7,6,13.857142857142858,0,graduado
Enfermería,1,diurna,140.0,128.8,0,1,0,18,12.4,0.5,1.79,0,7,7,6,13.391666666666666,0,graduado
Administración,1,diurna,150.0,152.8,0,1,1,18,7.6,2.6,0.32,0,5,7,4,12.75,0,abandono
Equinocultura,1,diurna,150.0,150.0,0,1,0,22,10.8,1.4,1.74,0,5,7,4,14.5,0,graduado
Servicio social,1,diurna,133.1,112.0,0,1,0,19,12.4,0.5,1.79,0,6,7,6,12.166666666666666,0,graduado
Equinocultura,1,diurna,152.0,135.6,0,1,0,18,12.7,3.7,-1.7,0,5,5,5,15.4,0,abandono
Ingeniería informática,1,diurna,133.1,134.4,1,0,0,31,16.2,0.3,-0.92,0,5,9,2,13.333333333333334,0,abandono
Administración,1,vespertina,130.0,120.5,0,1,0,28,12.7,3.7,-1.7,0,5,5,0,0.0,0,abandono
Diseño de comunicación,1,diurna,148.0,141.4,0,1,0,19,15.5,2.8,-4.06,0,6,0,0,0.0,0,abandono
Turismo,1,diurna,148.0,145.2,0,1,0,20,16.2,0.3,-0.92,0,6,7,6,13.714285714285714,0,graduado
Servicio social,1,diurna,130.0,140.0,0,1,0,50,8.9,1.4,3.51,0,6,7,4,12.25,0,abandono
Diseño de comunicación,1,diurna,160.0,100.0,0,1,0,38,13.9,-0.3,0.79,1,6,9,5,16.0,1,continua_matriculado
Administración,1,vespertina,130.0,140.0,0,1,0,31,9.4,-0.8,-3.12,0,5,8,1,11.0,0,abandono
Enfermería,1,diurna,110.0,126.0,0,1,0,27,7.6,2.6,0.32,0,7,7,7,14.085714285714284,0,continua_matriculado
Servicio social,1,diurna,122.0,112.6,0,1,0,21,12.7,3.7,-1.7,0,6,9,6,10.166666666666666,0,graduado
Ingeniería informática,1,diurna,110.0,106.8,0,1,0,34,8.9,1.4,3.51,0,5,8,1,10.0,0,abandono
Ingeniería informática,1,diurna,129.0,121.6,0,1,0,19,7.6,2.6,0.32,0,5,10,0,0.0,0,continua_matriculado
Administración,1,vespertina,110.0,120.0,0,0,0,40,9.4,-0.8,-3.12,0,5,10,2,10.5,0,abandono
Diseño de animación y multimedia,1,diurna,170.0,160.6,0,1,1,18,12.7,3.7,-1.7,0,0,0,0,0.0,0,graduado
Diseño de comunicación,1,diurna,110.0,130.0,1,0,1,46,15.5,2.8,-4.06,0,6,6,0,0.0,0,abandono
Servicio social,5,vespertina,110.0,110.0,0,1,0,37,7.6,2.6,0.32,0,6,12,0,0.0,0,abandono
Agronomía,1,diurna,133.1,110.0,0,1,0,31,16.2,0.3,-0.92,0,6,8,0,0.0,0,abandono
Agronomía,1,diurna,133.1,145.8,0,1,0,34,12.4,0.5,1.79,0,6,15,5,13.333333333333334,0,graduado
Diseño de animación y multimedia,6,diurna,126.0,130.2,0,1,1,18,9.4,-0.8,-3.12,0,0,0,0,0.0,0,abandono
Gestión de publicidad y marketing,1,diurna,137.0,122.3,0,1,1,18,12.4,0.5,1.79,0,6,7,6,13.571428571428571,0,graduado
Diseño de comunicación,4,diurna,117.0,125.4,0,1,1,19,11.1,0.6,2.02,0,6,6,6,12.833333333333334,0,graduado
Administración,1,vespertina,100.0,130.0,0,1,0,40,15.5,2.8,-4.06,1,5,6,4,10.25,0,abandono
Equinocultura,1,diurna,120.0,150.0,0,1,0,25,12.4,0.5,1.79,0,6,6,0,0.0,0,abandono
Ingeniería informática,5,diurna,126.0,116.9,1,1,0,20,11.1,0.6,2.02,0,5,5,4,14.5,0,abandono
Ingeniería informática,1,diurna,122.0,114.7,0,1,0,20,11.1,0.6,2.02,0,5,6,5,15.8,0,continua_matriculado
Agronomía,1,diurna,111.0,95.8,0,0,0,43,15.5,2.8,-4.06,0,6,0,0,0.0,0,abandono
Ingeniería informática,4,diurna,139.0,133.1,0,1,0,18,7.6,2.6,0.32,0,5,8,4,12.5,0,continua_matriculado
Agronomía,1,diurna,150.0,150.0,0,1,0,35,15.5,2.8,-4.06,16,18,22,18,11.666666666666666,0,graduado
Administración,2,vespertina,116.0,118.5,0,1,0,23,7.6,2.6,0.32,0,5,6,4,13.0,0,graduado
Enfermería,1,diurna,130.0,131.1,0,1,0,19,12.4,0.5,1.79,0,7,8,7,12.12142857142857,0,graduado
Enfermería veterinaria,1,diurna,150.0,150.3,0,1,1,21,8.9,1.4,3.51,7,11,15,9,14.22222222222222,0,graduado
Gestión de publicidad y marketing,1,diurna,132.0,120.5,0,1,0,19,13.9,-0.3,0.79,0,6,17,4,12.5,0,continua_matriculado
Ingeniería informática,1,diurna,108.0,105.6,0,1,0,20,12.4,0.5,1.79,0,5,7,5,12.166666666666666,0,graduado
Gestión de publicidad y marketing,1,diurna,133.1,125.3,0,1,1,30,12.4,0.5,1.79,0,6,0,0,0.0,0,abandono
Turismo,1,diurna,120.0,131.0,0,1,0,44,12.4,0.5,1.79,0,6,6,6,12.666666666666666,0,graduado
Enfermería,1,diurna,146.0,127.0,0,1,0,19,12.7,3.7,-1.7,0,8,8,7,13.614285714285714,0,graduado
Equinocultura,1,diurna,150.0,150.0,0,1,0,22,16.2,0.3,-0.92,11,18,32,12,12.857142857142858,1,graduado
Equinocultura,1,diurna,160.0,149.2,0,1,0,18,7.6,2.6,0.32,0,5,7,4,14.0,0,graduado
Gestión de publicidad y marketing,1,diurna,125.0,121.5,0,1,1,21,12.7,3.7,-1.7,0,6,8,4,14.75,0,graduado
Enfermería veterinaria,2,diurna,125.0,137.3,0,1,0,18,7.6,2.6,0.32,0,6,0,0,0.0,0,abandono
Gestión de publicidad y marketing,4,diurna,122.0,119.6,0,1,0,18,11.1,0.6,2.02,0,6,8,6,13.625,0,graduado
Diseño de animación y multimedia,1,diurna,138.0,141.5,0,1,0,19,7.6,2.6,0.32,0,0,0,0,0.0,0,graduado
Agronomía,1,diurna,150.0,150.0,0,1,0,21,16.2,0.3,-0.92,0,6,12,4,11.8,0,abandono
Agronomía,1,diurna,140.0,110.0,0,1,0,31,16.2,0.3,-0.92,0,6,8,6,15.125,0,graduado
Turismo,5,diurna,113.0,110.2,0,1,0,21,9.4,-0.8,-3.12,0,6,10,4,11.5,0,abandono
Ingeniería informática,1,diurna,139.0,110.3,1,1,0,24,8.9,1.4,3.51,0,5,12,1,10.0,0,continua_matriculado
Periodismo y comunicación,1,diurna,133.1,120.0,0,1,0,27,9.4,-0.8,-3.12,0,4,8,0,0.0,0,abandono
Administración,5,diurna,118.0,114.2,0,1,0,20,12.4,0.5,1.79,0,5,9,3,10.333333333333334,0,graduado
Ingeniería informática,1,diurna,140.0,140.0,0,1,0,22,10.8,1.4,1.74,0,5,9,0,0.0,0,continua_matriculado
Agronomía,1,diurna,144.0,132.8,0,1,1,19,15.5,2.8,-4.06,0,6,9,4,12.0,2,continua_matriculado
Periodismo y comunicación,1,diurna,125.0,121.5,0,1,0,19,8.9,1.4,3.51,0,6,6,6,13.833333333333334,0,graduado
Diseño de animación y multimedia,1,diurna,131.0,127.2,1,1,0,23,11.1,0.6,2.02,13,17,19,13,12.153846153846152,0,continua_matriculado
Equinocultura,1,diurna,131.0,128.2,0,1,0,18,12.4,0.5,1.79,0,6,7,6,14.0,0,graduado
Periodismo y comunicación,1,diurna,140.0,133.4,0,0,0,29,11.1,0.6,2.02,0,6,8,6,16.5,0,continua_matriculado
Equinocultura,1,diurna,133.1,120.0,0,1,0,29,10.8,1.4,1.74,0,5,11,1,18.0,2,abandono
Agronomía,1,diurna,140.0,140.0,0,1,0,20,16.2,0.3,-0.92,0,6,11,6,11.285714285714286,0,continua_matriculado
Diseño de animación y multimedia,5,diurna,139.0,136.9,0,1,1,19,9.4,-0.8,-3.12,0,0,0,0,0.0,0,graduado
Diseño de animación y multimedia,3,diurna,125.0,117.0,0,1,0,22,10.8,1.4,1.74,0,0,0,0,0.0,0,continua_matriculado
Gestión de publicidad y marketing,2,diurna,117.0,110.7,0,1,0,20,11.1,0.6,2.02,0,6,10,5,14.0,0,continua_matriculado
Equinocultura,1,diurna,150.0,160.0,0,1,0,24,9.4,-0.8,-3.12,0,5,13,4,13.75,1,continua_matriculado
Gestión de publicidad y marketing,1,diurna,95.0,95.0,0,0,0,21,12.7,3.7,-1.7,0,6,9,4,13.25,0,abandono
Administración,1,diurna,150.0,148.8,0,1,1,25,12.7,3.7,-1.7,0,5,7,4,14.25,0,graduado
Administración,1,diurna,120.0,110.0,0,0,0,32,9.4,-0.8,-3.12,0,5,9,0,0.0,1,abandono
Administración,1,vespertina,136.0,133.9,0,0,0,26,7.6,2.6,0.32,8,12,12,8,11.25,0,abandono
Equinocultura,1,diurna,133.0,125.7,0,1,1,18,12.4,0.5,1.79,0,6,7,6,13.5,0,graduado
Turismo,1,diurna,125.0,116.6,0,1,1,19,16.2,0.3,-0.92,0,6,8,5,12.666666666666666,0,graduado
Diseño de comunicación,3,diurna,127.0,141.0,0,1,1,19,12.4,0.5,1.79,0,6,6,6,15.166666666666666,0,graduado
Ingeniería informática,1,diurna,130.0,130.0,0,1,0,27,11.1,0.6,2.02,4,6,6,6,13.166666666666666,0,abandono
Agronomía,1,diurna,130.0,130.0,1,1,0,21,8.9,1.4,3.51,7,12,20,10,11.8,0,continua_matriculado
Ingeniería informática,1,diurna,127.0,115.8,0,1,0,20,13.9,-0.3,0.79,0,5,10,4,11.5,0,continua_matriculado
Diseño de comunicación,1,diurna,140.0,140.0,0,1,0,21,12.4,0.5,1.79,0,6,6,6,14.5,0,graduado
Periodismo y comunicación,5,diurna,125.0,126.1,0,1,0,22,9.4,-0.8,-3.12,0,6,10,5,13.4,0,continua_matriculado
Diseño de animación y multimedia,1,diurna,135.0,137.5,1,0,0,19,12.7,3.7,-1.7,0,0,0,0,0.0,0,graduado
Administración,4,diurna,132.0,120.8,0,1,1,18,11.1,0.6,2.02,0,5,8,4,10.8,0,abandono
Servicio social,2,diurna,110.0,136.5,0,1,0,28,13.9,-0.3,0.79,0,5,6,0,0.0,0,abandono
Agronomía,1,diurna,130.0,122.0,1,0,0,25,15.5,2.8,-4.06,3,10,23,6,11.428571428571429,0,abandono
Agronomía,1,diurna,130.0,130.0,0,1,0,25,15.5,2.8,-4.06,8,14,24,8,12.5,2,abandono
Administración,1,diurna,135.0,126.3,0,1,0,18,8.9,1.4,3.51,0,5,11,2,13.5,0,continua_matriculado
Turismo,1,diurna,133.1,98.0,0,1,0,26,10.8,1.4,1.74,0,6,6,0,0.0,0,abandono
Administración,3,diurna,135.0,121.0,0,1,1,18,13.9,-0.3,0.79,0,5,8,5,12.75,0,graduado
Periodismo y comunicación,1,diurna,128.0,124.2,0,1,0,22,15.5,2.8,-4.06,0,6,17,3,11.333333333333334,3,continua_matriculado
Agronomía,1,diurna,140.0,130.0,0,1,0,25,16.2,0.3,-0.92,0,6,8,0,0.0,0,abandono
Periodismo y comunicación,2,diurna,135.0,136.1,0,1,0,19,8.9,1.4,3.51,0,6,9,5,11.4,0,continua_matriculado
Periodismo y comunicación,2,diurna,131.0,132.8,0,1,0,19,13.9,-0.3,0.79,0,6,7,6,14.428571428571429,0,graduado
Enfermería,1,diurna,131.0,126.3,0,1,0,19,16.2,0.3,-0.92,0,7,9,7,12.492857142857144,0,graduado
Servicio social,1,vespertina,100.0,111.5,0,1,0,45,10.8,1.4,1.74,2,8,10,4,11.5,0,abandono
Administración,1,vespertina,140.0,118.2,0,1,0,52,7.6,2.6,0.32,0,5,7,5,11.2,0,graduado
Administración,1,diurna,124.0,115.6,0,0,0,20,9.4,-0.8,-3.12,0,5,9,3,12.0,1,abandono
Enfermería,1,diurna,130.0,117.8,0,1,0,19,10.8,1.4,1.74,0,8,8,7,15.885714285714286,0,graduado
Enfermería,1,diurna,142.0,127.0,1,0,0,21,12.4,0.5,1.79,0,7,12,4,12.94,0,abandono
Servicio social,1,vespertina,150.0,140.0,0,0,0,35,9.4,-0.8,-3.12,0,6,6,6,14.0,0,graduado
Diseño de animación y multimedia,1,diurna,110.0,106.0,0,1,0,36,7.6,2.6,0.32,0,0,0,0,0.0,0,graduado
Enfermería,1,diurna,110.0,151.0,1,0,0,47,15.5,2.8,-4.06,0,7,7,0,0.0,7,abandono
Administración,1,vespertina,112.0,106.4,0,1,0,22,8.9,1.4,3.51,0,5,0,0,0.0,0,abandono
Administración,1,vespertina,100.0,125.3,0,1,0,41,7.6,2.6,0.32,0,5,8,4,11.25,0,abandono
Ingeniería informática,1,diurna,130.0,130.0,0,1,0,26,10.8,1.4,1.74,0,5,5,0,0.0,0,abandono
Servicio social,1,vespertina,133.1,116.0,0,0,0,51,10.8,1.4,1.74,0,6,13,4,11.25,0,abandono
Administración,2,vespertina,150.0,120.0,0,1,0,43,9.4,-0.8,-3.12,0,5,11,3,10.666666666666666,0,continua_matriculado
Servicio social,2,vespertina,100.0,100.0,0,1,0,41,7.6,2.6,0.32,0,6,9,5,11.8,0,graduado
Administración,2,diurna,130.0,118.5,0,1,0,23,7.6,2.6,0.32,5,10,19,8,11.625,1,graduado
Servicio social,2,diurna,129.0,118.9,0,1,0,22,9.4,-0.8,-3.12,0,6,11,0,0.0,0,abandono
Diseño de comunicación,2,diurna,127.0,119.3,0,1,1,25,12.7,3.7,-1.7,0,6,8,4,10.25,0,abandono
Administración,1,vespertina,140.0,135.8,0,1,0,25,9.4,-0.8,-3.12,14,15,16,15,10.8,0,graduado
Diseño de animación y multimedia,1,diurna,130.0,130.0,0,0,1,22,8.9,1.4,3.51,5,12,15,11,12.545454545454543,0,graduado
Agronomía,1,diurna,133.1,129.8,0,1,0,24,8.9,1.4,3.51,0,7,7,7,13.571428571428571,0,continua_matriculado
Enfermería veterinaria,1,diurna,140.0,150.0,0,1,0,47,16.2,0.3,-0.92,0,6,0,0,0.0,0,abandono
Administración,1,vespertina,133.1,111.9,0,1,0,41,7.6,2.6,0.32,0,5,5,0,0.0,0,abandono
Agronomía,1,diurna,120.0,150.1,0,1,0,43,13.9,-0.3,0.79,0,6,9,6,14.77777777777778,0,graduado
Agronomía,1,diurna,133.1,130.0,0,1,0,29,16.2,0.3,-0.92,0,3,4,0,0.0,0,abandono
Ingeniería informática,2,diurna,120.0,128.0,0,1,0,30,7.6,2.6,0.32,0,2,2,0,0.0,0,abandono
Administración,2,diurna,133.1,102.5,0,0,0,26,12.7,3.7,-1.7,0,4,4,0,0.0,0,abandono
Administración,2,vespertina,133.1,102.5,0,0,0,27,15.5,2.8,-4.06,0,5,10,0,0.0,0,abandono
Gestión de publicidad y marketing,2,diurna,100.0,110.0,0,1,1,36,9.4,-0.8,-3.12,0,5,5,5,11.4,0,graduado
Agronomía,1,diurna,133.1,114.0,0,1,0,29,15.5,2.8,-4.06,3,9,13,6,11.666666666666666,0,abandono
Ingeniería informática,1,diurna,120.0,128.2,0,1,0,35,9.4,-0.8,-3.12,6,10,12,7,11.285714285714286,0,abandono
Periodismo y comunicación,1,diurna,128.0,116.5,0,1,1,18,10.8,1.4,1.74,0,6,12,4,11.5,0,graduado
Administración,1,vespertina,172.0,149.3,0,1,1,24,8.9,1.4,3.51,0,5,5,5,16.0,0,graduado
Periodismo y comunicación,3,diurna,146.0,134.1,0,1,1,18,10.8,1.4,1.74,0,6,6,6,12.5,0,abandono
Ingeniería informática,4,diurna,135.0,126.6,0,1,0,18,7.6,2.6,0.32,0,5,7,4,12.0,0,continua_matriculado
Enfermería veterinaria,1,diurna,160.0,120.0,0,1,0,21,9.4,-0.8,-3.12,0,5,11,0,0.0,2,continua_matriculado
Ingeniería informática,1,diurna,150.0,133.5,0,1,0,21,9.4,-0.8,-3.12,0,5,10,5,13.0,0,graduado
Agronomía,1,diurna,130.0,110.0,0,1,0,32,15.5,2.8,-4.06,8,18,27,13,13.714285714285714,1,graduado
Ingeniería informática,4,diurna,111.0,107.5,0,1,1,22,11.1,0.6,2.02,0,5,9,3,12.333333333333334,0,abandono
Agronomía,1,diurna,130.0,130.0,0,0,0,32,15.5,2.8,-4.06,11,17,31,11,12.727272727272728,4,abandono
Gestión de publicidad y marketing,1,diurna,170.0,111.6,0,1,0,35,9.4,-0.8,-3.12,1,5,5,1,14.0,0,abandono
Administración,3,diurna,133.1,101.0,0,0,0,23,8.9,1.4,3.51,0,5,0,0,0.0,0,abandono
Servicio social,1,vespertina,100.0,108.3,0,1,0,39,7.6,2.6,0.32,0,6,8,5,11.4,0,continua_matriculado
Gestión de publicidad y marketing,1,diurna,120.0,128.2,0,1,0,35,9.4,-0.8,-3.12,0,5,5,0,0.0,0,abandono
Agronomía,1,diurna,110.0,150.0,0,1,0,32,16.2,0.3,-0.92,0,6,8,6,18.875,0,graduado
Educación básica,1,diurna,133.1,142.8,0,1,0,20,7.6,2.6,0.32,0,6,12,0,0.0,0,abandono
Enfermería,1,diurna,120.0,100.0,0,1,0,34,16.2,0.3,-0.92,0,7,15,6,11.333333333333334,0,continua_matriculado
Administración,1,vespertina,150.0,150.0,0,1,0,44,8.9,1.4,3.51,3,7,9,7,13.5,0,abandono
Turismo,1,diurna,133.1,156.5,0,1,0,53,16.2,0.3,-0.92,7,11,12,2,15.0,7,graduado
Ingeniería informática,1,diurna,120.0,98.6,1,0,0,28,12.4,0.5,1.79,0,5,10,0,0.0,0,abandono
Administración,1,vespertina,130.0,130.0,0,1,0,31,12.7,3.7,-1.7,9,9,9,9,14.22222222222222,0,abandono
Diseño de animación y multimedia,1,diurna,130.0,118.1,1,0,0,18,9.4,-0.8,-3.12,0,0,0,0,0.0,0,continua_matriculado
Agronomía,1,diurna,100.0,120.0,1,0,0,44,15.5,2.8,-4.06,2,7,14,4,12.0,2,abandono
Enfermería veterinaria,1,diurna,142.0,127.7,0,1,0,19,12.7,3.7,-1.7,0,5,9,5,12.6,1,graduado
Diseño de animación y multimedia,1,diurna,130.0,130.0,0,1,0,21,8.9,1.4,3.51,6,12,12,12,15.083333333333334,0,continua_matriculado
Ingeniería informática,1,diurna,148.0,147.7,0,1,1,18,9.4,-0.8,-3.12,0,5,5,0,0.0,0,abandono
Agronomía,1,diurna,170.0,170.0,0,1,0,20,16.2,0.3,-0.92,0,6,8,6,14.5,0,graduado
Diseño de comunicación,1,diurna,110.0,110.2,0,1,0,55,11.1,0.6,2.02,0,6,6,6,14.5,0,graduado
Administración,1,diurna,166.0,146.4,0,1,0,27,7.6,2.6,0.32,0,5,12,3,10.0,0,continua_matriculado
Ingeniería informática,2,diurna,135.0,121.0,0,1,0,19,12.4,0.5,1.79,0,5,0,0,0.0,0,abandono
Administración,1,diurna,133.0,129.9,0,1,0,18,12.4,0.5,1.79,0,5,5,5,11.6,0,graduado
Periodismo y comunicación,1,diurna,133.1,132.0,0,1,0,43,15.5,2.8,-4.06,0,6,10,4,11.75,0,abandono
Turismo,3,diurna,121.0,125.9,0,1,0,18,13.9,-0.3,0.79,0,6,0,0,0.0,0,abandono
Diseño de animación y multimedia,1,diurna,159.0,165.7,0,1,0,18,9.4,-0.8,-3.12,0,0,0,0,0.0,0,abandono
Turismo,5,diurna,130.0,122.7,1,1,1,20,8.9,1.4,3.51,0,6,7,0,0.0,0,abandono
Administración,1,vespertina,121.0,141.4,1,0,0,29,10.8,1.4,1.74,0,5,7,4,11.25,0,abandono
Equinocultura,1,diurna,133.1,156.4,1,1,0,44,13.9,-0.3,0.79,0,6,9,5,11.571428571428571,0,abandono
Ingeniería informática,1,diurna,146.0,148.5,0,1,0,18,10.8,1.4,1.74,0,5,7,4,10.0,0,continua_matriculado
Agronomía,1,diurna,140.0,140.0,0,1,1,20,15.5,2.8,-4.06,0,6,11,5,13.833333333333334,0,continua_matriculado
Diseño de comunicación,1,diurna,125.0,131.7,0,1,0,20,12.4,0.5,1.79,3,6,6,4,12.75,0,abandono
Administración,2,diurna,120.0,104.7,0,1,0,36,10.8,1.4,1.74,0,4,4,0,0.0,0,abandono
Equinocultura,1,diurna,150.0,150.0,0,1,0,19,13.9,-0.3,0.79,1,6,13,5,11.6,0,continua_matriculado
Enfermería veterinaria,1,diurna,110.0,110.0,0,0,0,29,12.7,3.7,-1.7,0,5,5,0,0.0,0,abandono
Gestión de publicidad y marketing,1,diurna,120.0,129.1,0,1,0,18,10.8,1.4,1.74,0,6,6,4,11.25,0,abandono
Agronomía,1,diurna,133.1,120.0,0,0,0,24,13.9,-0.3,0.79,0,6,0,0,0.0,0,abandono
Periodismo y comunicación,1,diurna,133.1,127.0,0,1,0,20,15.5,2.8,-4.06,0,6,6,6,14.333333333333334,0,graduado
Servicio social,1,vespertina,133.1,151.5,1,0,0,45,16.2,0.3,-0.92,0,6,7,0,0.0,0,abandono
Enfermería,2,diurna,130.0,126.8,0,1,1,28,7.6,2.6,0.32,18,23,23,20,13.5,3,graduado
Turismo,1,diurna,160.0,140.8,0,1,0,23,7.6,2.6,0.32,0,6,8,6,12.666666666666666,0,continua_matriculado
Enfermería,1,diurna,128.0,125.6,0,1,0,18,12.4,0.5,1.79,0,7,7,7,12.444285714285714,0,graduado
Administración,2,diurna,140.0,127.8,0,1,0,23,9.4,-0.8,-3.12,0,5,7,3,10.666666666666666,1,abandono
Diseño de animación y multimedia,1,diurna,120.0,120.0,0,1,0,22,7.6,2.6,0.32,0,0,0,0,0.0,0,continua_matriculado
Diseño de comunicación,1,diurna,140.0,131.3,0,1,1,22,12.4,0.5,1.79,1,6,6,6,12.666666666666666,0,graduado
Administración,1,vespertina,120.0,155.7,0,1,0,33,10.8,1.4,1.74,0,5,5,5,13.2,0,graduado
Agronomía,1,diurna,130.0,128.5,0,1,0,21,8.9,1.4,3.51,7,12,20,10,12.7,0,graduado
Administración,1,diurna,100.0,170.0,0,1,0,45,15.5,2.8,-4.06,0,5,6,5,14.833333333333334,0,graduado
Agronomía,1,diurna,133.1,100.0,0,0,0,44,15.5,2.8,-4.06,4,10,10,4,11.5,0,abandono
Gestión de publicidad y marketing,1,diurna,110.0,107.2,0,1,0,42,12.7,3.7,-1.7,0,6,0,0,0.0,0,abandono
Administración,1,diurna,147.0,139.3,0,1,0,20,12.4,0.5,1.79,0,5,0,0,0.0,0,abandono
Administración,6,diurna,133.0,123.2,0,1,0,20,9.4,-0.8,-3.12,0,5,7,3,12.666666666666666,1,continua_matriculado
Turismo,2,diurna,137.0,122.3,0,1,1,20,8.9,1.4,3.51,0,6,7,6,14.714285714285714,0,graduado
Periodismo y comunicación,2,diurna,124.0,127.9,0,1,0,20,9.4,-0.8,-3.12,0,6,11,3,13.666666666666666,0,continua_matriculado
Administración,2,diurna,128.0,120.3,0,1,0,19,8.9,1.4,3.51,0,5,9,5,10.8,0,continua_matriculado
Servicio social,1,vespertina,120.0,128.5,1,0,0,26,12.4,0.5,1.79,2,8,13,4,10.5,0,abandono
Agronomía,1,diurna,133.1,150.0,0,1,0,31,13.9,-0.3,0.79,0,6,10,6,15.0,0,graduado
Periodismo y comunicación,1,diurna,142.0,136.1,1,1,1,19,16.2,0.3,-0.92,0,6,6,6,12.666666666666666,0,graduado
Periodismo y comunicación,1,diurna,100.0,128.0,0,1,0,28,7.6,2.6,0.32,0,6,7,6,13.166666666666666,0,graduado
Diseño de animación y multimedia,1,diurna,149.0,158.1,0,1,1,20,10.8,1.4,1.74,0,0,0,0,0.0,0,graduado
Servicio social,2,vespertina,110.0,108.7,0,1,0,43,9.4,-0.8,-3.12,0,6,6,6,13.0,0,graduado
Diseño de animación y multimedia,1,diurna,133.1,110.0,0,1,1,25,15.5,2.8,-4.06,0,0,0,0,0.0,0,abandono
Servicio social,1,diurna,133.1,120.0,1,1,0,40,16.2,0.3,-0.92,0,6,13,2,10.0,0,abandono
Enfermería veterinaria,1,diurna,150.0,150.0,0,1,0,20,12.4,0.5,1.79,2,6,7,6,13.333333333333334,0,graduado
Servicio social,1,vespertina,133.1,113.0,0,1,0,46,11.1,0.6,2.02,0,6,13,3,12.333333333333334,0,graduado
Tecnologías de producción de biocombustibles,1,diurna,121.0,118.6,0,1,0,26,8.9,1.4,3.51,14,21,23,20,13.181818181818182,0,graduado
Enfermería,1,diurna,133.1,148.8,0,1,1,34,12.4,0.5,1.79,0,7,7,6,12.513333333333334,0,graduado
Educación básica,3,diurna,122.0,120.3,0,1,0,19,10.8,1.4,1.74,0,6,0,0,0.0,0,abandono
Enfermería,6,diurna,143.0,127.0,0,1,1,18,12.7,3.7,-1.7,0,8,8,7,13.585714285714284,0,graduado
Higiene oral,1,diurna,123.0,113.8,0,1,0,18,12.7,3.7,-1.7,0,7,9,7,11.155555555555557,0,graduado
Servicio social,1,vespertina,120.0,108.0,0,1,1,37,13.9,-0.3,0.79,1,7,9,6,11.857142857142858,0,graduado
Diseño de animación y multimedia,1,diurna,114.0,129.1,0,1,1,23,9.4,-0.8,-3.12,0,0,0,0,0.0,0,graduado
Diseño de comunicación,1,diurna,114.0,135.9,0,1,0,26,15.5,2.8,-4.06,9,14,14,14,14.0,0,graduado
Periodismo y comunicación,2,diurna,154.4,154.4,0,0,0,18,10.8,1.4,1.74,0,6,8,5,12.0,0,abandono
Enfermería,1,diurna,190.0,190.0,0,1,0,18,12.4,0.5,1.79,0,7,15,4,11.575,0,continua_matriculado
Enfermería,4,diurna,136.0,132.5,0,1,0,19,11.1,0.6,2.02,0,7,8,7,13.198571428571428,0,graduado
Enfermería veterinaria,2,diurna,163.3,163.3,0,1,0,18,12.4,0.5,1.79,0,6,10,6,13.5,0,graduado
Gestión de publicidad y marketing,1,diurna,126.0,122.5,0,1,0,19,8.9,1.4,3.51,0,6,6,6,13.333333333333334,0,abandono
Ingeniería informática,4,diurna,122.0,121.0,0,1,0,20,8.9,1.4,3.51,0,5,10,4,14.25,0,continua_matriculado
Diseño de comunicación,1,diurna,137.0,131.8,0,1,1,22,9.4,-0.8,-3.12,0,6,7,6,12.166666666666666,0,graduado
Enfermería,3,diurna,139.0,135.0,0,1,1,18,12.7,3.7,-1.7,0,8,8,7,12.214285714285714,0,graduado
Turismo,1,diurna,142.0,141.7,0,1,1,18,13.9,-0.3,0.79,0,6,8,6,12.666666666666666,0,graduado
Periodismo y comunicación,3,diurna,133.1,131.3,0,1,1,18,8.9,1.4,3.51,0,6,7,6,12.285714285714286,0,graduado
Turismo,6,diurna,126.0,123.9,0,1,1,18,12.4,0.5,1.79,0,6,7,6,13.0,0,graduado
Turismo,2,diurna,131.0,126.1,0,1,0,18,8.9,1.4,3.51,0,6,8,6,12.142857142857142,0,graduado
Enfermería,6,diurna,131.0,126.5,0,1,1,19,11.1,0.6,2.02,0,7,8,7,13.875714285714285,0,graduado
Educación básica,1,diurna,108.0,107.3,0,1,0,20,15.5,2.8,-4.06,0,6,0,0,0.0,0,abandono
Servicio social,4,diurna,133.1,95.0,0,1,1,19,15.5,2.8,-4.06,0,6,12,6,11.666666666666666,0,abandono
Enfermería veterinaria,2,diurna,122.0,116.1,0,1,0,18,15.5,2.8,-4.06,0,6,13,6,13.153846153846152,0,graduado
Diseño de comunicación,4,diurna,143.0,134.6,0,1,1,18,12.4,0.5,1.79,0,6,6,6,14.5,0,abandono
Enfermería,6,diurna,135.0,128.0,0,1,1,18,11.1,0.6,2.02,0,7,7,7,14.44142857142857,0,graduado
Periodismo y comunicación,2,diurna,148.0,144.2,0,1,0,18,12.4,0.5,1.79,0,6,6,6,15.166666666666666,0,graduado
Administración,1,diurna,134.0,129.5,0,1,1,18,10.8,1.4,1.74,0,5,5,5,11.6,0,graduado
Periodismo y comunicación,1,diurna,122.0,116.8,1,1,0,18,16.2,0.3,-0.92,0,6,6,6,11.666666666666666,0,graduado
Agronomía,1,diurna,160.0,160.0,0,1,1,20,16.2,0.3,-0.92,0,6,8,6,12.625,0,graduado
Servicio social,2,diurna,126.0,127.1,0,1,1,19,9.4,-0.8,-3.12,0,6,14,3,12.666666666666666,0,graduado
Equinocultura,1,diurna,138.0,126.3,0,1,1,18,8.9,1.4,3.51,0,6,7,6,12.833333333333334,1,continua_matriculado
Servicio social,1,diurna,115.0,112.9,0,1,1,19,12.4,0.5,1.79,0,6,7,6,11.857142857142858,0,graduado
Educación básica,2,diurna,141.0,130.2,0,1,0,19,12.7,3.7,-1.7,0,6,8,5,11.4,1,continua_matriculado
Equinocultura,1,diurna,100.0,100.0,0,1,0,19,9.4,-0.8,-3.12,0,5,10,5,14.857142857142858,2,continua_matriculado
Gestión de publicidad y marketing,1,diurna,130.0,121.6,0,1,0,19,12.4,0.5,1.79,0,6,7,6,14.714285714285714,0,graduado
Gestión de publicidad y marketing,1,diurna,130.0,130.0,1,1,0,20,8.9,1.4,3.51,0,6,6,6,13.5,0,graduado
Equinocultura,1,diurna,135.0,121.7,0,1,1,18,10.8,1.4,1.74,0,5,7,4,11.5,0,graduado
Administración,1,diurna,120.0,120.0,0,1,0,33,12.4,0.5,1.79,2,5,9,2,14.0,0,abandono
Educación básica,1,diurna,148.0,143.5,0,1,1,19,13.9,-0.3,0.79,0,7,8,6,12.833333333333334,0,abandono
Higiene oral,2,diurna,136.0,128.3,0,1,1,18,15.5,2.8,-4.06,0,7,7,7,13.428571428571429,0,graduado
Diseño de comunicación,1,diurna,108.0,111.9,0,1,0,19,8.9,1.4,3.51,0,6,0,0,0.0,0,abandono
Agronomía,1,diurna,140.0,140.0,0,1,0,19,15.5,2.8,-4.06,0,6,18,3,11.666666666666666,0,continua_matriculado
Periodismo y comunicación,3,diurna,153.0,137.6,0,1,0,18,12.4,0.5,1.79,0,6,6,6,16.0,0,graduado
Servicio social,1,diurna,135.0,135.0,0,1,0,20,10.8,1.4,1.74,0,6,6,6,13.833333333333334,0,graduado
Enfermería,5,diurna,146.0,133.8,0,1,0,19,9.4,-0.8,-3.12,0,8,9,8,13.2325,1,graduado
Periodismo y comunicación,2,diurna,130.0,126.9,0,1,1,18,9.4,-0.8,-3.12,0,6,6,6,14.0,0,graduado
Turismo,2,diurna,113.0,106.7,1,1,1,19,13.9,-0.3,0.79,0,6,14,2,10.0,0,abandono
Servicio social,1,vespertina,145.7,145.7,0,1,0,25,13.9,-0.3,0.79,8,16,16,15,13.333333333333334,0,graduado
Diseño de comunicación,3,diurna,145.0,153.1,0,1,1,20,12.7,3.7,-1.7,0,6,6,6,12.5,0,continua_matriculado
Servicio social,1,vespertina,126.0,118.7,0,1,0,19,12.7,3.7,-1.7,0,6,6,6,12.5,0,graduado
Administración,1,vespertina,160.0,161.8,1,1,0,33,7.6,2.6,0.32,0,5,8,2,10.5,0,abandono
Ingeniería informática,4,diurna,134.0,124.9,1,1,0,18,8.9,1.4,3.51,0,5,11,3,10.666666666666666,0,continua_matriculado
Ingeniería informática,1,diurna,163.0,150.8,0,1,0,18,7.6,2.6,0.32,0,5,9,4,10.5,0,continua_matriculado
Administración,1,diurna,130.0,130.0,0,1,0,19,11.1,0.6,2.02,0,5,10,4,12.0,0,graduado
Diseño de animación y multimedia,2,diurna,165.0,163.6,0,1,0,18,12.4,0.5,1.79,0,0,0,0,0.0,0,continua_matriculado
Administración,1,diurna,142.0,115.0,0,1,0,19,13.9,-0.3,0.79,0,5,11,5,11.5,0,continua_matriculado
Periodismo y comunicación,1,diurna,156.0,136.8,0,1,0,18,11.1,0.6,2.02,0,6,6,6,14.0,0,abandono
Educación básica,5,diurna,141.0,130.9,0,1,0,18,7.6,2.6,0.32,0,6,7,6,13.5,0,graduado
Enfermería,3,diurna,143.0,127.0,0,1,0,18,9.4,-0.8,-3.12,0,8,8,8,13.07375,0,graduado
Enfermería,1,diurna,133.1,120.0,0,1,0,37,16.2,0.3,-0.92,0,7,9,2,10.75,0,abandono
Servicio social,1,diurna,133.0,126.0,0,1,0,20,9.4,-0.8,-3.12,0,6,11,1,12.0,0,continua_matriculado
Turismo,1,diurna,172.0,153.8,0,1,1,20,10.8,1.4,1.74,0,6,6,6,14.0,0,graduado
Servicio social,1,diurna,140.0,140.0,0,1,0,21,11.1,0.6,2.02,0,6,7,6,12.333333333333334,0,graduado
Enfermería,1,diurna,142.0,136.6,0,1,1,18,12.4,0.5,1.79,0,7,7,7,13.464285714285714,0,graduado
Servicio social,1,vespertina,140.0,105.0,0,1,0,26,15.5,2.8,-4.06,0,6,14,3,10.666666666666666,1,continua_matriculado
Administración,1,diurna,133.1,139.4,1,1,0,41,7.6,2.6,0.32,0,5,6,5,11.6,0,continua_matriculado
Periodismo y comunicación,2,diurna,148.0,140.0,0,1,1,18,16.2,0.3,-0.92,0,6,6,6,13.666666666666666,0,graduado
Enfermería,4,diurna,137.0,130.8,1,1,0,18,9.4,-0.8,-3.12,0,8,9,8,14.4025,1,graduado
Enfermería,1,diurna,143.0,138.8,0,1,0,31,11.1,0.6,2.02,0,7,9,7,15.46875,0,graduado
Servicio social,1,diurna,133.1,110.0,1,1,0,23,12.7,3.7,-1.7,0,6,8,6,12.625,0,graduado
Enfermería,4,diurna,138.0,127.8,0,1,0,19,7.6,2.6,0.32,0,7,7,6,14.983333333333334,0,graduado
Periodismo y comunicación,3,diurna,138.0,134.2,0,1,1,20,11.1,0.6,2.02,0,6,6,6,15.0,0,graduado
Servicio social,1,vespertina,150.0,143.0,0,1,0,40,12.7,3.7,-1.7,5,9,9,9,15.88888888888889,0,graduado
Enfermería veterinaria,1,diurna,120.0,120.0,1,1,0,32,16.2,0.3,-0.92,0,6,14,4,11.5,0,abandono
Turismo,4,diurna,110.0,113.2,0,1,0,24,10.8,1.4,1.74,0,6,14,2,10.5,0,abandono
Enfermería,4,diurna,146.0,135.8,0,1,0,18,7.6,2.6,0.32,0,7,7,6,13.983333333333334,0,graduado
Servicio social,1,diurna,148.0,143.5,0,1,0,18,10.8,1.4,1.74,0,6,6,6,13.0,0,graduado
Servicio social,1,diurna,145.0,148.9,0,1,1,18,10.8,1.4,1.74,0,6,6,6,13.666666666666666,0,graduado
Agronomía,1,diurna,133.1,115.6,0,0,0,27,15.5,2.8,-4.06,0,6,8,0,0.0,0,abandono
Administración,1,diurna,160.0,159.3,0,1,0,18,7.6,2.6,0.32,0,5,5,5,14.4,0,graduado
Administración,1,vespertina,150.0,138.5,0,1,0,26,12.7,3.7,-1.7,0,5,10,4,12.0,0,continua_matriculado
Educación básica,1,diurna,130.0,133.2,0,1,0,19,7.6,2.6,0.32,0,6,6,6,14.166666666666666,0,graduado
Servicio social,2,vespertina,120.0,117.6,0,1,0,19,7.6,2.6,0.32,0,6,8,5,12.2,0,graduado
Administración,2,diurna,115.0,108.7,0,1,0,21,9.4,-0.8,-3.12,0,5,8,3,12.0,1,continua_matriculado
Administración,4,diurna,133.1,106.0,0,1,0,24,12.7,3.7,-1.7,0,5,11,2,10.5,0,continua_matriculado
Educación básica,1,diurna,120.0,122.6,0,1,0,20,12.7,3.7,-1.7,0,6,8,3,12.333333333333334,0,abandono
Educación básica,4,diurna,134.0,127.4,0,1,0,18,10.8,1.4,1.74,0,6,7,5,12.2,0,continua_matriculado
Agronomía,1,diurna,133.1,100.0,0,1,0,30,11.1,0.6,2.02,0,6,6,0,0.0,0,abandono
Educación básica,1,diurna,133.1,95.0,1,0,0,22,11.1,0.6,2.02,0,7,10,6,11.5,0,continua_matriculado
Administración,1,diurna,130.0,130.0,0,1,0,21,10.8,1.4,1.74,4,9,9,9,10.88888888888889,0,graduado
Higiene oral,1,diurna,120.0,122.8,0,1,0,26,13.9,-0.3,0.79,0,7,12,6,12.166666666666666,0,abandono
Administración,1,diurna,115.0,115.0,0,1,0,23,9.4,-0.8,-3.12,0,5,7,2,10.0,1,continua_matriculado
Diseño de comunicación,1,diurna,135.0,145.9,0,1,1,18,16.2,0.3,-0.92,0,6,6,6,12.666666666666666,0,graduado
Diseño de comunicación,1,diurna,133.1,143.0,1,1,0,21,12.7,3.7,-1.7,0,6,9,5,11.4,0,abandono
Diseño de animación y multimedia,1,diurna,145.0,100.0,0,1,1,18,13.9,-0.3,0.79,0,0,0,0,0.0,0,abandono
Enfermería veterinaria,3,diurna,130.0,121.3,0,1,0,21,9.4,-0.8,-3.12,0,5,14,2,13.0,2,continua_matriculado
Educación básica,3,diurna,118.0,121.2,0,1,0,18,7.6,2.6,0.32,0,6,8,5,13.4,0,continua_matriculado
Educación básica,3,diurna,138.0,125.1,0,1,1,19,12.7,3.7,-1.7,0,6,6,6,13.5,0,abandono
Turismo,1,diurna,122.0,112.9,0,1,0,22,7.6,2.6,0.32,0,6,14,4,12.25,0,continua_matriculado
Servicio social,3,diurna,126.0,120.8,0,1,0,19,12.4,0.5,1.79,0,6,7,6,12.285714285714286,0,graduado
Enfermería veterinaria,5,diurna,121.0,114.0,0,0,0,19,9.4,-0.8,-3.12,0,5,12,0,0.0,4,abandono
Servicio social,1,diurna,152.0,132.1,0,1,0,19,9.4,-0.8,-3.12,0,6,10,2,10.5,0,abandono
Enfermería veterinaria,1,diurna,160.0,160.0,0,1,0,27,9.4,-0.8,-3.12,0,5,12,3,14.0,2,graduado
Enfermería veterinaria,1,diurna,134.0,134.0,0,1,0,22,12.7,3.7,-1.7,2,5,7,5,14.2,0,graduado
Periodismo y comunicación,1,diurna,128.0,124.2,0,1,0,18,15.5,2.8,-4.06,0,6,8,5,13.0,0,abandono
Turismo,4,diurna,125.0,115.6,0,1,0,20,9.4,-0.8,-3.12,0,6,6,6,11.0,0,graduado
Administración,1,vespertina,130.0,128.2,0,1,0,34,9.4,-0.8,-3.12,3,8,9,3,11.0,0,abandono
Enfermería,2,diurna,138.0,132.8,0,1,0,18,13.9,-0.3,0.79,0,7,9,6,12.385714285714286,0,graduado
Periodismo y comunicación,2,diurna,121.0,123.1,0,1,0,20,9.4,-0.8,-3.12,0,6,12,4,14.75,0,graduado
Equinocultura,1,diurna,134.0,125.6,0,1,0,20,12.7,3.7,-1.7,0,5,6,5,16.166666666666668,0,graduado
Administración,1,vespertina,130.0,115.0,0,1,0,25,16.2,0.3,-0.92,0,5,7,0,0.0,0,abandono
Ingeniería informática,4,diurna,126.0,123.6,0,1,0,18,8.9,1.4,3.51,0,5,6,5,12.4,0,abandono
Equinocultura,1,diurna,148.0,141.7,0,0,0,18,8.9,1.4,3.51,0,6,8,5,11.6,0,abandono
Educación básica,1,diurna,160.0,139.0,0,1,1,18,9.4,-0.8,-3.12,0,6,8,5,12.2,0,abandono
Turismo,1,diurna,118.0,118.0,0,1,1,19,12.4,0.5,1.79,0,6,7,5,11.0,0,graduado
Educación básica,2,diurna,150.0,142.0,0,1,1,19,10.8,1.4,1.74,0,6,8,6,12.333333333333334,0,abandono
Servicio social,1,diurna,140.0,143.4,0,1,1,21,13.9,-0.3,0.79,3,6,6,6,14.833333333333334,0,graduado
Diseño de comunicación,1,diurna,100.0,115.9,0,1,0,29,9.4,-0.8,-3.12,9,10,15,9,11.555555555555555,0,continua_matriculado
Diseño de comunicación,1,diurna,110.0,105.1,0,1,1,20,12.4,0.5,1.79,0,6,6,6,12.0,0,graduado
Servicio social,1,vespertina,140.0,138.0,1,1,1,21,8.9,1.4,3.51,13,13,13,11,12.727272727272728,0,graduado
Administración,1,vespertina,133.1,114.7,0,1,0,34,10.8,1.4,1.74,2,2,2,2,10.5,0,abandono
Periodismo y comunicación,4,diurna,140.0,130.5,0,1,0,20,12.7,3.7,-1.7,0,6,6,6,12.333333333333334,0,graduado
Administración,1,vespertina,110.0,134.3,0,1,0,24,10.8,1.4,1.74,0,5,10,0,0.0,0,abandono
Enfermería,1,diurna,148.0,137.5,0,1,0,18,16.2,0.3,-0.92,0,7,7,7,14.842857142857143,0,graduado
Enfermería,1,diurna,137.0,125.3,0,1,0,19,7.6,2.6,0.32,0,7,7,7,12.2,0,continua_matriculado
Administración,1,diurna,120.0,111.3,0,1,1,18,15.5,2.8,-4.06,0,5,10,4,10.8,0,continua_matriculado
Administración,9,vespertina,120.0,144.8,0,1,0,28,10.8,1.4,1.74,0,5,7,4,12.75,0,continua_matriculado
Administración,1,vespertina,130.0,152.1,0,1,0,28,11.1,0.6,2.02,0,5,13,2,11.0,0,abandono
Turismo,1,diurna,132.0,126.1,0,1,0,20,7.6,2.6,0.32,0,6,9,4,10.75,0,abandono
Enfermería,1,diurna,130.0,136.0,0,1,0,22,9.4,-0.8,-3.12,0,8,9,8,12.55375,1,graduado
Enfermería,4,diurna,128.0,124.3,0,1,0,19,10.8,1.4,1.74,0,8,8,7,12.665714285714284,0,graduado
Gestión de publicidad y marketing,1,diurna,132.0,129.9,0,1,0,20,12.4,0.5,1.79,0,6,10,6,12.714285714285714,0,continua_matriculado
Higiene oral,2,diurna,133.1,136.1,0,1,0,26,12.4,0.5,1.79,0,7,7,2,11.75,0,abandono
Turismo,2,diurna,120.0,115.1,0,0,0,21,9.4,-0.8,-3.12,0,6,11,3,11.0,0,abandono
Diseño de animación y multimedia,2,diurna,145.0,143.6,0,1,0,18,12.4,0.5,1.79,0,0,0,0,0.0,0,graduado
Administración,1,diurna,127.0,115.8,0,1,0,18,11.1,0.6,2.02,0,5,5,5,13.4,0,graduado
Diseño de animación y multimedia,2,diurna,135.0,149.0,0,1,0,22,11.1,0.6,2.02,14,17,21,17,12.578947368421051,0,graduado
Ingeniería informática,1,diurna,133.1,100.0,0,1,0,36,16.2,0.3,-0.92,0,5,0,0,0.0,0,abandono
Periodismo y comunicación,1,diurna,125.0,133.4,0,1,1,20,13.9,-0.3,0.79,0,6,8,6,12.0,0,graduado
Gestión de publicidad y marketing,5,diurna,127.0,122.8,0,1,0,20,10.8,1.4,1.74,0,6,6,3,12.333333333333334,0,abandono
Administración,1,vespertina,133.1,151.2,0,1,0,25,12.4,0.5,1.79,0,5,11,4,11.5,0,abandono
Agronomía,1,diurna,150.0,137.0,0,1,0,35,15.5,2.8,-4.06,1,6,7,5,12.8,0,graduado
Diseño de animación y multimedia,1,diurna,133.1,118.0,0,1,0,22,11.1,0.6,2.02,0,0,0,0,0.0,0,abandono
Diseño de comunicación,1,diurna,150.0,126.4,0,1,0,26,12.4,0.5,1.79,5,7,8,7,13.285714285714286,0,continua_matriculado
Agronomía,1,diurna,130.0,130.0,1,0,0,20,16.2,0.3,-0.92,0,6,16,4,11.8,0,abandono
Servicio social,1,vespertina,133.1,112.5,0,1,0,50,16.2,0.3,-0.92,6,13,13,6,11.333333333333334,0,abandono
Enfermería,1,diurna,125.0,118.3,0,1,0,20,10.8,1.4,1.74,0,8,12,5,12.002,1,abandono
Enfermería,1,diurna,127.0,121.4,0,1,0,20,12.4,0.5,1.79,0,7,10,5,13.976666666666668,0,continua_matriculado
Agronomía,1,diurna,140.0,140.0,0,0,0,35,15.5,2.8,-4.06,0,6,10,5,15.2,0,abandono
Gestión de publicidad y marketing,1,diurna,110.0,109.0,0,1,1,19,15.5,2.8,-4.06,0,6,7,6,13.142857142857142,0,graduado
Administración,2,diurna,133.1,110.0,0,1,0,43,9.4,-0.8,-3.12,0,5,14,0,0.0,1,abandono
Enfermería,5,diurna,124.0,119.8,0,1,0,19,10.8,1.4,1.74,0,8,11,7,13.867142857142856,0,graduado
Enfermería,1,diurna,114.0,130.0,0,1,0,25,12.7,3.7,-1.7,0,8,11,6,12.675,0,graduado
Diseño de animación y multimedia,1,diurna,155.0,167.3,0,1,0,19,13.9,-0.3,0.79,0,0,0,0,0.0,0,graduado
Educación básica,2,diurna,114.0,111.9,0,1,1,20,7.6,2.6,0.32,0,6,6,6,12.0,0,continua_matriculado
Diseño de animación y multimedia,1,diurna,133.1,136.0,0,1,0,22,12.7,3.7,-1.7,0,0,0,0,0.0,0,abandono
Turismo,1,diurna,125.0,124.0,0,1,1,19,11.1,0.6,2.02,0,6,7,6,11.0,0,abandono
Administración,1,vespertina,120.0,132.9,0,1,0,32,13.9,-0.3,0.79,0,5,11,4,10.75,0,abandono
Periodismo y comunicación,1,diurna,100.0,154.0,0,1,0,57,9.4,-0.8,-3.12,0,6,7,5,14.2,0,graduado
Enfermería,1,diurna,133.1,115.0,0,0,0,20,16.2,0.3,-0.92,0,7,11,4,12.6,0,abandono
Administración,1,vespertina,120.0,96.0,0,0,0,38,8.9,1.4,3.51,0,5,5,0,0.0,0,abandono
Administración,1,vespertina,120.0,168.2,0,1,0,45,12.4,0.5,1.79,0,5,6,5,14.0,0,graduado
Periodismo y comunicación,1,diurna,110.0,140.0,1,0,0,43,10.8,1.4,1.74,0,6,16,2,10.0,0,abandono
Diseño de comunicación,4,diurna,144.0,137.4,0,1,0,19,10.8,1.4,1.74,0,6,6,6,13.833333333333334,0,graduado
Administración,1,vespertina,133.1,150.0,0,0,0,49,15.5,2.8,-4.06,0,5,8,2,11.0,0,abandono
Enfermería,1,diurna,133.1,100.5,0,1,0,43,10.8,1.4,1.74,0,8,8,7,11.635714285714286,0,continua_matriculado
Servicio social,1,vespertina,133.1,148.5,0,1,0,34,11.1,0.6,2.02,0,6,6,4,12.25,0,abandono
Ingeniería informática,5,diurna,138.0,123.3,1,1,0,18,12.4,0.5,1.79,0,5,9,4,12.5,0,continua_matriculado
Administración,1,vespertina,120.0,138.7,0,1,0,43,10.8,1.4,1.74,0,5,5,5,13.8,0,graduado
Turismo,2,diurna,120.0,117.2,0,1,0,21,15.5,2.8,-4.06,0,6,8,3,12.0,0,abandono
Administración,1,vespertina,160.0,114.3,0,1,0,40,7.6,2.6,0.32,0,5,9,3,11.0,0,continua_matriculado
Gestión de publicidad y marketing,1,diurna,134.0,125.3,0,1,1,19,10.8,1.4,1.74,0,6,7,4,13.75,0,graduado
Turismo,1,diurna,133.1,97.0,0,1,0,27,10.8,1.4,1.74,0,6,6,6,10.666666666666666,0,continua_matriculado
Higiene oral,1,diurna,110.0,140.0,0,1,0,43,16.2,0.3,-0.92,0,7,7,0,0.0,0,abandono
Administración,1,vespertina,130.0,124.0,0,1,0,31,9.4,-0.8,-3.12,1,5,6,5,13.833333333333334,0,graduado
Agronomía,1,diurna,140.0,140.0,1,1,0,26,8.9,1.4,3.51,0,6,6,0,0.0,0,continua_matriculado
Administración,1,vespertina,150.0,127.0,0,1,0,34,8.9,1.4,3.51,0,5,5,5,15.8,0,graduado
Enfermería,1,diurna,100.0,110.0,0,1,0,30,7.6,2.6,0.32,11,14,26,12,12.52608695652174,1,graduado
Enfermería,1,diurna,133.1,170.0,0,1,0,36,16.2,0.3,-0.92,0,7,9,6,12.783333333333331,0,abandono
Administración,1,vespertina,120.0,120.0,1,0,0,46,11.1,0.6,2.02,0,5,5,0,0.0,0,abandono
Enfermería veterinaria,1,diurna,133.1,130.0,0,1,0,22,7.6,2.6,0.32,0,5,8,3,13.0,0,graduado
Agronomía,1,diurna,130.0,130.0,0,1,0,27,16.2,0.3,-0.92,0,6,8,0,0.0,0,abandono
Ingeniería informática,2,diurna,126.0,122.5,0,1,0,20,8.9,1.4,3.51,0,5,7,5,10.8,0,continua_matriculado
Administración,1,diurna,130.0,115.7,0,1,0,20,8.9,1.4,3.51,0,5,7,5,11.0,0,continua_matriculado
Ingeniería informática,1,diurna,140.0,120.0,1,0,0,31,12.7,3.7,-1.7,0,4,4,0,0.0,0,abandono
Ingeniería informática,1,diurna,140.0,166.0,1,1,0,20,9.4,-0.8,-3.12,0,5,7,0,0.0,0,continua_matriculado
Periodismo y comunicación,1,diurna,145.0,132.8,0,0,0,21,10.8,1.4,1.74,0,6,10,2,12.0,0,abandono
Administración,1,diurna,133.1,100.0,0,1,0,21,16.2,0.3,-0.92,0,5,7,4,10.75,0,abandono
Administración,1,diurna,127.0,121.8,0,1,0,19,16.2,0.3,-0.92,0,5,8,5,11.6,0,graduado
Administración,4,diurna,114.0,109.5,0,1,1,20,8.9,1.4,3.51,0,5,6,5,11.8,0,graduado
Agronomía,1,diurna,140.0,138.3,0,1,0,18,12.4,0.5,1.79,0,6,7,6,16.0,0,graduado
Periodismo y comunicación,2,diurna,140.0,131.6,0,1,1,18,16.2,0.3,-0.92,0,6,6,6,12.666666666666666,0,graduado
Enfermería,1,diurna,120.0,125.3,1,1,0,30,12.4,0.5,1.79,0,7,12,4,14.4,0,continua_matriculado
Turismo,1,diurna,133.1,101.5,1,0,0,34,15.5,2.8,-4.06,0,6,6,0,0.0,0,abandono
Gestión de publicidad y marketing,1,diurna,115.0,109.1,1,0,0,21,11.1,0.6,2.02,0,6,11,4,12.25,0,continua_matriculado
Diseño de comunicación,1,diurna,123.9,123.9,0,1,0,20,16.2,0.3,-0.92,2,7,9,5,12.6,0,abandono
Enfermería,1,diurna,157.0,143.0,0,1,0,18,12.7,3.7,-1.7,0,8,8,7,13.4,0,graduado
Diseño de animación y multimedia,1,diurna,127.0,126.3,1,1,0,21,16.2,0.3,-0.92,0,0,0,0,0.0,0,abandono
Agronomía,1,diurna,120.0,113.3,0,1,0,26,12.4,0.5,1.79,0,6,9,1,10.0,0,abandono
Ingeniería informática,1,diurna,130.0,119.9,1,1,0,20,9.4,-0.8,-3.12,0,5,5,0,0.0,0,abandono
Agronomía,1,diurna,140.0,140.0,0,1,0,25,15.5,2.8,-4.06,0,6,16,3,11.25,0,abandono
Gestión de publicidad y marketing,1,diurna,109.0,108.0,0,1,0,19,7.6,2.6,0.32,0,5,10,0,0.0,0,continua_matriculado
Administración,2,diurna,143.0,100.0,0,1,0,24,9.4,-0.8,-3.12,0,5,8,3,10.666666666666666,1,abandono
Equinocultura,1,diurna,125.0,132.4,0,1,0,20,7.6,2.6,0.32,0,5,7,4,11.75,0,graduado
Administración,1,diurna,136.0,137.1,0,1,0,20,12.7,3.7,-1.7,0,5,5,0,0.0,0,abandono
Diseño de comunicación,3,diurna,157.0,138.1,0,1,0,18,10.8,1.4,1.74,0,6,6,6,12.666666666666666,0,graduado
Higiene oral,1,diurna,160.0,130.0,0,1,0,25,12.7,3.7,-1.7,0,7,14,7,11.95,0,continua_matriculado
Turismo,1,diurna,116.0,109.7,0,1,0,22,11.1,0.6,2.02,0,6,7,5,14.0,0,graduado
Servicio social,1,vespertina,113.0,128.2,0,0,0,41,9.4,-0.8,-3.12,0,6,6,0,0.0,6,abandono
Administración,2,diurna,130.0,117.8,1,1,1,19,12.7,3.7,-1.7,0,5,11,2,11.5,0,abandono
Equinocultura,1,diurna,150.0,150.0,0,1,0,21,13.9,-0.3,0.79,0,6,10,6,12.0,0,graduado
Enfermería veterinaria,1,diurna,110.0,160.0,1,1,0,30,13.9,-0.3,0.79,0,6,7,6,16.428571428571427,0,abandono
Enfermería,5,diurna,101.0,104.5,0,1,1,21,11.1,0.6,2.02,0,7,9,5,13.336000000000002,0,graduado
Higiene oral,2,diurna,110.0,112.8,0,1,1,26,10.8,1.4,1.74,0,7,7,0,0.0,0,continua_matriculado
Gestión de publicidad y marketing,1,diurna,133.1,100.0,0,1,0,21,11.1,0.6,2.02,2,7,9,7,14.666666666666666,0,graduado
Enfermería,1,diurna,138.0,132.5,0,1,0,18,10.8,1.4,1.74,0,8,8,7,14.115714285714288,0,graduado
Enfermería veterinaria,4,diurna,138.0,123.3,0,1,1,19,12.4,0.5,1.79,0,6,7,6,14.857142857142858,0,graduado
Enfermería veterinaria,2,diurna,141.0,128.9,0,1,1,18,8.9,1.4,3.51,0,6,7,6,13.833333333333334,0,graduado
Administración,2,diurna,129.0,128.3,0,1,0,19,12.7,3.7,-1.7,0,5,10,3,11.0,0,continua_matriculado
Enfermería veterinaria,1,diurna,127.0,100.0,0,1,0,21,13.9,-0.3,0.79,0,6,11,4,11.75,0,continua_matriculado
Administración,2,diurna,133.0,120.1,0,1,1,18,13.9,-0.3,0.79,0,5,15,2,10.0,0,abandono
Enfermería,1,diurna,100.0,160.0,0,1,1,24,10.8,1.4,1.74,0,8,15,6,12.415,0,graduado
Equinocultura,1,diurna,138.0,123.0,0,1,0,21,12.7,3.7,-1.7,0,5,12,1,11.0,0,continua_matriculado
Enfermería veterinaria,1,diurna,150.0,150.0,0,1,0,23,16.2,0.3,-0.92,1,6,14,5,14.428571428571429,0,graduado
Enfermería,2,diurna,129.0,124.0,0,1,1,18,10.8,1.4,1.74,0,8,8,7,14.312857142857142,0,graduado
Enfermería veterinaria,1,diurna,130.0,120.0,0,0,0,26,11.1,0.6,2.02,0,6,8,6,15.428571428571429,0,continua_matriculado
Equinocultura,1,diurna,133.0,120.4,0,1,0,20,9.4,-0.8,-3.12,0,5,9,4,12.0,1,graduado
Servicio social,1,diurna,133.0,131.6,0,1,0,18,11.1,0.6,2.02,0,6,7,6,13.833333333333334,0,graduado
Servicio social,1,diurna,107.0,104.2,0,1,0,20,11.1,0.6,2.02,0,6,6,6,12.166666666666666,0,graduado
Enfermería,1,diurna,131.0,122.0,0,1,0,20,12.7,3.7,-1.7,0,8,8,7,14.014285714285714,0,continua_matriculado
Servicio social,2,diurna,118.0,110.7,0,1,0,18,12.7,3.7,-1.7,0,6,15,2,10.333333333333334,3,continua_matriculado
Periodismo y comunicación,4,diurna,136.0,121.7,0,1,1,22,12.4,0.5,1.79,0,6,7,5,13.2,0,graduado
Enfermería,1,diurna,125.0,126.0,1,1,0,20,7.6,2.6,0.32,0,7,7,6,15.4,0,graduado
Enfermería,4,diurna,137.0,128.4,0,1,1,19,13.9,-0.3,0.79,0,7,7,7,13.385714285714286,0,graduado
Equinocultura,1,diurna,144.0,134.9,1,1,0,18,15.5,2.8,-4.06,0,6,13,6,10.857142857142858,0,abandono
Administración,2,diurna,146.0,143.9,0,1,0,18,13.9,-0.3,0.79,0,5,11,5,11.333333333333334,0,graduado
Enfermería veterinaria,4,diurna,145.0,145.0,0,1,1,19,10.8,1.4,1.74,0,5,7,4,14.5,0,graduado
Diseño de comunicación,2,diurna,126.0,132.0,0,1,1,19,10.8,1.4,1.74,0,6,6,6,14.166666666666666,0,graduado
Servicio social,1,vespertina,141.0,136.1,0,1,0,24,7.6,2.6,0.32,0,6,7,6,12.833333333333334,0,graduado
Servicio social,1,diurna,141.0,138.9,0,1,0,21,10.8,1.4,1.74,0,6,7,6,13.333333333333334,0,graduado
Servicio social,1,diurna,133.1,102.0,0,1,1,20,11.1,0.6,2.02,0,6,7,6,13.666666666666666,0,graduado
Turismo,1,diurna,133.1,123.0,1,0,1,28,13.9,-0.3,0.79,0,6,6,6,10.833333333333334,0,abandono
Educación básica,2,diurna,127.0,137.5,0,1,0,21,7.6,2.6,0.32,0,6,7,6,13.428571428571429,0,graduado
Enfermería,1,diurna,106.0,102.2,1,1,0,20,11.1,0.6,2.02,0,7,7,7,12.401428571428571,0,continua_matriculado
Agronomía,1,diurna,130.0,105.3,0,0,0,36,16.2,0.3,-0.92,0,6,8,0,0.0,0,abandono
Administración,1,vespertina,110.0,130.0,0,0,0,42,12.7,3.7,-1.7,0,4,4,0,0.0,0,abandono
Administración,1,vespertina,150.0,122.5,0,1,0,47,7.6,2.6,0.32,0,5,9,4,11.5,0,abandono
Ingeniería informática,1,diurna,160.0,112.0,0,0,0,25,9.4,-0.8,-3.12,0,5,8,0,0.0,0,abandono
Gestión de publicidad y marketing,1,diurna,170.0,110.0,0,1,1,25,15.5,2.8,-4.06,0,6,8,6,14.142857142857142,0,graduado
Servicio social,1,vespertina,133.1,149.5,0,1,0,48,12.4,0.5,1.79,0,6,6,0,0.0,0,abandono
Administración,1,vespertina,120.0,141.0,0,1,1,32,10.8,1.4,1.74,5,10,12,10,13.8,0,graduado
Administración,1,vespertina,130.0,130.0,0,1,0,38,8.9,1.4,3.51,10,10,10,10,13.6,0,abandono
Servicio social,1,diurna,130.0,130.0,0,1,0,37,15.5,2.8,-4.06,11,16,23,15,11.733333333333333,0,graduado
Administración,2,diurna,120.0,104.0,0,0,0,26,10.8,1.4,1.74,0,5,8,1,10.0,0,abandono
Enfermería veterinaria,1,diurna,110.0,110.0,0,1,0,23,13.9,-0.3,0.79,0,6,19,0,0.0,0,abandono
Agronomía,1,diurna,120.0,120.0,0,1,0,23,15.5,2.8,-4.06,0,6,6,0,0.0,0,continua_matriculado
Agronomía,1,diurna,130.0,130.0,0,1,0,20,12.4,0.5,1.79,0,6,12,4,10.8,0,continua_matriculado
Enfermería,1,diurna,150.0,127.0,0,1,0,26,11.1,0.6,2.02,2,7,8,6,13.046666666666669,0,abandono
Servicio social,1,vespertina,120.0,100.0,0,1,0,45,12.7,3.7,-1.7,5,9,13,8,11.0,0,continua_matriculado
Servicio social,1,vespertina,100.0,111.0,0,1,1,26,7.6,2.6,0.32,0,6,10,3,12.333333333333334,0,continua_matriculado
Servicio social,1,vespertina,133.1,130.0,0,1,0,26,7.6,2.6,0.32,8,11,16,10,11.8,0,graduado
Administración,1,vespertina,130.0,130.1,0,1,0,25,10.8,1.4,1.74,0,5,8,3,11.0,0,continua_matriculado
Enfermería,4,diurna,145.0,127.5,0,1,0,18,9.4,-0.8,-3.12,0,8,8,8,13.11,0,graduado
Enfermería,1,diurna,130.0,130.0,0,1,0,27,12.7,3.7,-1.7,0,8,8,7,14.414285714285716,0,graduado
Servicio social,3,vespertina,115.0,115.0,0,0,0,24,10.8,1.4,1.74,0,5,5,0,0.0,0,abandono
Administración,1,diurna,124.0,126.8,0,1,0,20,15.5,2.8,-4.06,0,5,8,5,12.333333333333334,0,graduado
Enfermería,1,diurna,124.0,116.7,0,1,1,18,15.5,2.8,-4.06,0,7,9,0,0.0,0,abandono
Higiene oral,6,diurna,134.0,128.5,0,1,1,18,12.7,3.7,-1.7,0,7,9,7,14.1,0,graduado
Enfermería,4,diurna,137.0,127.5,0,1,0,18,9.4,-0.8,-3.12,0,8,8,8,13.045,0,graduado
Enfermería,1,diurna,124.0,117.5,0,1,0,19,9.4,-0.8,-3.12,0,8,10,5,12.858,3,continua_matriculado
Enfermería,3,diurna,136.0,148.8,0,1,1,19,9.4,-0.8,-3.12,0,8,8,8,14.2525,0,graduado
Enfermería,4,diurna,126.0,120.2,0,1,1,19,12.4,0.5,1.79,0,7,9,5,14.06,0,continua_matriculado
Enfermería,4,diurna,142.0,127.3,0,1,0,18,10.8,1.4,1.74,0,8,8,7,15.075714285714286,0,graduado
Diseño de animación y multimedia,2,diurna,141.0,136.1,0,1,1,18,12.7,3.7,-1.7,0,0,0,0,0.0,0,continua_matriculado
Gestión de publicidad y marketing,2,diurna,129.0,122.4,0,1,0,19,12.7,3.7,-1.7,0,5,5,4,13.75,0,continua_matriculado
Agronomía,0,diurna,130.0,130.0,0,1,0,23,15.5,2.8,-4.06,10,17,28,17,13.15,2,graduado
Servicio social,2,diurna,136.0,121.7,0,1,1,21,13.9,-0.3,0.79,0,6,9,5,12.333333333333334,0,graduado
Enfermería,3,diurna,137.0,122.7,0,1,1,18,16.2,0.3,-0.92,0,7,8,7,13.778571428571428,0,graduado
Educación básica,1,diurna,125.0,129.2,1,0,0,20,10.8,1.4,1.74,0,6,12,3,10.333333333333334,0,abandono
Periodismo y comunicación,1,diurna,119.0,105.0,0,1,0,23,16.2,0.3,-0.92,0,6,11,3,11.333333333333334,0,continua_matriculado
Servicio social,1,diurna,132.0,129.9,0,1,0,20,10.8,1.4,1.74,0,6,7,5,13.2,0,continua_matriculado
Diseño de comunicación,1,diurna,152.0,136.3,0,1,1,18,13.9,-0.3,0.79,1,6,8,6,13.571428571428571,1,graduado
Servicio social,1,vespertina,125.0,114.9,0,1,0,29,9.4,-0.8,-3.12,8,11,14,11,12.75,0,graduado
Periodismo y comunicación,1,diurna,133.1,102.0,0,1,0,28,7.6,2.6,0.32,0,6,11,3,13.0,0,abandono
Gestión de publicidad y marketing,3,diurna,120.0,111.3,0,1,0,19,9.4,-0.8,-3.12,0,5,7,3,11.333333333333334,0,continua_matriculado
Gestión de publicidad y marketing,1,diurna,148.0,130.9,1,0,0,24,10.8,1.4,1.74,0,6,12,0,0.0,0,abandono
Diseño de animación y multimedia,1,diurna,133.1,100.0,1,1,1,33,15.5,2.8,-4.06,0,0,0,0,0.0,0,abandono
Administración,1,diurna,115.0,112.9,0,0,0,19,9.4,-0.8,-3.12,0,5,7,2,12.5,0,abandono
Enfermería veterinaria,1,diurna,120.0,112.7,0,1,0,19,11.1,0.6,2.02,0,6,7,6,14.857142857142858,0,graduado
Servicio social,1,vespertina,133.1,143.0,0,1,0,37,12.7,3.7,-1.7,3,9,13,8,12.0,0,graduado
Diseño de animación y multimedia,1,diurna,168.0,155.1,1,0,1,18,12.7,3.7,-1.7,0,0,0,0,0.0,0,graduado
Administración,1,vespertina,130.0,127.6,0,1,0,29,7.6,2.6,0.32,0,5,5,0,0.0,0,continua_matriculado
Enfermería,1,diurna,133.1,146.6,0,1,0,37,13.9,-0.3,0.79,0,7,8,7,12.828571428571427,0,graduado
Enfermería,1,diurna,137.0,141.0,0,1,0,36,12.4,0.5,1.79,0,7,0,0,0.0,0,abandono
Gestión de publicidad y marketing,2,diurna,123.0,120.6,0,1,0,19,8.9,1.4,3.51,0,6,6,6,13.333333333333334,0,graduado
Enfermería,1,diurna,150.0,110.0,0,1,1,33,9.4,-0.8,-3.12,6,14,20,14,13.072857142857144,6,graduado
Ingeniería informática,1,diurna,120.0,108.6,0,0,0,34,15.5,2.8,-4.06,2,7,13,5,12.0,0,abandono
Turismo,1,diurna,145.0,134.9,0,1,0,18,12.4,0.5,1.79,0,6,6,6,15.5,0,graduado
Equinocultura,1,diurna,120.0,120.0,0,1,0,20,12.4,0.5,1.79,0,6,6,0,0.0,0,abandono
Periodismo y comunicación,1,diurna,142.0,141.3,0,1,1,19,13.9,-0.3,0.79,0,6,7,6,14.714285714285714,0,graduado
Enfermería veterinaria,3,diurna,147.0,135.6,0,1,0,20,13.9,-0.3,0.79,0,6,7,6,16.714285714285715,0,graduado
Servicio social,1,diurna,125.0,121.5,0,1,1,19,12.4,0.5,1.79,0,6,9,6,10.857142857142858,0,graduado
Enfermería,4,diurna,126.0,125.0,0,1,0,19,12.4,0.5,1.79,0,7,8,6,11.658333333333331,0,graduado
Periodismo y comunicación,2,diurna,132.0,119.1,0,1,1,22,9.4,-0.8,-3.12,0,6,8,5,11.6,0,graduado
Gestión de publicidad y marketing,1,diurna,122.0,126.6,0,1,0,18,11.1,0.6,2.02,0,6,8,6,14.625,0,continua_matriculado
Periodismo y comunicación,1,diurna,123.0,116.7,0,1,1,18,12.4,0.5,1.79,0,6,6,6,12.166666666666666,0,graduado
Enfermería,3,diurna,126.0,120.1,0,1,0,19,12.4,0.5,1.79,0,7,12,4,13.375,0,continua_matriculado
Educación básica,1,diurna,128.0,124.9,0,1,1,19,12.7,3.7,-1.7,0,6,6,6,12.5,0,graduado
Enfermería,1,diurna,100.0,114.0,1,0,0,31,7.6,2.6,0.32,0,7,8,5,12.56,0,abandono
Enfermería,5,diurna,140.0,131.1,0,1,0,18,11.1,0.6,2.02,0,7,7,7,13.19,0,graduado
Servicio social,1,diurna,145.0,129.3,1,1,1,19,10.8,1.4,1.74,0,6,11,3,11.0,0,graduado
Diseño de animación y multimedia,1,diurna,143.0,129.7,0,1,0,18,13.9,-0.3,0.79,0,0,0,0,0.0,0,graduado
Servicio social,1,diurna,132.0,120.8,0,1,1,19,15.5,2.8,-4.06,0,6,11,5,11.6,0,graduado
Enfermería,1,diurna,130.0,135.0,0,1,0,19,7.6,2.6,0.32,0,7,7,6,14.266666666666666,0,graduado
Administración,1,diurna,129.0,117.8,0,1,1,19,10.8,1.4,1.74,0,5,6,4,11.0,0,continua_matriculado
Servicio social,1,vespertina,124.4,130.0,0,1,0,30,7.6,2.6,0.32,8,10,11,9,12.666666666666666,0,graduado
Periodismo y comunicación,1,diurna,127.0,117.6,0,1,0,18,16.2,0.3,-0.92,0,6,6,0,0.0,0,continua_matriculado
Enfermería,6,diurna,144.0,130.8,0,1,0,18,12.7,3.7,-1.7,0,8,11,7,12.771428571428572,0,graduado
Enfermería veterinaria,5,diurna,121.0,111.9,0,1,0,21,12.7,3.7,-1.7,0,5,12,0,0.0,3,abandono
Servicio social,1,diurna,150.0,145.9,0,1,1,19,13.9,-0.3,0.79,3,6,6,6,15.5,0,graduado
Gestión de publicidad y marketing,1,diurna,115.0,109.1,0,1,1,19,12.4,0.5,1.79,0,6,7,6,13.285714285714286,0,continua_matriculado
Enfermería,5,diurna,125.0,120.3,0,1,0,19,13.9,-0.3,0.79,0,7,11,5,11.716666666666669,0,continua_matriculado
Equinocultura,1,diurna,117.0,113.5,0,1,0,19,8.9,1.4,3.51,0,6,8,6,11.333333333333334,0,abandono
Gestión de publicidad y marketing,2,diurna,121.0,135.4,0,1,1,19,8.9,1.4,3.51,0,6,6,6,13.333333333333334,0,graduado
Administración,1,vespertina,140.0,130.2,0,1,1,39,16.2,0.3,-0.92,0,5,13,4,12.333333333333334,0,graduado
Diseño de comunicación,2,diurna,129.0,136.4,0,1,0,18,7.6,2.6,0.32,0,6,6,6,12.333333333333334,0,continua_matriculado
Diseño de animación y multimedia,1,diurna,130.0,126.9,0,1,0,20,12.7,3.7,-1.7,0,0,0,0,0.0,0,abandono
Administración,5,diurna,131.0,119.8,0,1,0,19,8.9,1.4,3.51,0,5,8,5,12.6,0,graduado
Administración,3,diurna,137.0,124.4,0,1,0,18,11.1,0.6,2.02,0,5,5,5,12.6,0,continua_matriculado
Agronomía,1,diurna,150.0,120.0,1,0,0,34,11.1,0.6,2.02,1,6,10,6,14.333333333333334,0,continua_matriculado
Gestión de publicidad y marketing,2,diurna,117.0,111.8,0,1,0,22,7.6,2.6,0.32,0,5,8,3,12.0,0,continua_matriculado
Enfermería veterinaria,1,diurna,133.1,130.0,0,1,0,24,13.9,-0.3,0.79,0,6,7,6,14.857142857142858,0,graduado
Administración,1,diurna,130.0,138.0,0,1,0,34,7.6,2.6,0.32,12,15,17,12,11.916666666666666,0,graduado
Administración,1,vespertina,110.0,114.6,0,1,0,46,7.6,2.6,0.32,0,5,5,0,0.0,0,abandono
Administración,2,diurna,140.0,108.0,0,1,0,50,9.4,-0.8,-3.12,0,5,12,3,13.333333333333334,1,continua_matriculado
Administración,1,vespertina,140.0,140.0,0,0,0,37,15.5,2.8,-4.06,0,5,5,0,0.0,0,abandono
Enfermería veterinaria,2,diurna,148.0,134.7,0,1,0,18,8.9,1.4,3.51,0,6,6,6,17.0,0,graduado
Enfermería veterinaria,1,diurna,130.0,110.0,0,1,1,25,11.1,0.6,2.02,0,6,13,3,11.666666666666666,0,continua_matriculado
Agronomía,1,diurna,140.0,104.8,0,1,0,46,15.5,2.8,-4.06,14,19,24,19,12.210526315789474,0,graduado
Diseño de comunicación,1,diurna,160.0,126.5,0,1,1,30,13.9,-0.3,0.79,1,6,8,6,13.0,1,graduado
Administración,1,vespertina,130.0,118.1,1,0,0,37,12.7,3.7,-1.7,0,5,0,0,0.0,0,abandono
Administración,1,vespertina,120.0,119.9,0,1,0,50,12.7,3.7,-1.7,0,5,9,2,10.5,0,continua_matriculado
Agronomía,1,diurna,160.0,160.0,0,1,0,20,12.4,0.5,1.79,0,6,7,6,13.571428571428571,0,graduado
Higiene oral,2,diurna,133.1,100.5,0,1,0,39,11.1,0.6,2.02,0,3,7,1,14.0,0,abandono
Periodismo y comunicación,1,diurna,133.1,110.0,0,0,0,53,15.5,2.8,-4.06,0,5,5,0,0.0,0,abandono
Administración,1,diurna,100.0,100.0,0,1,0,54,15.5,2.8,-4.06,13,15,20,13,12.461538461538462,1,abandono
Enfermería veterinaria,1,diurna,140.0,140.0,0,1,0,19,13.9,-0.3,0.79,0,6,8,4,14.4,0,graduado
Periodismo y comunicación,2,diurna,109.0,109.0,0,0,0,20,8.9,1.4,3.51,0,6,6,0,0.0,0,abandono
Periodismo y comunicación,3,diurna,130.0,120.9,1,1,0,18,8.9,1.4,3.51,0,6,6,6,14.333333333333334,0,graduado
Agronomía,1,diurna,130.0,125.8,1,1,0,21,8.9,1.4,3.51,7,13,21,11,11.909090909090908,0,graduado
Diseño de comunicación,3,diurna,164.0,161.2,0,1,0,18,13.9,-0.3,0.79,1,6,8,6,13.714285714285714,1,graduado
Enfermería,1,diurna,125.0,122.0,1,1,0,19,11.1,0.6,2.02,0,7,0,0,0.0,0,abandono
Enfermería,1,diurna,137.0,127.9,0,1,1,18,11.1,0.6,2.02,0,7,10,5,13.46,0,abandono
Periodismo y comunicación,1,diurna,133.0,135.8,0,1,0,19,11.1,0.6,2.02,0,6,6,6,15.0,0,graduado
Diseño de animación y multimedia,1,diurna,163.0,149.7,0,1,1,18,13.9,-0.3,0.79,0,0,0,0,0.0,0,abandono
Gestión de publicidad y marketing,2,diurna,160.0,137.3,0,1,0,19,12.7,3.7,-1.7,0,6,7,5,13.4,0,graduado
Servicio social,1,vespertina,133.1,106.0,0,1,0,48,7.6,2.6,0.32,0,6,9,5,13.0,0,continua_matriculado
Servicio social,1,diurna,120.0,110.0,1,1,0,34,13.9,-0.3,0.79,0,6,13,4,11.25,0,graduado
Enfermería veterinaria,1,diurna,140.0,146.4,0,1,0,18,7.6,2.6,0.32,0,5,5,5,12.6,0,graduado
Servicio social,1,vespertina,140.0,121.0,0,1,0,50,10.8,1.4,1.74,0,6,8,6,12.666666666666666,0,graduado
Educación básica,1,diurna,140.0,125.2,1,1,0,41,12.4,0.5,1.79,20,21,23,21,12.333333333333334,0,graduado
Periodismo y comunicación,2,diurna,115.0,119.6,0,1,1,22,7.6,2.6,0.32,0,6,11,5,12.0,0,abandono
Administración,1,diurna,140.0,142.8,0,1,0,43,7.6,2.6,0.32,0,5,5,5,16.4,0,graduado
Servicio social,1,vespertina,133.1,123.5,0,1,0,50,10.8,1.4,1.74,0,1,1,0,0.0,1,abandono
Agronomía,1,diurna,133.1,100.0,0,1,0,60,13.9,-0.3,0.79,0,6,10,6,12.75,0,graduado
Administración,1,diurna,110.0,140.0,0,1,0,41,9.4,-0.8,-3.12,0,5,14,4,14.5,1,continua_matriculado
Administración,1,vespertina,133.1,150.3,0,1,0,47,7.6,2.6,0.32,0,5,5,5,14.8,0,graduado
Diseño de animación y multimedia,1,diurna,116.0,128.2,0,1,0,22,11.1,0.6,2.02,12,17,22,17,10.36842105263158,0,graduado
Enfermería,1,diurna,110.0,114.3,0,1,0,41,10.8,1.4,1.74,0,7,0,0,0.0,0,abandono
Administración,1,vespertina,140.0,117.3,0,1,0,28,7.6,2.6,0.32,6,10,15,6,10.666666666666666,0,continua_matriculado
Turismo,1,diurna,120.0,120.0,0,1,0,32,10.8,1.4,1.74,9,15,21,13,12.692307692307692,0,graduado
Administración,1,vespertina,133.1,110.7,0,1,0,50,7.6,2.6,0.32,0,5,0,0,0.0,0,abandono
Administración,1,diurna,160.0,118.0,0,1,0,53,8.9,1.4,3.51,14,15,15,15,11.8,0,continua_matriculado
Higiene oral,1,diurna,133.1,169.2,1,0,0,54,12.4,0.5,1.79,0,7,7,0,0.0,0,abandono
Servicio social,1,vespertina,120.0,106.8,0,1,0,49,13.9,-0.3,0.79,0,6,9,5,12.333333333333334,0,continua_matriculado
Educación básica,1,diurna,133.1,100.0,0,1,0,34,12.7,3.7,-1.7,6,12,18,11,13.0,0,abandono
Servicio social,1,vespertina,133.1,144.5,0,1,0,45,16.2,0.3,-0.92,0,6,13,4,12.5,0,abandono
Servicio social,1,vespertina,133.1,134.5,0,1,1,47,12.4,0.5,1.79,0,6,8,5,12.2,0,graduado
Servicio social,1,diurna,122.0,114.3,0,1,0,22,9.4,-0.8,-3.12,5,10,15,8,11.0,0,continua_matriculado
Administración,1,vespertina,133.1,113.4,0,1,0,33,12.4,0.5,1.79,0,5,14,1,10.0,0,abandono
Servicio social,1,vespertina,140.0,128.0,0,1,1,43,8.9,1.4,3.51,0,6,7,6,12.333333333333334,0,graduado
Agronomía,1,diurna,120.0,120.0,0,1,0,54,15.5,2.8,-4.06,9,13,13,13,14.307692307692308,0,graduado
Servicio social,1,vespertina,130.0,147.5,0,1,0,39,12.7,3.7,-1.7,7,11,13,11,14.454545454545457,0,graduado
Administración,1,vespertina,120.0,120.7,0,1,0,39,7.6,2.6,0.32,0,5,6,5,11.0,0,graduado
Educación básica,1,diurna,153.0,153.7,0,1,1,18,15.5,2.8,-4.06,0,6,8,6,13.142857142857142,0,graduado
Servicio social,1,diurna,131.0,121.9,0,1,1,19,16.2,0.3,-0.92,0,6,8,6,13.75,0,graduado
Gestión de publicidad y marketing,4,diurna,126.0,119.4,0,1,1,18,8.9,1.4,3.51,0,6,6,6,14.0,0,graduado
Servicio social,1,vespertina,110.0,157.8,0,1,0,44,7.6,2.6,0.32,5,8,13,8,13.75,0,graduado
Administración,1,vespertina,150.0,154.0,0,1,0,27,12.4,0.5,1.79,0,5,5,0,0.0,0,abandono
Gestión de publicidad y marketing,2,diurna,131.0,135.9,0,1,1,18,8.9,1.4,3.51,0,6,6,6,13.166666666666666,0,graduado
Servicio social,1,vespertina,130.0,130.0,0,1,0,45,9.4,-0.8,-3.12,10,12,12,9,12.444444444444445,3,abandono
Educación básica,4,diurna,122.0,118.9,0,1,0,20,7.6,2.6,0.32,0,6,7,6,12.666666666666666,0,graduado
Servicio social,1,vespertina,151.0,152.4,0,1,0,40,10.8,1.4,1.74,0,6,7,6,11.333333333333334,0,graduado
Administración,1,vespertina,120.0,147.8,0,1,0,40,13.9,-0.3,0.79,0,5,9,4,11.25,0,continua_matriculado
Enfermería,1,diurna,136.0,100.0,0,1,0,18,13.9,-0.3,0.79,0,7,8,7,13.6125,0,graduado
Enfermería,6,diurna,140.0,129.0,0,1,0,21,12.7,3.7,-1.7,0,8,8,7,12.414285714285716,0,graduado
Diseño de animación y multimedia,2,diurna,131.0,148.9,0,1,0,20,9.4,-0.8,-3.12,0,0,0,0,0.0,0,graduado
Administración,1,vespertina,120.0,120.0,0,1,0,36,9.4,-0.8,-3.12,8,12,21,11,11.5,0,continua_matriculado
Servicio social,1,vespertina,170.0,170.0,0,1,0,27,9.4,-0.8,-3.12,0,5,5,0,0.0,0,abandono
Higiene oral,1,diurna,100.0,130.0,0,1,0,32,12.7,3.7,-1.7,0,7,10,7,11.0,0,graduado
Servicio social,1,diurna,116.0,119.2,0,1,1,18,8.9,1.4,3.51,0,6,6,6,14.0,0,graduado
Servicio social,1,vespertina,133.1,129.0,0,1,0,37,16.2,0.3,-0.92,0,6,13,4,12.0,0,abandono
Periodismo y comunicación,1,diurna,136.0,132.5,0,1,0,19,10.8,1.4,1.74,0,6,7,6,12.5,0,graduado
Servicio social,2,vespertina,160.0,115.0,0,1,1,41,10.8,1.4,1.74,0,6,8,6,11.333333333333334,0,graduado
Enfermería,4,diurna,140.0,128.0,0,1,1,18,7.6,2.6,0.32,0,7,7,6,14.066666666666668,0,graduado
Enfermería veterinaria,1,diurna,130.0,125.1,0,1,0,21,7.6,2.6,0.32,2,9,14,8,13.555555555555555,0,graduado
Agronomía,1,diurna,140.0,140.0,1,0,0,23,12.4,0.5,1.79,0,6,13,5,11.6,0,abandono
Periodismo y comunicación,2,diurna,123.0,120.9,0,1,0,18,13.9,-0.3,0.79,0,6,0,0,0.0,0,abandono
Enfermería,6,diurna,143.0,135.3,0,1,0,18,9.4,-0.8,-3.12,0,8,8,8,13.27625,0,graduado
Enfermería veterinaria,4,diurna,133.1,125.2,0,1,0,21,7.6,2.6,0.32,0,6,0,0,0.0,0,abandono
Servicio social,2,diurna,136.0,135.7,0,1,0,19,7.6,2.6,0.32,0,6,8,6,14.375,0,graduado
Administración,2,diurna,133.1,110.0,0,1,0,47,9.4,-0.8,-3.12,0,5,0,0,0.0,0,abandono
Servicio social,1,vespertina,133.1,119.0,0,1,1,48,10.8,1.4,1.74,0,6,7,6,10.666666666666666,0,continua_matriculado
Servicio social,1,vespertina,110.0,110.0,0,1,0,39,16.2,0.3,-0.92,9,13,19,12,13.416666666666666,0,graduado
Enfermería,1,diurna,118.0,115.2,0,1,0,19,11.1,0.6,2.02,0,7,9,6,12.97166666666667,0,graduado
Administración,1,vespertina,110.0,112.9,0,1,0,38,9.4,-0.8,-3.12,14,15,16,14,10.928571428571429,0,abandono
Agronomía,1,diurna,133.1,119.4,1,0,0,27,8.9,1.4,3.51,0,6,6,0,0.0,0,abandono
Diseño de animación y multimedia,1,diurna,162.0,152.9,0,1,1,18,12.4,0.5,1.79,0,0,0,0,0.0,0,graduado
Servicio social,1,vespertina,155.0,117.5,0,1,0,34,12.7,3.7,-1.7,0,6,6,4,13.25,0,continua_matriculado
Servicio social,1,diurna,133.1,98.5,0,1,0,48,15.5,2.8,-4.06,0,6,14,6,11.333333333333334,0,abandono
Gestión de publicidad y marketing,1,diurna,150.0,108.0,0,1,0,25,7.6,2.6,0.32,0,5,6,1,11.0,0,abandono
Enfermería,1,diurna,133.1,120.0,0,1,1,32,12.7,3.7,-1.7,0,8,9,7,12.757142857142856,0,graduado
Periodismo y comunicación,1,diurna,154.0,150.2,0,1,1,18,16.2,0.3,-0.92,0,6,6,6,14.5,0,graduado
Servicio social,1,vespertina,140.0,139.2,1,1,0,20,12.4,0.5,1.79,3,6,6,6,13.833333333333334,0,graduado
Administración,1,diurna,158.0,130.0,0,1,0,20,7.6,2.6,0.32,0,5,8,4,11.25,0,graduado
Diseño de animación y multimedia,1,diurna,122.0,115.7,0,1,0,20,9.4,-0.8,-3.12,0,0,0,0,0.0,0,abandono
Enfermería,3,diurna,136.0,127.0,0,1,0,19,9.4,-0.8,-3.12,0,8,10,1,13.67,7,continua_matriculado
Administración,1,vespertina,133.1,118.1,0,1,0,39,7.6,2.6,0.32,0,5,9,0,0.0,0,abandono
Equinocultura,1,diurna,132.0,119.1,1,1,0,29,10.8,1.4,1.74,0,5,10,1,13.0,4,abandono
Administración,1,vespertina,130.0,111.9,1,1,0,36,12.7,3.7,-1.7,0,5,5,0,0.0,0,abandono
Enfermería,6,diurna,144.0,130.5,0,1,0,18,12.7,3.7,-1.7,0,8,12,7,11.971428571428572,0,graduado
Servicio social,1,vespertina,133.1,135.0,0,1,0,51,7.6,2.6,0.32,0,6,12,0,0.0,0,abandono
Periodismo y comunicación,1,diurna,133.1,130.0,1,1,0,23,7.6,2.6,0.32,0,6,11,1,16.0,0,abandono
Enfermería veterinaria,1,diurna,150.0,150.0,0,1,0,21,10.8,1.4,1.74,0,6,0,0,0.0,0,abandono
Educación básica,5,diurna,150.0,150.2,0,0,0,28,9.4,-0.8,-3.12,0,6,9,4,12.75,1,abandono
Administración,1,vespertina,110.0,127.1,0,1,0,34,7.6,2.6,0.32,0,5,9,4,11.0,0,continua_matriculado
Servicio social,1,vespertina,100.0,107.5,0,1,0,41,12.7,3.7,-1.7,0,2,2,0,0.0,0,abandono
Servicio social,1,vespertina,100.0,130.0,0,1,1,43,9.4,-0.8,-3.12,0,6,7,5,12.2,0,graduado
Higiene oral,2,diurna,133.1,152.8,0,1,0,28,12.4,0.5,1.79,0,7,9,7,12.428571428571429,0,continua_matriculado
Diseño de animación y multimedia,1,diurna,145.0,160.1,0,1,1,19,8.9,1.4,3.51,6,12,12,12,14.5,0,graduado
Agronomía,1,diurna,130.0,140.0,0,1,0,26,15.5,2.8,-4.06,6,12,13,6,13.0,0,graduado
Enfermería,4,diurna,118.0,110.7,0,1,0,18,12.4,0.5,1.79,0,7,7,7,11.714285714285714,0,graduado
Educación básica,1,diurna,133.1,138.3,0,1,0,45,11.1,0.6,2.02,0,7,12,4,10.25,0,abandono
Educación básica,1,diurna,150.0,150.0,0,1,0,19,12.4,0.5,1.79,0,6,0,0,0.0,0,abandono
Gestión de publicidad y marketing,6,diurna,113.0,112.3,0,1,0,20,11.1,0.6,2.02,0,6,9,6,12.375,0,graduado
Educación básica,6,diurna,136.0,122.0,0,1,0,18,7.6,2.6,0.32,0,6,6,6,12.666666666666666,0,graduado
Enfermería veterinaria,1,diurna,140.0,141.7,0,1,0,27,12.4,0.5,1.79,0,6,13,3,10.5,0,abandono
Agronomía,1,diurna,131.0,118.4,0,1,0,20,13.9,-0.3,0.79,0,6,11,6,14.125,0,graduado
Enfermería veterinaria,3,diurna,138.0,128.7,0,1,0,18,8.9,1.4,3.51,0,6,7,6,14.666666666666666,0,graduado
Gestión de publicidad y marketing,2,diurna,100.0,100.0,0,1,0,35,9.4,-0.8,-3.12,0,5,8,5,11.4,0,continua_matriculado
Diseño de animación y multimedia,1,diurna,140.0,100.8,0,1,0,26,16.2,0.3,-0.92,0,0,0,0,0.0,0,abandono
Servicio social,1,diurna,120.0,125.5,0,1,1,39,12.7,3.7,-1.7,0,6,7,6,14.0,0,graduado
Diseño de animación y multimedia,1,diurna,139.0,124.0,0,1,0,18,7.6,2.6,0.32,0,0,0,0,0.0,0,graduado
Enfermería,1,diurna,130.0,130.0,0,1,0,36,16.2,0.3,-0.92,0,7,7,0,0.0,7,abandono
Servicio social,1,vespertina,110.0,160.5,0,1,0,38,13.9,-0.3,0.79,8,11,11,11,12.636363636363637,0,graduado
Educación básica,1,diurna,133.1,100.0,0,1,0,45,7.6,2.6,0.32,0,6,11,3,12.333333333333334,0,abandono
Turismo,1,diurna,133.1,103.0,0,1,0,62,10.8,1.4,1.74,0,6,7,6,15.0,0,graduado
Gestión de publicidad y marketing,1,diurna,133.1,103.0,0,1,1,20,10.8,1.4,1.74,0,6,8,4,11.75,0,graduado
Enfermería,1,diurna,139.0,131.5,0,1,0,18,10.8,1.4,1.74,0,8,8,7,14.13714285714286,0,graduado
Diseño de comunicación,3,diurna,134.0,121.4,0,1,0,18,9.4,-0.8,-3.12,0,6,6,2,12.0,0,abandono
Administración,1,vespertina,160.0,137.3,0,1,0,23,9.4,-0.8,-3.12,0,5,5,5,10.8,0,graduado
Diseño de comunicación,1,diurna,124.0,138.4,1,1,1,19,13.9,-0.3,0.79,1,6,8,6,13.285714285714286,1,abandono
Administración,1,diurna,137.0,131.1,1,1,1,19,8.9,1.4,3.51,0,5,7,5,13.6,0,graduado
Enfermería,1,diurna,157.0,100.0,0,1,0,18,13.9,-0.3,0.79,0,7,8,7,13.55,0,graduado
Enfermería,4,diurna,138.0,133.0,0,1,0,18,9.4,-0.8,-3.12,0,8,8,0,0.0,5,continua_matriculado
Servicio social,2,vespertina,100.0,100.0,0,1,0,41,7.6,2.6,0.32,0,6,10,4,13.5,0,graduado
Gestión de publicidad y marketing,1,diurna,130.0,159.0,0,1,1,51,12.4,0.5,1.79,0,6,8,5,11.6,0,graduado
Servicio social,2,diurna,133.1,120.6,0,1,0,24,16.2,0.3,-0.92,6,10,16,10,12.5,0,graduado
Administración,1,vespertina,120.0,134.0,0,1,0,25,16.2,0.3,-0.92,0,5,14,1,11.0,0,abandono
Enfermería veterinaria,1,diurna,150.0,139.4,0,1,0,18,7.6,2.6,0.32,0,5,9,3,12.0,1,continua_matriculado
Administración,6,diurna,128.0,116.5,0,1,0,20,7.6,2.6,0.32,0,5,8,4,11.6,0,graduado
Diseño de animación y multimedia,1,diurna,124.0,113.9,0,1,0,19,13.9,-0.3,0.79,0,0,0,0,0.0,0,abandono
Administración,1,vespertina,130.0,130.0,0,1,0,41,16.2,0.3,-0.92,5,10,14,10,14.636363636363637,0,graduado
Turismo,2,diurna,132.0,129.9,0,1,1,19,8.9,1.4,3.51,0,6,8,6,13.0,0,graduado
Educación básica,1,diurna,133.1,133.7,0,1,0,28,16.2,0.3,-0.92,14,18,23,14,12.785714285714286,2,abandono
Diseño de comunicación,3,diurna,129.0,124.8,0,1,0,21,12.4,0.5,1.79,0,6,6,6,14.5,0,graduado
Enfermería veterinaria,1,diurna,135.0,133.6,0,0,0,22,9.4,-0.8,-3.12,0,5,12,4,14.6,3,abandono
Periodismo y comunicación,4,diurna,138.0,133.5,0,0,0,18,10.8,1.4,1.74,0,6,7,6,12.5,0,graduado
Diseño de comunicación,1,diurna,135.0,128.0,0,1,1,19,10.8,1.4,1.74,0,6,6,6,14.0,0,graduado
Enfermería,6,diurna,131.0,127.2,0,1,1,19,11.1,0.6,2.02,0,7,7,7,13.801428571428572,0,graduado
Educación básica,1,diurna,150.0,150.0,1,0,0,25,10.8,1.4,1.74,1,6,7,6,14.428571428571429,0,graduado
Enfermería,4,diurna,133.0,127.8,0,1,1,18,7.6,2.6,0.32,0,7,7,6,14.35,0,graduado
Diseño de comunicación,1,diurna,135.0,125.2,0,1,0,19,12.7,3.7,-1.7,0,6,6,6,14.333333333333334,0,graduado
Educación básica,2,diurna,118.0,110.0,0,1,0,20,10.8,1.4,1.74,0,6,10,4,12.25,0,continua_matriculado
Servicio social,1,vespertina,100.0,100.0,0,1,0,46,7.6,2.6,0.32,0,6,9,6,13.333333333333334,0,graduado
Diseño de animación y multimedia,1,diurna,158.0,151.4,0,0,0,19,8.9,1.4,3.51,6,12,12,12,13.0,0,graduado
Turismo,2,diurna,137.0,125.1,0,1,0,18,7.6,2.6,0.32,0,6,10,4,11.75,0,continua_matriculado
Equinocultura,1,diurna,172.0,163.3,0,1,1,18,13.9,-0.3,0.79,0,6,8,6,14.5,0,graduado
Enfermería,1,diurna,123.0,118.0,0,1,1,19,10.8,1.4,1.74,0,8,8,7,11.82,0,graduado
Periodismo y comunicación,2,diurna,144.0,140.2,0,1,0,20,16.2,0.3,-0.92,0,6,0,0,0.0,0,abandono
Servicio social,1,vespertina,140.0,128.5,0,1,1,38,9.4,-0.8,-3.12,0,6,6,5,12.4,0,graduado
Periodismo y comunicación,1,diurna,136.0,131.5,0,1,0,18,13.9,-0.3,0.79,0,6,7,6,12.571428571428571,0,graduado
Enfermería,5,diurna,137.0,132.6,0,1,1,18,13.9,-0.3,0.79,0,7,7,7,13.857142857142858,0,graduado
Servicio social,1,diurna,128.0,122.1,0,1,0,18,13.9,-0.3,0.79,0,6,9,5,11.833333333333334,0,graduado
Administración,1,diurna,120.0,112.0,0,1,0,20,15.5,2.8,-4.06,0,5,10,4,11.0,0,continua_matriculado
Equinocultura,1,diurna,130.0,133.0,0,1,0,19,12.4,0.5,1.79,0,6,6,6,14.666666666666666,0,graduado
Servicio social,1,vespertina,138.0,127.0,0,0,0,37,10.8,1.4,1.74,0,4,4,0,0.0,0,abandono
Enfermería,1,diurna,148.0,130.0,0,1,0,24,12.7,3.7,-1.7,0,8,12,7,12.714285714285714,0,continua_matriculado
Enfermería,2,diurna,139.0,136.4,0,1,0,19,15.5,2.8,-4.06,0,7,9,7,13.422222222222224,0,graduado
Periodismo y comunicación,3,diurna,136.0,129.0,0,1,1,19,13.9,-0.3,0.79,0,6,7,6,14.0,0,abandono
Higiene oral,3,diurna,126.0,119.0,0,1,1,19,16.2,0.3,-0.92,0,7,8,7,12.142857142857142,0,abandono
Administración,1,diurna,135.0,128.0,1,1,1,18,11.1,0.6,2.02,0,5,5,5,12.8,0,graduado
Enfermería,4,diurna,122.0,117.1,0,1,1,18,12.4,0.5,1.79,0,7,7,7,14.572857142857142,0,graduado
Administración,4,diurna,137.0,136.3,0,1,0,18,8.9,1.4,3.51,0,5,9,4,11.25,0,graduado
Administración,5,diurna,127.0,124.6,0,1,1,19,11.1,0.6,2.02,0,5,12,2,10.0,0,continua_matriculado
Equinocultura,1,diurna,137.0,130.7,0,1,0,18,8.9,1.4,3.51,0,6,8,5,14.4,0,abandono
Enfermería,4,diurna,125.0,115.2,0,1,0,20,12.4,0.5,1.79,0,7,7,7,12.982857142857142,0,graduado
Enfermería veterinaria,1,diurna,141.0,130.2,0,1,0,20,15.5,2.8,-4.06,0,6,14,6,15.75,0,graduado
Enfermería veterinaria,1,diurna,132.0,128.5,0,1,0,18,12.4,0.5,1.79,0,6,11,5,12.285714285714286,0,abandono
Enfermería,1,diurna,133.1,95.0,0,1,0,20,12.4,0.5,1.79,0,7,7,6,13.755,0,graduado
Gestión de publicidad y marketing,1,diurna,132.0,119.4,0,1,1,18,8.9,1.4,3.51,0,6,7,6,13.833333333333334,0,graduado
Enfermería,6,diurna,142.0,123.5,0,1,0,19,12.7,3.7,-1.7,0,7,0,0,0.0,0,abandono
Enfermería,4,diurna,136.0,133.9,0,1,0,18,15.5,2.8,-4.06,0,7,9,7,14.711111111111112,0,graduado
Enfermería veterinaria,1,diurna,150.0,145.2,0,1,0,20,8.9,1.4,3.51,7,11,13,11,14.615384615384617,0,graduado
Enfermería,1,diurna,130.0,118.8,0,1,0,18,11.1,0.6,2.02,0,7,7,7,13.677142857142858,0,graduado
Enfermería veterinaria,2,diurna,136.0,123.4,0,1,1,19,9.4,-0.8,-3.12,0,5,8,5,13.166666666666666,2,graduado
Servicio social,6,diurna,138.0,123.0,0,1,0,19,15.5,2.8,-4.06,0,6,11,5,10.8,0,graduado
Equinocultura,1,diurna,131.0,118.4,0,1,0,19,7.6,2.6,0.32,0,5,8,3,12.0,0,graduado
Enfermería,1,diurna,147.0,131.6,0,1,0,18,11.1,0.6,2.02,0,7,8,6,13.958333333333334,0,graduado
Educación básica,1,diurna,140.0,122.3,0,1,0,19,12.7,3.7,-1.7,0,6,9,4,13.0,0,abandono
Diseño de animación y multimedia,2,diurna,152.0,151.7,0,1,1,24,11.1,0.6,2.02,0,0,0,0,0.0,0,graduado
Diseño de animación y multimedia,1,diurna,169.0,176.0,0,1,1,18,12.4,0.5,1.79,0,0,0,0,0.0,0,graduado
Enfermería,6,diurna,149.0,133.0,0,1,1,18,12.7,3.7,-1.7,0,8,8,7,14.0,0,graduado
Periodismo y comunicación,4,diurna,137.0,139.8,0,1,0,18,10.8,1.4,1.74,0,6,10,6,12.571428571428571,0,continua_matriculado
Periodismo y comunicación,4,diurna,122.0,119.6,0,1,0,19,11.1,0.6,2.02,0,6,6,4,12.0,0,abandono
Servicio social,1,vespertina,130.0,134.0,0,1,1,35,8.9,1.4,3.51,2,8,8,8,13.625,0,graduado
Administración,6,diurna,145.0,132.0,0,1,0,19,7.6,2.6,0.32,0,5,7,4,12.5,0,graduado
Educación básica,1,diurna,130.0,130.0,0,1,0,28,7.6,2.6,0.32,14,15,25,14,12.428571428571429,1,abandono
Enfermería,1,diurna,157.0,141.4,0,1,0,21,13.9,-0.3,0.79,3,7,8,7,13.3875,0,graduado
Enfermería,2,diurna,135.0,128.9,0,1,1,19,11.1,0.6,2.02,0,7,8,6,12.648333333333332,0,graduado
Servicio social,2,diurna,123.0,118.1,0,1,0,19,8.9,1.4,3.51,0,6,6,6,14.0,0,graduado
Enfermería veterinaria,1,diurna,139.0,130.6,0,1,0,18,9.4,-0.8,-3.12,0,5,12,5,12.8,2,graduado
Turismo,1,diurna,136.0,122.0,0,1,0,18,7.6,2.6,0.32,0,6,8,6,11.333333333333334,0,graduado
Enfermería,2,diurna,135.0,123.0,0,0,0,19,12.7,3.7,-1.7,0,7,0,0,0.0,0,abandono
Gestión de publicidad y marketing,1,diurna,126.0,126.7,0,1,1,20,8.9,1.4,3.51,0,6,6,6,14.166666666666666,0,graduado
Periodismo y comunicación,1,diurna,122.0,126.6,0,1,0,18,8.9,1.4,3.51,0,6,6,6,12.833333333333334,0,graduado
Educación básica,1,diurna,125.0,125.4,1,0,0,19,16.2,0.3,-0.92,0,7,11,4,12.0,0,abandono
Periodismo y comunicación,3,diurna,134.0,136.1,0,1,1,20,12.4,0.5,1.79,0,6,6,6,13.0,0,abandono
Enfermería,5,diurna,130.0,128.8,0,1,0,18,11.1,0.6,2.02,0,7,8,6,13.39,0,continua_matriculado
Gestión de publicidad y marketing,4,diurna,110.0,111.1,0,0,0,18,8.9,1.4,3.51,0,6,6,6,12.333333333333334,0,graduado
Diseño de comunicación,1,diurna,131.0,135.9,0,1,1,21,13.9,-0.3,0.79,1,6,8,6,12.571428571428571,1,graduado
Turismo,5,diurna,122.0,119.6,0,1,1,19,12.4,0.5,1.79,0,6,6,6,12.333333333333334,0,graduado
Educación básica,2,diurna,123.0,116.7,0,1,0,19,9.4,-0.8,-3.12,0,6,8,5,13.0,0,graduado
Enfermería veterinaria,1,diurna,146.0,126.0,0,1,0,19,7.6,2.6,0.32,0,5,7,3,12.333333333333334,0,continua_matriculado
Periodismo y comunicación,4,diurna,137.0,134.2,0,1,0,18,10.8,1.4,1.74,0,6,6,6,13.166666666666666,0,abandono
Administración,1,diurna,130.0,123.0,0,1,1,18,12.7,3.7,-1.7,0,5,7,5,13.333333333333334,0,graduado
Enfermería veterinaria,2,diurna,127.0,123.9,0,1,0,18,10.8,1.4,1.74,0,5,9,4,13.0,0,graduado
Higiene oral,1,diurna,160.0,120.0,0,1,0,31,12.7,3.7,-1.7,0,7,21,5,10.9,3,abandono
Administración,1,diurna,139.0,112.3,0,1,0,19,10.8,1.4,1.74,0,5,8,2,11.5,0,continua_matriculado
Enfermería veterinaria,1,diurna,138.0,123.0,0,1,1,20,13.9,-0.3,0.79,0,6,7,6,15.857142857142858,0,graduado
Enfermería veterinaria,1,diurna,137.0,122.3,0,1,1,19,7.6,2.6,0.32,0,5,5,5,12.6,0,abandono
Servicio social,1,diurna,127.0,122.8,0,1,1,19,16.2,0.3,-0.92,0,6,8,6,14.0,0,graduado
Equinocultura,1,diurna,160.0,160.0,0,0,0,27,10.8,1.4,1.74,1,5,8,3,14.666666666666666,2,abandono
Periodismo y comunicación,2,diurna,132.0,120.1,0,1,1,18,8.9,1.4,3.51,0,6,6,6,13.666666666666666,0,graduado
Servicio social,1,vespertina,126.0,142.4,0,1,0,32,7.6,2.6,0.32,0,6,0,0,0.0,0,abandono
Enfermería,4,diurna,133.0,127.3,0,1,0,18,12.7,3.7,-1.7,0,8,8,7,12.628571428571428,0,graduado
Enfermería,3,diurna,140.0,125.5,0,1,1,19,10.8,1.4,1.74,0,8,8,7,14.232857142857142,0,graduado
Periodismo y comunicación,2,diurna,130.0,137.4,0,1,0,19,15.5,2.8,-4.06,0,6,6,6,15.0,0,continua_matriculado
Turismo,2,diurna,129.0,122.0,0,1,0,18,10.8,1.4,1.74,0,6,15,2,10.0,0,abandono
Gestión de publicidad y marketing,3,diurna,110.0,107.5,0,1,1,18,12.7,3.7,-1.7,0,6,11,4,12.25,0,abandono
Periodismo y comunicación,1,diurna,133.1,104.0,1,0,1,24,11.1,0.6,2.02,0,6,6,6,13.5,0,graduado
Servicio social,2,diurna,132.0,133.1,0,1,1,19,9.4,-0.8,-3.12,0,6,8,5,12.2,0,graduado
Turismo,2,diurna,115.0,113.3,1,1,0,21,11.1,0.6,2.02,0,6,0,0,0.0,0,abandono
Diseño de comunicación,1,diurna,130.0,130.0,0,1,0,19,16.2,0.3,-0.92,2,7,11,6,12.0,0,graduado
Enfermería,3,diurna,140.0,124.3,0,1,0,19,12.4,0.5,1.79,0,7,9,5,12.32,0,continua_matriculado
Higiene oral,1,diurna,140.0,105.0,0,1,1,36,8.9,1.4,3.51,0,7,11,6,12.35,0,graduado
Enfermería veterinaria,1,diurna,133.1,144.0,0,1,0,51,12.4,0.5,1.79,0,6,0,0,0.0,0,abandono
Gestión de publicidad y marketing,3,diurna,121.0,111.9,0,1,1,20,10.8,1.4,1.74,0,6,7,6,11.333333333333334,0,continua_matriculado
Servicio social,1,vespertina,133.1,107.5,1,0,0,29,8.9,1.4,3.51,0,6,6,0,0.0,0,abandono
Servicio social,1,diurna,130.0,127.4,1,0,0,27,13.9,-0.3,0.79,3,6,8,5,11.6,0,abandono
Ingeniería informática,1,diurna,130.0,149.0,0,1,0,33,7.6,2.6,0.32,0,5,10,4,12.0,0,continua_matriculado
Administración,1,diurna,120.0,120.0,0,0,0,57,9.4,-0.8,-3.12,12,15,17,12,11.75,0,abandono
Gestión de publicidad y marketing,1,diurna,132.0,143.6,0,1,0,20,13.9,-0.3,0.79,0,6,8,5,12.8,0,continua_matriculado
Gestión de publicidad y marketing,1,diurna,100.0,120.0,0,1,0,26,9.4,-0.8,-3.12,0,5,7,3,11.333333333333334,0,abandono
Ingeniería informática,1,diurna,130.0,128.0,1,0,0,27,13.9,-0.3,0.79,0,5,5,0,0.0,0,continua_matriculado
Gestión de publicidad y marketing,1,diurna,129.0,118.2,0,1,0,19,9.4,-0.8,-3.12,0,5,5,5,10.8,0,graduado
Enfermería veterinaria,1,diurna,160.0,160.0,0,1,0,23,12.4,0.5,1.79,1,6,10,5,12.5,0,abandono
Administración,1,vespertina,120.0,152.4,0,1,0,27,10.8,1.4,1.74,0,5,5,5,15.2,0,graduado
Enfermería,6,diurna,122.0,116.6,1,1,1,20,12.4,0.5,1.79,0,7,7,7,13.314285714285717,0,graduado
Diseño de comunicación,1,diurna,143.0,141.6,0,1,1,19,10.8,1.4,1.74,6,12,12,11,13.090909090909092,0,graduado
Equinocultura,1,diurna,110.0,105.5,1,0,0,19,11.1,0.6,2.02,0,6,0,0,0.0,0,abandono
Diseño de comunicación,1,diurna,124.0,116.3,0,1,0,20,16.2,0.3,-0.92,0,6,8,5,12.2,0,graduado
Administración,1,diurna,110.0,110.0,0,1,0,33,11.1,0.6,2.02,5,8,10,6,12.833333333333334,0,continua_matriculado
Administración,1,vespertina,130.0,119.5,0,1,0,22,7.6,2.6,0.32,9,15,17,15,11.2,0,graduado
Administración,6,diurna,139.0,125.0,0,1,0,18,7.6,2.6,0.32,0,5,8,3,12.333333333333334,0,graduado
Enfermería,1,diurna,140.0,160.0,0,1,0,27,12.7,3.7,-1.7,0,8,8,7,15.94285714285714,0,graduado
Administración,1,vespertina,150.0,150.0,0,1,0,27,15.5,2.8,-4.06,0,5,0,0,0.0,0,abandono
Servicio social,1,diurna,123.0,115.0,0,1,0,19,11.1,0.6,2.02,0,6,10,4,10.25,0,graduado
Educación básica,1,diurna,128.0,128.4,0,1,1,20,9.4,-0.8,-3.12,0,6,10,5,13.2,0,continua_matriculado
Servicio social,1,vespertina,100.0,112.8,0,1,1,23,12.7,3.7,-1.7,0,6,6,6,14.166666666666666,0,graduado
Enfermería,1,diurna,148.0,131.0,0,1,1,22,7.6,2.6,0.32,18,23,23,20,14.575,3,graduado
Turismo,2,diurna,130.0,121.6,0,1,1,18,12.7,3.7,-1.7,0,6,9,1,10.0,1,abandono
Servicio social,4,diurna,118.0,110.0,0,1,1,18,12.4,0.5,1.79,0,6,7,6,12.285714285714286,0,graduado
Servicio social,1,vespertina,120.0,148.5,0,1,1,31,10.8,1.4,1.74,0,6,6,6,14.0,0,graduado
Periodismo y comunicación,4,diurna,119.0,118.3,0,1,0,19,15.5,2.8,-4.06,0,6,8,4,11.25,0,abandono
Servicio social,1,diurna,138.0,135.9,0,1,0,19,7.6,2.6,0.32,0,6,11,5,11.6,0,continua_matriculado
Servicio social,1,vespertina,127.0,115.8,0,1,0,24,10.8,1.4,1.74,0,6,12,1,12.0,0,abandono
Enfermería,1,diurna,134.0,121.2,0,1,0,19,15.5,2.8,-4.06,0,7,10,7,13.47,0,graduado
Administración,4,diurna,133.0,136.2,0,1,0,19,7.6,2.6,0.32,0,5,6,5,12.4,0,graduado
Gestión de publicidad y marketing,1,diurna,133.1,100.2,0,0,0,26,16.2,0.3,-0.92,0,6,9,3,11.75,0,abandono
Diseño de animación y multimedia,1,diurna,180.0,152.7,1,0,0,27,7.6,2.6,0.32,0,0,0,0,0.0,0,abandono
Servicio social,4,diurna,129.0,123.1,0,1,0,19,11.1,0.6,2.02,0,6,7,6,12.0,0,graduado
Enfermería veterinaria,1,diurna,120.0,130.0,0,1,0,29,9.4,-0.8,-3.12,0,5,8,5,15.333333333333334,2,abandono
Enfermería,6,diurna,141.0,125.0,0,1,1,18,9.4,-0.8,-3.12,0,8,8,8,12.32,0,graduado
Enfermería,1,diurna,118.0,113.1,0,1,0,19,11.1,0.6,2.02,0,7,7,7,13.79857142857143,0,graduado
Periodismo y comunicación,5,diurna,127.0,121.1,0,1,0,18,15.5,2.8,-4.06,0,6,6,6,13.166666666666666,0,continua_matriculado
Administración,1,diurna,177.0,162.3,0,1,1,18,15.5,2.8,-4.06,0,5,6,5,16.333333333333332,0,graduado
Diseño de animación y multimedia,1,diurna,132.0,132.0,0,1,0,19,12.7,3.7,-1.7,0,0,0,0,0.0,0,abandono
Enfermería,4,diurna,133.0,130.7,0,1,0,19,12.4,0.5,1.79,0,7,7,7,14.757142857142856,0,graduado
Turismo,4,diurna,124.0,122.3,0,1,0,19,13.9,-0.3,0.79,0,6,7,6,11.666666666666666,0,abandono
Gestión de publicidad y marketing,1,diurna,143.0,144.1,0,1,0,19,10.8,1.4,1.74,0,6,7,5,12.6,0,continua_matriculado
Periodismo y comunicación,1,diurna,128.0,118.2,0,1,0,19,12.7,3.7,-1.7,0,6,6,6,11.666666666666666,0,graduado
Servicio social,1,diurna,138.0,133.5,0,1,1,19,8.9,1.4,3.51,0,6,6,6,15.0,0,graduado
Enfermería,5,diurna,144.0,126.8,1,0,0,18,9.4,-0.8,-3.12,0,7,0,0,0.0,0,abandono
Periodismo y comunicación,4,diurna,122.0,121.0,0,1,0,20,13.9,-0.3,0.79,0,6,7,6,13.571428571428571,0,graduado
Turismo,1,diurna,111.0,117.7,0,1,0,20,9.4,-0.8,-3.12,0,6,8,5,10.8,0,graduado
Enfermería veterinaria,1,diurna,133.1,115.0,0,1,0,21,12.7,3.7,-1.7,0,5,8,3,11.333333333333334,1,continua_matriculado
Administración,1,vespertina,120.0,129.2,0,1,0,31,9.4,-0.8,-3.12,4,10,16,5,11.4,0,abandono
Higiene oral,1,diurna,135.0,125.8,0,1,1,20,12.7,3.7,-1.7,0,7,14,7,10.642857142857142,0,graduado
Gestión de publicidad y marketing,5,diurna,125.0,118.4,0,1,1,19,7.6,2.6,0.32,0,5,8,3,10.5,0,continua_matriculado
Enfermería,1,diurna,147.0,142.0,0,1,0,18,7.6,2.6,0.32,0,7,7,6,14.65,0,graduado
Enfermería,3,diurna,137.0,126.7,0,1,1,19,16.2,0.3,-0.92,0,7,7,7,13.714285714285714,0,graduado
Servicio social,1,diurna,117.0,109.3,0,1,0,30,9.4,-0.8,-3.12,9,16,19,15,12.266666666666667,0,graduado
Servicio social,1,diurna,126.0,116.9,0,1,0,21,12.7,3.7,-1.7,0,6,11,6,10.375,0,continua_matriculado
Administración,1,diurna,128.0,121.7,0,1,0,19,12.4,0.5,1.79,0,5,8,5,11.0,0,graduado
Administración,6,diurna,115.0,117.1,1,1,0,22,7.6,2.6,0.32,0,5,5,5,13.8,0,graduado
Periodismo y comunicación,1,diurna,121.0,114.4,0,1,1,18,11.1,0.6,2.02,0,6,6,6,12.666666666666666,0,graduado
Servicio social,1,diurna,134.0,133.0,0,1,0,18,12.7,3.7,-1.7,0,6,8,6,11.75,0,graduado
Enfermería,3,diurna,126.0,118.8,0,1,1,19,12.7,3.7,-1.7,0,8,8,7,12.785714285714286,0,graduado
Equinocultura,1,diurna,151.0,151.0,0,1,0,18,16.2,0.3,-0.92,0,6,11,6,14.444444444444445,0,graduado
Enfermería,6,diurna,122.0,119.6,0,1,0,21,13.9,-0.3,0.79,0,7,8,6,13.25,0,continua_matriculado
Enfermería,1,diurna,141.0,135.4,0,1,0,18,13.9,-0.3,0.79,0,7,9,7,12.50625,0,continua_matriculado
Diseño de animación y multimedia,1,diurna,138.0,149.9,0,1,0,20,11.1,0.6,2.02,0,0,0,0,0.0,0,graduado
Enfermería veterinaria,1,diurna,133.0,120.1,0,1,0,18,12.7,3.7,-1.7,0,5,8,4,12.75,1,graduado
Enfermería veterinaria,1,diurna,150.0,173.3,0,1,0,25,13.9,-0.3,0.79,1,6,7,6,16.857142857142858,0,graduado
Periodismo y comunicación,1,diurna,136.0,126.2,0,1,0,19,16.2,0.3,-0.92,0,6,6,6,13.166666666666666,0,graduado
Educación básica,1,diurna,129.0,126.9,0,1,1,19,7.6,2.6,0.32,0,6,9,5,12.2,0,continua_matriculado
Enfermería veterinaria,1,diurna,128.0,157.4,0,1,0,26,8.9,1.4,3.51,0,6,7,6,16.5,0,graduado
Administración,2,diurna,131.0,120.2,0,1,0,21,12.4,0.5,1.79,0,5,10,4,11.75,0,graduado
Administración,1,diurna,130.0,124.8,0,1,0,19,13.9,-0.3,0.79,0,5,14,1,11.0,0,abandono
Enfermería,1,diurna,150.0,130.3,0,1,1,19,12.7,3.7,-1.7,0,8,8,7,15.114285714285714,0,graduado
Servicio social,1,diurna,165.0,152.4,0,1,1,18,16.2,0.3,-0.92,0,6,8,6,15.5,0,graduado
Administración,1,vespertina,133.1,113.5,0,1,1,32,10.8,1.4,1.74,3,10,12,7,11.142857142857142,0,graduado
Servicio social,1,diurna,126.0,125.7,0,1,1,18,15.5,2.8,-4.06,0,6,6,6,11.333333333333334,0,graduado
Enfermería,5,diurna,101.0,102.4,0,1,0,20,12.4,0.5,1.79,0,7,9,5,12.04,0,continua_matriculado
Administración,3,diurna,125.0,125.7,0,1,0,20,15.5,2.8,-4.06,0,5,7,5,11.166666666666666,0,continua_matriculado
Gestión de publicidad y marketing,1,diurna,100.0,120.0,1,1,1,39,9.4,-0.8,-3.12,0,5,6,5,10.6,0,graduado
Equinocultura,1,diurna,117.0,109.3,0,1,0,20,12.7,3.7,-1.7,0,5,10,4,12.5,0,continua_matriculado
Diseño de animación y multimedia,1,diurna,159.0,162.2,1,0,0,18,12.4,0.5,1.79,0,0,0,0,0.0,0,abandono
Periodismo y comunicación,1,diurna,177.0,155.7,1,1,1,18,8.9,1.4,3.51,0,6,6,6,15.666666666666666,0,graduado
Diseño de animación y multimedia,1,diurna,156.0,147.7,0,1,0,21,8.9,1.4,3.51,6,12,12,12,15.333333333333334,0,graduado
Enfermería,5,diurna,125.0,115.6,0,1,0,18,16.2,0.3,-0.92,0,7,9,6,12.183333333333332,0,continua_matriculado
Administración,2,diurna,130.0,117.8,0,1,0,18,7.6,2.6,0.32,0,5,8,2,10.0,0,continua_matriculado
Agronomía,1,diurna,125.0,125.0,0,1,0,21,15.5,2.8,-4.06,9,14,23,9,12.0,2,graduado
Administración,1,diurna,127.0,129.8,0,1,0,22,7.6,2.6,0.32,0,5,8,3,10.333333333333334,0,abandono
Turismo,1,diurna,121.0,123.1,0,1,0,21,7.6,2.6,0.32,0,6,11,6,11.166666666666666,0,continua_matriculado
Diseño de comunicación,1,diurna,135.0,122.8,0,1,1,20,10.8,1.4,1.74,0,6,8,3,11.0,0,continua_matriculado
Diseño de animación y multimedia,2,diurna,125.0,117.3,0,1,1,21,10.8,1.4,1.74,0,0,0,0,0.0,0,graduado
Turismo,1,diurna,138.0,126.5,0,1,1,20,8.9,1.4,3.51,0,6,7,6,12.857142857142858,0,graduado
Enfermería,4,diurna,136.0,123.0,0,1,0,19,10.8,1.4,1.74,0,8,8,7,14.328571428571427,0,graduado
Servicio social,1,diurna,142.0,127.7,0,1,1,20,13.9,-0.3,0.79,0,6,7,6,15.0,0,graduado
Enfermería veterinaria,1,diurna,129.0,117.5,0,1,0,19,12.7,3.7,-1.7,0,5,9,5,13.6,1,graduado
Enfermería veterinaria,1,diurna,134.0,128.4,0,1,1,18,9.4,-0.8,-3.12,0,5,12,5,12.857142857142858,2,graduado
Educación básica,2,diurna,123.0,124.1,0,1,0,18,15.5,2.8,-4.06,0,6,7,2,14.5,0,abandono
Administración,1,vespertina,150.0,140.9,0,1,0,24,10.8,1.4,1.74,0,5,7,3,10.666666666666666,0,abandono
Turismo,1,diurna,129.0,126.2,1,0,1,21,8.9,1.4,3.51,0,6,7,6,13.428571428571429,0,abandono
Enfermería,3,diurna,134.0,120.5,0,1,1,18,15.5,2.8,-4.06,0,7,12,7,11.716666666666663,0,graduado
Administración,1,diurna,127.0,121.1,0,1,1,20,11.1,0.6,2.02,0,5,11,4,12.0,0,graduado
Educación básica,2,diurna,123.0,123.7,1,0,0,20,10.8,1.4,1.74,0,6,11,5,13.2,0,abandono
Turismo,3,diurna,127.0,116.9,1,1,0,18,12.4,0.5,1.79,0,6,7,5,12.2,0,abandono
Higiene oral,1,diurna,133.1,100.0,0,1,1,25,8.9,1.4,3.51,0,7,11,5,12.58,0,graduado
Servicio social,5,diurna,131.0,120.2,0,1,1,19,13.9,-0.3,0.79,0,6,9,5,11.333333333333334,0,continua_matriculado
Tecnologías de producción de biocombustibles,1,diurna,120.0,153.8,1,1,0,35,11.1,0.6,2.02,0,7,9,0,0.0,0,abandono
Enfermería,4,diurna,133.0,120.1,0,1,1,19,13.9,-0.3,0.79,0,7,9,6,12.428571428571429,0,graduado
Gestión de publicidad y marketing,1,diurna,133.0,128.1,0,1,1,18,13.9,-0.3,0.79,0,6,6,6,13.0,0,abandono
Enfermería,1,diurna,143.0,126.8,0,1,0,19,10.8,1.4,1.74,0,8,8,7,14.535714285714286,0,graduado
Enfermería,1,diurna,140.0,125.7,0,1,1,19,7.6,2.6,0.32,0,7,8,5,11.2,0,continua_matriculado
Diseño de comunicación,1,diurna,157.0,146.2,0,1,0,18,12.4,0.5,1.79,0,6,6,6,16.0,0,graduado
Equinocultura,1,diurna,133.1,140.0,1,1,0,24,16.2,0.3,-0.92,0,6,13,5,13.142857142857142,0,abandono
Servicio social,1,vespertina,145.0,134.5,0,1,0,25,9.4,-0.8,-3.12,8,14,23,11,11.6875,0,graduado
Ingeniería informática,1,diurna,130.0,137.0,0,1,0,28,7.6,2.6,0.32,0,5,11,4,10.5,0,continua_matriculado
Enfermería veterinaria,1,diurna,111.0,107.5,0,1,1,19,11.1,0.6,2.02,0,6,9,6,13.833333333333334,0,graduado
Ingeniería informática,2,diurna,116.0,112.2,0,1,0,19,16.2,0.3,-0.92,0,5,0,0,0.0,0,abandono
Equinocultura,1,diurna,133.1,128.2,0,0,1,30,9.4,-0.8,-3.12,0,5,13,0,0.0,3,abandono
Enfermería,1,diurna,135.0,126.8,0,1,0,19,15.5,2.8,-4.06,0,7,9,0,0.0,0,abandono
Administración,1,diurna,145.0,132.1,0,1,0,21,11.1,0.6,2.02,0,5,10,1,10.0,0,abandono
Diseño de animación y multimedia,1,diurna,118.0,110.0,0,1,0,19,13.9,-0.3,0.79,0,0,0,0,0.0,0,abandono
Agronomía,1,diurna,130.0,100.0,0,0,0,29,13.9,-0.3,0.79,0,6,9,0,0.0,0,abandono
Gestión de publicidad y marketing,1,diurna,115.0,114.3,0,1,0,18,12.4,0.5,1.79,0,6,7,4,12.6,0,abandono
Administración,2,diurna,122.0,116.4,0,1,0,21,15.5,2.8,-4.06,0,5,10,3,11.25,0,continua_matriculado
Diseño de comunicación,1,diurna,120.0,116.9,0,1,0,20,13.9,-0.3,0.79,6,7,13,7,12.375,0,abandono
Administración,1,vespertina,120.0,128.2,1,1,0,24,12.4,0.5,1.79,3,10,15,7,10.714285714285714,0,continua_matriculado
Periodismo y comunicación,2,diurna,120.0,127.0,0,0,0,18,8.9,1.4,3.51,0,6,6,0,0.0,0,abandono
Agronomía,1,diurna,140.0,140.0,0,1,0,23,15.5,2.8,-4.06,0,6,14,5,12.0,0,continua_matriculado
Administración,6,diurna,127.0,120.0,0,1,0,19,8.9,1.4,3.51,0,5,6,5,12.6,0,graduado
Turismo,1,diurna,110.0,110.0,0,1,0,35,16.2,0.3,-0.92,0,6,7,0,0.0,0,abandono
Enfermería,1,diurna,148.0,127.0,0,1,0,20,10.8,1.4,1.74,0,8,8,7,12.84142857142857,0,graduado
Servicio social,1,diurna,170.0,159.5,0,1,0,33,8.9,1.4,3.51,0,6,6,0,0.0,0,abandono
Periodismo y comunicación,1,diurna,146.0,135.2,0,1,0,18,9.4,-0.8,-3.12,0,6,7,6,14.166666666666666,0,graduado
Periodismo y comunicación,1,diurna,127.0,122.8,0,1,0,20,12.4,0.5,1.79,0,6,7,6,12.166666666666666,0,continua_matriculado
Periodismo y comunicación,1,diurna,125.0,118.0,0,1,0,19,13.9,-0.3,0.79,0,6,12,4,10.8,0,abandono
Periodismo y comunicación,5,diurna,139.0,123.6,0,1,0,18,7.6,2.6,0.32,0,6,6,6,13.0,0,abandono
Administración,1,vespertina,133.1,111.0,0,0,0,28,8.9,1.4,3.51,0,5,0,0,0.0,0,abandono
Administración,1,diurna,146.0,144.6,0,1,0,18,16.2,0.3,-0.92,0,5,5,5,13.0,0,graduado
Periodismo y comunicación,1,diurna,109.0,111.8,1,1,0,25,15.5,2.8,-4.06,0,6,8,6,11.571428571428571,0,abandono
Servicio social,1,diurna,135.0,122.1,1,0,0,19,8.9,1.4,3.51,0,6,6,4,11.5,0,abandono
Diseño de comunicación,2,diurna,122.0,119.9,0,1,0,18,9.4,-0.8,-3.12,0,6,8,5,11.0,0,graduado
Agronomía,1,diurna,130.0,130.0,0,1,0,29,13.9,-0.3,0.79,1,6,10,6,17.11111111111111,0,graduado
Diseño de animación y multimedia,1,diurna,124.0,118.4,0,1,0,18,7.6,2.6,0.32,0,0,0,0,0.0,0,continua_matriculado
Turismo,1,diurna,115.0,112.6,0,1,1,20,8.9,1.4,3.51,0,6,9,6,12.571428571428571,0,graduado
Agronomía,1,diurna,150.0,150.0,0,1,0,20,15.5,2.8,-4.06,0,6,6,0,0.0,0,abandono
Diseño de comunicación,4,diurna,170.0,165.8,0,1,0,18,9.4,-0.8,-3.12,0,6,7,6,14.5,0,graduado
Turismo,6,diurna,102.0,101.7,0,1,1,21,12.4,0.5,1.79,0,6,6,6,13.5,0,graduado
Turismo,2,diurna,140.0,124.3,0,0,0,18,9.4,-0.8,-3.12,0,6,9,5,11.2,0,abandono
Ingeniería informática,5,diurna,135.0,122.1,0,1,0,20,7.6,2.6,0.32,0,5,10,3,10.666666666666666,0,graduado
Servicio social,1,vespertina,148.0,134.7,0,1,0,23,15.5,2.8,-4.06,9,13,15,9,11.0,0,continua_matriculado
Administración,1,vespertina,140.0,154.5,0,1,0,26,16.2,0.3,-0.92,0,1,2,0,0.0,0,abandono
Gestión de publicidad y marketing,3,diurna,147.0,128.8,1,1,0,19,9.4,-0.8,-3.12,0,5,5,1,10.0,0,abandono
Higiene oral,1,diurna,140.0,106.0,1,0,1,24,8.9,1.4,3.51,0,7,14,5,12.36,0,abandono
Gestión de publicidad y marketing,1,diurna,157.0,146.2,0,1,1,20,11.1,0.6,2.02,0,6,8,6,15.25,0,graduado
Administración,1,vespertina,120.0,116.9,1,0,0,26,10.8,1.4,1.74,0,5,5,0,0.0,0,abandono
Administración,1,diurna,133.1,118.2,0,1,0,31,10.8,1.4,1.74,0,5,8,1,13.0,2,abandono
Enfermería,1,diurna,140.0,105.7,0,1,0,27,9.4,-0.8,-3.12,0,8,8,8,13.81375,0,graduado
Enfermería veterinaria,1,diurna,130.0,126.9,1,1,0,24,11.1,0.6,2.02,0,6,8,6,13.285714285714286,0,graduado
Enfermería veterinaria,1,diurna,150.0,150.0,0,1,0,23,8.9,1.4,3.51,0,6,11,4,11.5,0,continua_matriculado
Enfermería,2,diurna,115.0,108.4,0,1,1,20,13.9,-0.3,0.79,0,7,8,7,11.9625,0,graduado
Enfermería,6,diurna,118.0,114.2,0,1,0,20,11.1,0.6,2.02,0,7,9,6,13.683333333333332,0,graduado
Enfermería,1,diurna,130.0,140.0,0,1,0,24,12.7,3.7,-1.7,0,8,8,7,14.985714285714286,0,graduado
Administración,1,diurna,130.0,142.5,0,1,0,39,11.1,0.6,2.02,0,5,8,4,11.25,0,continua_matriculado
Periodismo y comunicación,2,diurna,130.0,126.5,0,1,0,18,12.7,3.7,-1.7,0,6,8,4,12.5,0,graduado
Enfermería veterinaria,3,diurna,120.0,111.3,0,1,0,20,11.1,0.6,2.02,0,6,0,0,0.0,0,abandono
Enfermería,2,diurna,130.0,125.1,0,1,0,18,15.5,2.8,-4.06,0,7,10,7,13.78,0,graduado
Enfermería,2,diurna,141.0,126.3,0,1,0,19,15.5,2.8,-4.06,0,7,10,7,13.805,0,graduado
Enfermería veterinaria,1,diurna,138.0,142.2,0,1,0,18,10.8,1.4,1.74,0,5,7,5,13.8,0,graduado
Gestión de publicidad y marketing,1,diurna,113.0,110.2,0,1,0,22,7.6,2.6,0.32,0,5,7,3,12.666666666666666,0,continua_matriculado
Enfermería,4,diurna,135.0,127.0,0,1,0,18,11.1,0.6,2.02,0,7,7,7,14.424285714285714,0,graduado
Servicio social,1,diurna,137.0,128.6,0,1,1,18,12.4,0.5,1.79,0,6,7,6,13.166666666666666,0,graduado
Administración,1,vespertina,133.1,130.4,0,1,0,30,12.7,3.7,-1.7,0,5,10,3,10.666666666666666,0,continua_matriculado
Servicio social,1,diurna,100.0,134.4,0,1,0,34,7.6,2.6,0.32,9,16,20,14,12.071428571428571,1,graduado
Servicio social,1,vespertina,133.1,100.0,0,1,0,38,13.9,-0.3,0.79,0,6,10,3,10.25,0,abandono
Enfermería,1,diurna,142.0,133.0,0,1,1,19,9.4,-0.8,-3.12,0,8,8,8,14.11,0,graduado
Educación básica,3,diurna,140.0,126.7,0,1,0,19,10.8,1.4,1.74,0,6,9,5,12.4,0,abandono
Periodismo y comunicación,1,diurna,129.0,129.0,0,0,0,21,10.8,1.4,1.74,0,6,7,6,12.0,0,abandono
Periodismo y comunicación,1,diurna,141.0,133.7,0,1,1,18,11.1,0.6,2.02,0,6,6,6,14.833333333333334,0,graduado
Enfermería veterinaria,5,diurna,118.0,122.2,0,1,1,20,13.9,-0.3,0.79,0,6,7,6,15.428571428571429,0,graduado
Administración,5,diurna,131.0,128.9,0,1,1,18,16.2,0.3,-0.92,0,5,7,5,11.6,0,graduado
Diseño de comunicación,3,diurna,161.0,154.4,0,1,0,18,16.2,0.3,-0.92,0,6,6,6,14.166666666666666,0,graduado
Higiene oral,1,diurna,130.0,130.0,0,1,1,36,12.7,3.7,-1.7,0,7,9,1,9.8,0,abandono
Administración,4,diurna,121.0,113.0,0,1,1,18,13.9,-0.3,0.79,0,5,12,4,10.714285714285714,0,graduado
Equinocultura,1,diurna,133.1,123.3,0,1,1,21,7.6,2.6,0.32,0,5,7,0,0.0,0,abandono
Equinocultura,1,diurna,130.0,130.0,1,1,1,21,13.9,-0.3,0.79,1,6,13,3,12.333333333333334,0,abandono
Enfermería veterinaria,1,diurna,133.1,101.3,0,1,0,18,11.1,0.6,2.02,0,6,13,6,13.0,0,graduado
Gestión de publicidad y marketing,6,diurna,120.0,113.7,0,1,0,18,9.4,-0.8,-3.12,0,5,7,4,11.4,0,graduado
Enfermería,2,diurna,140.0,138.8,0,1,0,19,7.6,2.6,0.32,0,7,7,6,12.766666666666666,0,graduado
Agronomía,1,diurna,133.1,140.0,1,1,0,29,11.1,0.6,2.02,0,6,11,5,12.6,0,graduado
Administración,1,diurna,130.0,130.0,0,1,1,20,11.1,0.6,2.02,4,7,8,7,13.0,0,graduado
Enfermería,2,diurna,140.0,132.5,0,1,0,18,7.6,2.6,0.32,0,7,7,6,14.316666666666668,0,graduado
Enfermería veterinaria,1,diurna,124.0,117.4,0,1,0,19,10.8,1.4,1.74,0,5,7,4,12.75,0,graduado
Administración,3,diurna,115.0,109.8,0,1,1,19,8.9,1.4,3.51,0,5,5,5,13.4,0,graduado
Servicio social,1,vespertina,100.0,116.5,1,0,0,37,8.9,1.4,3.51,0,6,6,0,0.0,0,abandono
Enfermería veterinaria,2,diurna,162.0,165.2,0,1,1,18,10.8,1.4,1.74,0,5,6,4,15.75,0,graduado
Educación básica,1,diurna,121.0,113.0,0,1,0,21,12.7,3.7,-1.7,0,6,9,5,12.4,0,abandono
Servicio social,1,diurna,125.0,123.3,0,1,1,19,12.4,0.5,1.79,0,6,8,6,11.5,0,graduado
Gestión de publicidad y marketing,2,diurna,123.0,116.7,0,1,0,19,9.4,-0.8,-3.12,0,5,5,5,13.4,0,graduado
Administración,1,vespertina,140.0,110.0,0,1,1,35,12.7,3.7,-1.7,0,5,9,3,11.666666666666666,0,continua_matriculado
Enfermería,1,diurna,133.1,118.9,0,1,0,30,13.9,-0.3,0.79,0,7,0,0,0.0,0,abandono
Periodismo y comunicación,2,diurna,120.0,103.6,0,1,0,27,9.4,-0.8,-3.12,4,8,11,7,13.285714285714286,0,abandono
Turismo,1,diurna,136.0,122.7,0,1,1,45,7.6,2.6,0.32,0,6,10,4,11.5,0,abandono
Servicio social,1,vespertina,133.1,113.5,0,1,1,50,12.7,3.7,-1.7,3,9,11,8,13.25,0,graduado
Administración,1,diurna,110.0,128.2,0,1,0,41,9.4,-0.8,-3.12,8,14,24,11,12.25,3,graduado
Enfermería,1,diurna,120.0,120.0,0,1,0,26,7.6,2.6,0.32,0,7,8,6,12.0,0,continua_matriculado
Agronomía,1,diurna,133.1,130.0,0,1,0,44,11.1,0.6,2.02,0,6,10,1,12.0,0,abandono
Administración,1,diurna,110.0,110.0,0,1,0,23,15.5,2.8,-4.06,10,15,15,13,10.923076923076923,0,graduado
Tecnologías de producción de biocombustibles,1,diurna,130.0,117.7,0,1,0,34,11.1,0.6,2.02,10,12,12,10,12.0,0,abandono
Administración,1,diurna,102.0,99.6,0,1,1,21,11.1,0.6,2.02,0,5,10,5,13.714285714285714,0,graduado
Administración,3,diurna,127.0,117.9,0,1,0,22,7.6,2.6,0.32,0,5,8,1,10.0,0,abandono
Servicio social,1,vespertina,133.1,113.0,0,1,1,32,16.2,0.3,-0.92,0,6,18,2,10.333333333333334,0,graduado
Higiene oral,2,diurna,137.0,124.4,0,1,0,20,15.5,2.8,-4.06,0,7,8,7,12.728571428571428,0,graduado
Servicio social,1,vespertina,130.0,140.0,0,0,0,59,10.8,1.4,1.74,10,15,22,12,13.333333333333334,0,abandono
Administración,1,diurna,130.0,132.4,0,1,0,30,8.9,1.4,3.51,6,11,20,9,12.22222222222222,0,continua_matriculado
Turismo,4,diurna,131.0,124.0,0,1,1,18,9.4,-0.8,-3.12,0,6,7,6,11.333333333333334,0,graduado
Administración,1,vespertina,162.0,132.0,1,1,0,25,7.6,2.6,0.32,0,5,8,4,11.0,0,continua_matriculado
Administración,1,vespertina,140.0,149.8,0,1,0,36,12.7,3.7,-1.7,0,5,5,5,13.8,0,graduado
Higiene oral,1,diurna,160.0,160.0,0,1,0,36,11.1,0.6,2.02,0,7,16,1,12.0,0,abandono
Gestión de publicidad y marketing,6,diurna,117.0,114.6,0,0,0,19,10.8,1.4,1.74,0,6,9,4,11.25,0,abandono
Administración,1,vespertina,150.0,120.0,0,1,0,25,9.4,-0.8,-3.12,0,5,6,4,10.5,0,graduado
Agronomía,1,diurna,133.1,100.0,0,1,0,35,15.5,2.8,-4.06,17,18,20,18,11.555555555555555,0,graduado
Servicio social,1,diurna,125.0,128.5,0,1,0,20,16.2,0.3,-0.92,0,6,13,1,14.0,0,abandono
Agronomía,1,diurna,130.0,113.0,0,0,0,35,15.5,2.8,-4.06,0,6,17,1,13.0,0,abandono
Servicio social,1,diurna,170.0,150.8,0,1,0,27,7.6,2.6,0.32,0,6,13,2,11.0,0,abandono
Enfermería,3,diurna,132.0,130.8,0,1,0,18,10.8,1.4,1.74,0,8,8,7,13.68142857142857,0,continua_matriculado
Enfermería,1,diurna,133.1,114.5,0,1,0,23,16.2,0.3,-0.92,0,7,11,6,12.1,0,continua_matriculado
Servicio social,2,vespertina,120.0,114.8,0,1,0,19,10.8,1.4,1.74,0,6,8,4,10.5,0,graduado
Enfermería,2,diurna,126.0,126.2,0,1,1,18,11.1,0.6,2.02,0,7,10,5,11.94,0,continua_matriculado
Enfermería,1,diurna,130.0,129.0,1,0,0,26,12.4,0.5,1.79,0,7,11,4,12.86,0,abandono
Servicio social,1,diurna,133.1,110.5,0,1,0,19,16.2,0.3,-0.92,0,6,10,6,14.25,0,graduado
Enfermería,5,diurna,141.0,132.5,0,0,0,19,12.7,3.7,-1.7,0,7,0,0,0.0,0,abandono
Diseño de animación y multimedia,1,diurna,138.0,130.7,0,1,0,18,13.9,-0.3,0.79,0,0,0,0,0.0,0,abandono
Enfermería,1,diurna,130.0,130.4,0,1,1,19,11.1,0.6,2.02,0,7,7,7,13.894285714285711,0,graduado
Enfermería,1,diurna,128.0,124.3,0,1,1,19,15.5,2.8,-4.06,0,7,8,7,13.46875,0,graduado
Enfermería veterinaria,4,diurna,135.0,132.6,0,1,1,19,10.8,1.4,1.74,0,5,5,5,13.6,0,graduado
Servicio social,1,vespertina,150.0,146.7,0,1,1,21,12.4,0.5,1.79,3,6,6,6,14.666666666666666,0,graduado
Periodismo y comunicación,3,diurna,135.0,130.1,0,1,0,18,15.5,2.8,-4.06,0,6,6,6,13.666666666666666,0,graduado
Turismo,1,diurna,120.0,120.0,0,1,0,33,9.4,-0.8,-3.12,9,12,22,10,13.3,0,graduado
Servicio social,1,vespertina,120.0,121.3,0,1,0,32,12.7,3.7,-1.7,7,11,13,11,13.454545454545457,0,graduado
Enfermería,6,diurna,140.0,133.3,0,1,1,17,9.4,-0.8,-3.12,0,8,8,8,13.41625,0,graduado
Enfermería,1,diurna,140.0,110.5,0,1,0,31,12.7,3.7,-1.7,0,7,0,0,0.0,0,abandono
Servicio social,1,vespertina,140.0,102.5,0,1,1,32,15.5,2.8,-4.06,0,6,6,6,11.333333333333334,0,graduado
Enfermería veterinaria,2,diurna,156.0,150.9,0,1,0,18,11.1,0.6,2.02,0,6,8,6,16.0,0,abandono
Diseño de comunicación,1,diurna,133.1,106.6,1,1,0,31,8.9,1.4,3.51,2,6,8,5,11.0,0,continua_matriculado
Turismo,1,diurna,120.0,118.3,0,1,0,20,8.9,1.4,3.51,0,6,8,6,12.857142857142858,0,continua_matriculado
Administración,1,vespertina,100.0,117.9,0,0,0,40,10.8,1.4,1.74,0,5,5,0,0.0,0,abandono
Administración,1,vespertina,120.0,135.0,0,1,0,32,7.6,2.6,0.32,0,5,5,5,14.8,0,graduado
Ingeniería informática,1,diurna,120.0,120.0,0,0,0,40,12.7,3.7,-1.7,1,5,7,1,13.0,0,abandono
Diseño de animación y multimedia,1,diurna,172.0,167.1,0,1,1,18,16.2,0.3,-0.92,0,0,0,0,0.0,0,graduado
Administración,1,vespertina,120.0,115.8,1,0,0,28,12.7,3.7,-1.7,4,9,14,4,10.0,0,abandono
Diseño de comunicación,2,diurna,137.0,141.2,1,1,0,19,9.4,-0.8,-3.12,0,6,11,5,11.2,0,graduado
Periodismo y comunicación,1,diurna,117.0,118.4,0,1,1,19,15.5,2.8,-4.06,0,6,8,6,11.833333333333334,0,graduado
Administración,6,diurna,142.0,134.3,0,1,0,21,10.8,1.4,1.74,0,5,0,0,0.0,0,abandono
Administración,4,diurna,135.0,128.7,0,1,0,22,7.6,2.6,0.32,0,5,8,2,10.5,0,abandono
Ingeniería informática,3,diurna,115.0,116.1,0,0,0,18,12.4,0.5,1.79,0,5,8,5,12.5,0,abandono
Diseño de animación y multimedia,1,diurna,110.0,100.0,0,1,0,27,9.4,-0.8,-3.12,0,0,0,0,0.0,0,abandono
Diseño de animación y multimedia,1,diurna,123.0,118.8,0,1,0,19,8.9,1.4,3.51,4,10,10,5,11.0,0,continua_matriculado
Administración,1,vespertina,140.0,130.0,0,1,0,30,9.4,-0.8,-3.12,6,10,14,9,12.333333333333334,0,graduado
Equinocultura,1,diurna,150.0,150.0,0,1,0,28,16.2,0.3,-0.92,0,6,9,0,0.0,0,abandono
Ingeniería informática,1,diurna,120.0,116.0,1,1,1,34,9.4,-0.8,-3.12,0,5,14,1,17.0,0,continua_matriculado
Administración,1,diurna,110.0,99.0,0,1,0,21,10.8,1.4,1.74,0,5,5,5,11.0,0,continua_matriculado
Servicio social,1,diurna,133.0,132.0,0,1,1,20,16.2,0.3,-0.92,0,6,11,5,11.142857142857142,0,graduado
Turismo,1,diurna,110.0,125.0,0,0,0,31,7.6,2.6,0.32,3,8,19,5,12.166666666666666,0,abandono
Ingeniería informática,1,diurna,126.0,116.2,1,0,0,21,7.6,2.6,0.32,0,5,9,2,11.0,0,abandono
Gestión de publicidad y marketing,2,diurna,133.1,100.0,0,0,0,27,7.6,2.6,0.32,0,5,8,1,11.0,0,abandono
Periodismo y comunicación,6,diurna,136.0,132.9,0,1,0,19,7.6,2.6,0.32,0,6,10,4,13.25,0,graduado
Periodismo y comunicación,4,diurna,129.0,132.5,0,1,0,21,10.8,1.4,1.74,0,6,7,0,0.0,0,continua_matriculado
Agronomía,1,diurna,140.0,140.0,0,0,0,21,16.2,0.3,-0.92,0,6,17,2,12.5,0,abandono
Gestión de publicidad y marketing,1,diurna,160.0,100.1,0,0,0,35,7.6,2.6,0.32,6,10,10,7,12.142857142857142,0,abandono
Enfermería veterinaria,1,diurna,133.1,128.2,0,1,0,28,7.6,2.6,0.32,0,5,8,3,12.0,0,abandono
Gestión de publicidad y marketing,1,diurna,140.0,133.4,0,1,0,24,10.8,1.4,1.74,0,6,6,4,11.25,0,continua_matriculado
Periodismo y comunicación,3,diurna,142.0,136.1,0,0,0,19,9.4,-0.8,-3.12,0,4,8,0,0.0,1,abandono
Gestión de publicidad y marketing,1,diurna,138.0,123.0,1,0,0,20,13.9,-0.3,0.79,0,6,7,5,12.4,0,continua_matriculado
Diseño de comunicación,1,diurna,131.0,130.3,0,1,1,20,16.2,0.3,-0.92,0,6,6,6,12.833333333333334,0,graduado
Ingeniería informática,1,diurna,160.0,153.7,0,1,0,19,9.4,-0.8,-3.12,0,5,7,1,13.0,0,continua_matriculado
Enfermería veterinaria,1,diurna,110.0,142.5,1,0,0,37,8.9,1.4,3.51,5,7,7,5,12.0,0,abandono
Turismo,1,diurna,124.0,114.6,0,1,0,19,7.6,2.6,0.32,0,6,13,2,12.0,0,abandono
Enfermería,1,diurna,120.0,108.5,0,1,0,36,13.9,-0.3,0.79,0,7,18,0,0.0,0,abandono
Administración,1,diurna,133.1,140.0,0,1,0,29,9.4,-0.8,-3.12,0,5,0,0,0.0,0,abandono
Agronomía,1,diurna,133.1,120.0,0,1,0,30,13.9,-0.3,0.79,0,6,10,6,11.375,0,graduado
Gestión de publicidad y marketing,1,diurna,133.1,120.0,1,1,0,32,11.1,0.6,2.02,1,6,15,2,12.0,0,abandono
Servicio social,1,vespertina,123.0,127.6,0,1,0,26,10.8,1.4,1.74,0,6,6,6,11.833333333333334,0,continua_matriculado
Agronomía,1,diurna,140.0,140.0,0,1,0,37,16.2,0.3,-0.92,0,6,17,1,12.0,0,abandono
Ingeniería informática,1,diurna,138.7,111.3,0,1,0,27,13.9,-0.3,0.79,1,6,7,3,12.0,0,abandono
Periodismo y comunicación,1,diurna,131.0,131.0,0,1,1,18,13.9,-0.3,0.79,0,6,7,6,12.714285714285714,0,graduado
Enfermería,1,diurna,149.0,139.5,0,1,1,18,9.4,-0.8,-3.12,0,8,8,8,15.3,0,graduado
Agronomía,2,diurna,133.1,110.0,0,0,0,32,15.5,2.8,-4.06,2,8,12,2,11.5,2,abandono
Ingeniería informática,1,diurna,130.0,130.0,0,1,0,20,12.4,0.5,1.79,0,5,12,1,13.0,0,continua_matriculado
Agronomía,1,diurna,120.0,115.0,0,1,0,22,16.2,0.3,-0.92,0,6,12,0,0.0,0,abandono
Enfermería,1,diurna,133.1,154.3,0,1,0,32,12.4,0.5,1.79,0,7,0,0,0.0,0,abandono
Administración,1,diurna,143.0,135.0,0,1,0,21,7.6,2.6,0.32,0,5,8,4,11.0,0,continua_matriculado
Gestión de publicidad y marketing,4,diurna,126.0,115.2,0,0,0,19,10.8,1.4,1.74,0,6,7,3,12.666666666666666,0,abandono
Periodismo y comunicación,1,diurna,125.0,130.6,0,1,1,18,8.9,1.4,3.51,0,6,6,6,13.5,0,graduado
Administración,4,diurna,123.0,117.4,0,1,1,18,8.9,1.4,3.51,0,5,7,5,12.0,0,graduado
Administración,1,diurna,150.0,150.0,1,0,0,38,15.5,2.8,-4.06,0,5,6,0,0.0,0,abandono
Educación básica,3,diurna,132.0,131.3,0,1,0,21,7.6,2.6,0.32,0,6,8,5,11.8,0,abandono
Servicio social,1,diurna,133.0,120.4,0,0,0,21,9.4,-0.8,-3.12,0,6,12,2,11.5,0,abandono
Administración,1,vespertina,122.0,113.6,0,1,0,26,7.6,2.6,0.32,0,5,11,2,11.5,0,continua_matriculado
Enfermería,4,diurna,137.0,125.0,0,1,0,19,7.6,2.6,0.32,0,7,7,6,14.616666666666667,0,graduado
Enfermería,6,diurna,145.0,132.3,0,1,1,19,10.8,1.4,1.74,0,8,8,7,14.06,0,continua_matriculado
Turismo,1,diurna,150.0,142.7,1,1,0,18,7.6,2.6,0.32,0,6,9,4,11.0,0,abandono
Administración,1,diurna,130.0,130.0,0,1,0,25,12.7,3.7,-1.7,0,5,0,0,0.0,0,abandono
Enfermería,6,diurna,136.0,120.8,0,1,0,19,7.6,2.6,0.32,6,14,22,7,12.192307692307692,5,graduado
Turismo,2,diurna,131.0,130.3,0,1,1,18,13.9,-0.3,0.79,0,6,6,6,12.833333333333334,0,graduado
Administración,1,diurna,130.0,119.9,0,1,1,19,13.9,-0.3,0.79,0,5,8,5,12.875,0,graduado
Servicio social,1,diurna,108.0,110.5,0,1,1,22,12.4,0.5,1.79,0,6,6,6,12.166666666666666,0,graduado
Agronomía,1,diurna,160.0,160.0,0,1,0,21,15.5,2.8,-4.06,0,6,11,6,13.428571428571429,0,graduado
Enfermería veterinaria,1,diurna,113.0,118.6,0,1,1,21,8.9,1.4,3.51,0,6,6,6,14.5,0,graduado
Educación básica,1,diurna,113.0,112.3,0,1,1,20,11.1,0.6,2.02,0,7,7,7,12.142857142857142,0,graduado
Administración,1,diurna,137.0,124.4,0,1,0,19,10.8,1.4,1.74,0,5,6,4,11.25,0,continua_matriculado
Enfermería,4,diurna,148.0,125.0,0,1,0,18,7.6,2.6,0.32,0,7,7,6,13.9,0,graduado
Enfermería,1,diurna,130.0,105.8,0,1,0,26,13.9,-0.3,0.79,0,7,12,3,13.766666666666666,0,abandono
Administración,1,diurna,133.1,121.5,0,1,0,31,7.6,2.6,0.32,13,15,17,13,11.615384615384617,0,abandono
Servicio social,1,diurna,138.0,134.2,0,1,1,18,11.1,0.6,2.02,0,6,6,6,15.166666666666666,0,graduado
Administración,1,diurna,130.0,130.0,0,1,0,35,11.1,0.6,2.02,0,5,5,0,0.0,0,abandono
Enfermería veterinaria,1,diurna,127.0,122.8,0,1,0,19,12.7,3.7,-1.7,0,5,10,2,14.5,1,continua_matriculado
Servicio social,1,diurna,115.0,108.7,0,1,1,19,15.5,2.8,-4.06,0,6,9,5,10.8,0,graduado
Enfermería,2,diurna,147.0,136.7,0,1,0,18,11.1,0.6,2.02,0,7,7,7,13.995714285714287,0,graduado
Enfermería veterinaria,1,diurna,132.0,119.1,0,1,0,20,12.4,0.5,1.79,0,6,8,6,13.285714285714286,0,graduado
Diseño de animación y multimedia,4,diurna,146.0,151.3,0,1,1,19,8.9,1.4,3.51,6,12,12,12,12.75,0,graduado
Servicio social,1,diurna,109.0,108.3,0,1,1,21,10.8,1.4,1.74,0,6,15,2,10.5,0,continua_matriculado
Educación básica,1,diurna,133.0,127.4,1,1,1,18,16.2,0.3,-0.92,0,7,7,7,12.714285714285714,0,graduado
Enfermería,1,diurna,124.0,124.0,0,1,0,23,9.4,-0.8,-3.12,0,8,8,8,12.88625,0,graduado
Diseño de comunicación,1,diurna,133.1,155.0,0,1,1,21,16.2,0.3,-0.92,0,6,7,5,13.0,0,graduado
Administración,1,diurna,121.0,114.0,0,1,1,19,11.1,0.6,2.02,0,5,7,5,12.2,0,graduado
Administración,2,diurna,129.0,118.9,0,1,0,19,10.8,1.4,1.74,0,5,8,4,12.8,0,continua_matriculado
Enfermería veterinaria,1,diurna,160.0,160.0,0,1,0,20,8.9,1.4,3.51,7,11,15,11,13.785714285714286,0,graduado
Administración,1,diurna,131.0,126.1,0,1,0,18,16.2,0.3,-0.92,0,5,5,0,0.0,0,continua_matriculado
Enfermería,1,diurna,150.0,136.5,0,1,1,18,9.4,-0.8,-3.12,0,8,8,8,14.50125,0,graduado
Enfermería,5,diurna,130.0,122.3,0,1,0,19,7.6,2.6,0.32,0,7,7,6,14.35,0,graduado
Diseño de comunicación,1,diurna,133.1,128.0,0,1,1,21,9.4,-0.8,-3.12,0,6,6,6,11.5,0,graduado
Servicio social,1,diurna,154.0,156.5,0,1,1,18,12.7,3.7,-1.7,0,6,8,6,11.714285714285714,0,graduado
Gestión de publicidad y marketing,1,diurna,126.0,125.7,0,1,0,20,15.5,2.8,-4.06,0,6,9,6,13.571428571428571,0,continua_matriculado
Periodismo y comunicación,1,diurna,150.0,143.0,0,1,0,18,12.7,3.7,-1.7,0,6,6,5,13.0,0,graduado
Enfermería,5,diurna,141.0,131.9,0,1,1,18,15.5,2.8,-4.06,0,7,8,7,13.56875,0,graduado
Administración,1,vespertina,134.0,113.7,0,1,0,32,9.4,-0.8,-3.12,1,5,5,5,10.2,0,continua_matriculado
Diseño de animación y multimedia,2,diurna,146.0,155.1,0,1,0,18,13.9,-0.3,0.79,0,0,0,0,0.0,0,graduado
Educación básica,3,diurna,134.0,121.1,0,1,0,19,10.8,1.4,1.74,0,6,8,5,12.2,0,continua_matriculado
Enfermería,3,diurna,139.0,130.3,0,1,1,18,9.4,-0.8,-3.12,0,8,8,8,14.15375,0,graduado
Enfermería,6,diurna,136.0,123.3,0,0,0,18,9.4,-0.8,-3.12,0,8,8,0,0.0,8,abandono
Periodismo y comunicación,5,diurna,110.0,117.4,0,1,0,20,11.1,0.6,2.02,0,6,7,6,13.833333333333334,0,graduado
Gestión de publicidad y marketing,1,diurna,135.0,140.3,0,1,0,19,12.4,0.5,1.79,0,6,7,6,13.428571428571429,0,continua_matriculado
Enfermería,4,diurna,129.0,120.0,0,1,0,19,10.8,1.4,1.74,0,8,8,7,12.454285714285716,0,graduado
Administración,1,diurna,139.0,133.4,0,1,0,18,9.4,-0.8,-3.12,0,5,9,1,11.0,1,continua_matriculado
Enfermería,4,diurna,137.0,126.7,0,1,0,18,15.5,2.8,-4.06,0,7,0,0,0.0,0,abandono
Enfermería,3,diurna,138.0,129.3,0,1,1,18,12.4,0.5,1.79,0,7,8,6,13.271666666666668,0,graduado
Enfermería,6,diurna,136.0,125.7,0,1,0,20,11.1,0.6,2.02,0,7,8,6,13.548333333333334,0,continua_matriculado
Periodismo y comunicación,1,diurna,143.0,144.8,0,1,0,19,16.2,0.3,-0.92,0,6,6,6,12.166666666666666,0,continua_matriculado
Turismo,1,diurna,133.1,98.6,0,1,0,21,12.7,3.7,-1.7,0,6,16,2,11.0,0,abandono
Educación básica,1,diurna,136.0,126.9,0,1,1,19,11.1,0.6,2.02,0,7,7,7,13.285714285714286,0,graduado
Servicio social,1,diurna,139.0,146.7,0,1,1,20,15.5,2.8,-4.06,0,6,6,6,13.333333333333334,0,graduado
Enfermería,1,diurna,125.0,117.0,0,1,1,21,9.4,-0.8,-3.12,0,8,8,8,13.2575,0,graduado
Enfermería veterinaria,1,diurna,130.0,130.0,0,1,0,23,11.1,0.6,2.02,0,6,7,0,0.0,0,abandono
Servicio social,1,diurna,137.0,125.8,0,0,1,18,12.7,3.7,-1.7,0,6,10,6,12.666666666666666,0,abandono
Administración,1,vespertina,130.0,160.0,0,1,0,30,12.7,3.7,-1.7,0,5,5,5,14.6,0,abandono
Enfermería veterinaria,1,diurna,130.0,134.2,0,1,0,20,9.4,-0.8,-3.12,0,5,13,0,0.0,5,abandono
Administración,2,diurna,160.0,96.0,0,0,0,29,10.8,1.4,1.74,3,5,7,3,12.333333333333334,0,abandono
Administración,1,diurna,100.0,101.8,0,1,0,24,10.8,1.4,1.74,0,5,5,5,10.8,0,continua_matriculado
Servicio social,1,diurna,136.0,125.2,0,1,0,20,7.6,2.6,0.32,0,6,7,6,11.666666666666666,0,graduado
Servicio social,1,vespertina,117.0,100.0,0,1,0,27,13.9,-0.3,0.79,0,6,6,4,12.5,0,abandono
Administración,1,diurna,140.0,140.0,0,1,0,23,7.6,2.6,0.32,0,5,0,0,0.0,0,abandono
Diseño de comunicación,1,diurna,132.0,120.0,0,1,1,23,11.1,0.6,2.02,0,6,6,6,15.333333333333334,0,graduado
Enfermería,3,diurna,147.0,134.3,0,1,0,18,12.7,3.7,-1.7,0,8,8,7,14.2,0,graduado
Periodismo y comunicación,1,diurna,158.0,144.7,0,1,1,19,12.7,3.7,-1.7,0,6,6,6,14.833333333333334,0,graduado
Enfermería,6,diurna,142.0,131.9,0,1,0,19,13.9,-0.3,0.79,0,7,7,7,13.642857142857142,0,abandono
Periodismo y comunicación,1,diurna,143.0,136.7,0,1,1,18,11.1,0.6,2.02,0,6,6,6,13.833333333333334,0,abandono
Diseño de comunicación,2,diurna,135.0,129.8,0,1,0,19,9.4,-0.8,-3.12,0,6,6,6,11.833333333333334,0,graduado
Periodismo y comunicación,1,diurna,160.0,146.5,0,1,1,18,13.9,-0.3,0.79,0,6,7,6,13.428571428571429,0,graduado
Administración,1,vespertina,120.0,122.5,0,1,0,29,9.4,-0.8,-3.12,8,13,16,8,10.5,0,continua_matriculado
Higiene oral,2,diurna,133.1,117.8,0,1,0,24,13.9,-0.3,0.79,0,7,10,6,11.416666666666666,0,graduado
Higiene oral,2,diurna,133.1,106.0,0,1,0,19,8.9,1.4,3.51,0,7,16,2,12.75,0,abandono
Higiene oral,1,diurna,133.0,119.0,0,1,0,19,12.7,3.7,-1.7,0,7,10,6,11.15,0,continua_matriculado
Gestión de publicidad y marketing,1,diurna,120.0,115.1,0,1,0,19,10.8,1.4,1.74,0,6,8,3,11.666666666666666,0,continua_matriculado
Turismo,4,diurna,106.0,116.9,0,1,0,20,11.1,0.6,2.02,0,6,7,6,11.5,0,graduado
Periodismo y comunicación,2,diurna,148.0,141.7,0,1,0,18,10.8,1.4,1.74,0,6,6,6,13.833333333333334,0,graduado
Diseño de comunicación,2,diurna,134.0,127.7,0,0,0,18,13.9,-0.3,0.79,1,6,8,6,11.714285714285714,1,abandono
Enfermería,5,diurna,130.0,122.1,0,1,1,19,12.4,0.5,1.79,0,7,8,7,11.678571428571429,0,graduado
Enfermería veterinaria,1,diurna,150.0,153.5,0,1,0,19,13.9,-0.3,0.79,0,6,7,6,15.714285714285714,0,abandono
Diseño de animación y multimedia,1,diurna,141.0,141.4,0,1,1,18,13.9,-0.3,0.79,0,0,0,0,0.0,0,graduado
Periodismo y comunicación,1,diurna,140.0,135.8,0,1,1,19,10.8,1.4,1.74,0,6,6,6,13.0,0,graduado
Enfermería,2,diurna,138.0,127.5,0,1,1,18,16.2,0.3,-0.92,0,7,7,7,14.485714285714286,0,graduado
Administración,1,vespertina,130.0,151.6,0,1,0,24,16.2,0.3,-0.92,0,5,9,5,12.285714285714286,0,continua_matriculado
Enfermería,1,diurna,133.1,121.4,1,1,0,28,13.9,-0.3,0.79,0,7,12,4,13.375,0,continua_matriculado
Enfermería,1,diurna,133.0,100.0,0,1,0,20,12.7,3.7,-1.7,1,8,8,7,11.571428571428571,0,graduado
Enfermería,6,diurna,150.0,131.5,0,1,1,19,12.7,3.7,-1.7,0,8,8,7,12.657142857142857,0,graduado
Administración,1,diurna,117.0,109.3,0,0,0,22,9.4,-0.8,-3.12,0,5,9,2,10.0,1,abandono
Servicio social,1,diurna,145.0,127.9,0,1,0,19,12.7,3.7,-1.7,0,6,7,6,13.714285714285714,0,graduado
Servicio social,1,diurna,140.0,140.0,0,1,0,36,16.2,0.3,-0.92,10,14,21,13,13.071428571428571,0,graduado
Agronomía,1,diurna,160.0,160.0,0,1,1,19,15.5,2.8,-4.06,0,6,7,6,15.333333333333334,0,graduado
Servicio social,1,diurna,125.0,119.8,0,1,0,18,16.2,0.3,-0.92,0,6,9,5,11.571428571428571,0,graduado
Administración,4,vespertina,133.1,153.0,0,0,0,40,7.6,2.6,0.32,0,5,10,0,0.0,0,abandono
Enfermería,2,diurna,139.0,125.0,0,1,1,19,7.6,2.6,0.32,0,7,7,6,12.9,0,graduado
Enfermería,1,diurna,130.0,103.7,0,1,0,38,10.8,1.4,1.74,1,8,12,5,13.126,1,continua_matriculado
Enfermería veterinaria,1,diurna,120.0,120.0,0,1,0,32,15.5,2.8,-4.06,4,10,20,4,11.5,2,abandono
Educación básica,1,diurna,160.0,146.0,0,1,0,19,9.4,-0.8,-3.12,0,6,11,3,10.333333333333334,0,continua_matriculado
Diseño de comunicación,3,diurna,120.0,116.9,0,1,0,19,8.9,1.4,3.51,0,6,6,6,13.5,0,graduado
Administración,1,diurna,130.0,117.9,0,1,0,35,10.8,1.4,1.74,0,1,1,0,0.0,1,abandono
Administración,1,diurna,124.0,128.6,0,1,0,20,7.6,2.6,0.32,0,5,5,4,12.0,0,continua_matriculado
Educación básica,1,diurna,150.0,135.0,0,1,0,29,12.7,3.7,-1.7,2,8,10,7,11.142857142857142,0,graduado
Administración,1,vespertina,140.0,124.6,0,1,0,29,15.5,2.8,-4.06,0,5,11,5,11.4,0,continua_matriculado
Enfermería,5,diurna,135.0,124.0,0,1,1,19,9.4,-0.8,-3.12,0,8,8,7,12.771428571428572,1,continua_matriculado
Enfermería,6,diurna,143.0,129.5,0,1,1,18,10.8,1.4,1.74,0,8,8,7,13.79857142857143,0,graduado
Servicio social,1,vespertina,100.0,111.3,1,0,0,25,7.6,2.6,0.32,0,6,7,6,13.333333333333334,0,graduado
Servicio social,1,vespertina,133.1,95.0,1,0,0,50,8.9,1.4,3.51,0,6,11,0,0.0,0,abandono
Administración,1,diurna,133.1,131.8,0,1,0,24,7.6,2.6,0.32,14,15,17,14,11.357142857142858,0,abandono
Ingeniería informática,5,diurna,132.0,119.1,0,1,0,18,9.4,-0.8,-3.12,0,5,11,0,0.0,0,abandono
Enfermería veterinaria,1,diurna,131.0,125.4,0,1,0,20,15.5,2.8,-4.06,0,6,13,6,15.692307692307692,0,graduado
Agronomía,1,diurna,147.0,140.7,1,1,1,20,15.5,2.8,-4.06,13,18,19,18,15.052631578947368,0,graduado
Administración,1,vespertina,141.0,131.9,0,1,0,21,9.4,-0.8,-3.12,6,10,20,6,11.5,0,abandono
Servicio social,1,diurna,160.0,124.0,1,1,0,28,10.8,1.4,1.74,2,8,15,7,11.0,0,continua_matriculado
Turismo,1,diurna,135.0,139.2,0,1,1,19,12.4,0.5,1.79,0,6,6,6,13.0,0,graduado
Enfermería,1,diurna,133.0,121.8,0,1,1,18,9.4,-0.8,-3.12,0,8,8,8,12.93875,0,graduado
Diseño de animación y multimedia,1,diurna,142.0,132.9,0,1,0,22,12.7,3.7,-1.7,0,0,0,0,0.0,0,graduado
Agronomía,1,diurna,130.0,130.0,0,1,0,25,15.5,2.8,-4.06,0,6,6,0,0.0,0,abandono
Enfermería,1,diurna,133.1,130.1,0,0,0,37,11.1,0.6,2.02,0,7,10,5,13.0,0,abandono
Enfermería,1,diurna,133.1,124.5,0,0,0,38,11.1,0.6,2.02,0,7,11,5,12.18,0,abandono
Gestión de publicidad y marketing,1,diurna,130.0,162.3,0,1,0,36,13.9,-0.3,0.79,0,6,13,3,11.333333333333334,0,abandono
Enfermería,2,diurna,149.0,137.8,0,1,0,18,12.7,3.7,-1.7,0,8,8,7,13.0,0,graduado
Gestión de publicidad y marketing,1,diurna,130.0,119.5,0,0,0,19,9.4,-0.8,-3.12,0,5,5,0,0.0,0,abandono
Equinocultura,1,diurna,150.0,110.0,1,1,0,24,9.4,-0.8,-3.12,0,5,13,2,12.5,2,abandono
Servicio social,1,diurna,106.0,105.0,0,1,0,20,11.1,0.6,2.02,0,6,9,5,11.0,0,graduado
Diseño de animación y multimedia,1,diurna,162.0,142.8,0,1,0,21,12.7,3.7,-1.7,0,0,0,0,0.0,0,abandono
Administración,3,vespertina,120.0,128.2,0,1,0,32,7.6,2.6,0.32,0,5,5,0,0.0,0,abandono
Administración,1,vespertina,133.1,120.0,0,1,0,39,12.7,3.7,-1.7,0,5,9,0,0.0,0,abandono
Ingeniería informática,1,diurna,130.0,130.0,0,0,0,33,12.7,3.7,-1.7,0,5,6,0,0.0,0,abandono
Gestión de publicidad y marketing,2,diurna,128.0,121.7,0,1,1,20,9.4,-0.8,-3.12,0,5,5,5,12.4,0,graduado
Agronomía,1,diurna,124.0,116.0,0,1,0,19,16.2,0.3,-0.92,0,6,8,6,15.5,0,graduado
Administración,1,vespertina,133.1,133.2,0,0,0,43,13.9,-0.3,0.79,0,5,13,2,11.5,0,abandono
Administración,1,vespertina,114.0,116.7,0,1,0,49,16.2,0.3,-0.92,0,5,7,4,13.333333333333334,0,abandono
Periodismo y comunicación,2,diurna,140.0,126.4,0,1,1,18,12.7,3.7,-1.7,0,6,8,6,12.666666666666666,0,graduado
Agronomía,1,diurna,160.0,140.0,0,1,0,27,11.1,0.6,2.02,0,6,6,0,0.0,0,continua_matriculado
Administración,1,diurna,122.0,120.3,0,1,1,19,8.9,1.4,3.51,0,5,8,5,12.6,0,abandono
Diseño de comunicación,1,diurna,140.0,118.0,1,1,1,45,16.2,0.3,-0.92,0,6,6,6,13.5,0,abandono
Gestión de publicidad y marketing,1,diurna,160.0,149.5,0,0,0,19,13.9,-0.3,0.79,0,6,6,6,13.0,0,graduado
Agronomía,1,diurna,130.0,130.0,0,1,1,21,13.9,-0.3,0.79,0,6,15,6,11.714285714285714,0,graduado
Gestión de publicidad y marketing,1,diurna,141.0,126.3,0,1,1,18,13.9,-0.3,0.79,0,6,8,6,12.166666666666666,0,graduado
Administración,3,diurna,127.0,116.2,0,1,0,18,9.4,-0.8,-3.12,0,5,10,0,0.0,1,abandono
Turismo,1,diurna,126.0,126.0,0,0,0,29,9.4,-0.8,-3.12,0,6,12,0,0.0,0,abandono
Gestión de publicidad y marketing,1,diurna,131.0,122.3,0,1,0,19,9.4,-0.8,-3.12,0,5,6,5,11.5,0,graduado
Administración,1,diurna,130.0,119.5,0,1,1,18,12.4,0.5,1.79,0,5,7,4,11.25,0,continua_matriculado
Diseño de comunicación,1,diurna,130.0,131.8,0,1,1,22,12.4,0.5,1.79,2,7,7,7,12.285714285714286,0,graduado
Enfermería,6,diurna,140.0,130.7,0,1,1,18,11.1,0.6,2.02,0,7,7,7,12.718571428571428,0,abandono
Equinocultura,1,diurna,140.0,140.0,0,1,0,20,13.9,-0.3,0.79,2,6,12,5,12.4,0,continua_matriculado
Diseño de animación y multimedia,1,diurna,140.0,129.5,0,1,0,20,10.8,1.4,1.74,0,0,0,0,0.0,0,abandono
Gestión de publicidad y marketing,1,diurna,133.1,130.0,1,1,1,29,11.1,0.6,2.02,0,6,16,1,14.0,0,abandono
Gestión de publicidad y marketing,1,diurna,120.0,114.0,0,1,0,29,7.6,2.6,0.32,0,5,10,3,11.666666666666666,0,abandono
Periodismo y comunicación,1,diurna,121.0,121.0,0,1,0,23,9.4,-0.8,-3.12,0,6,15,1,13.0,0,continua_matriculado
Diseño de animación y multimedia,1,diurna,123.0,116.4,1,1,0,19,10.8,1.4,1.74,0,0,0,0,0.0,0,abandono
Ingeniería informática,1,diurna,136.0,121.7,0,1,0,18,7.6,2.6,0.32,0,5,10,0,0.0,0,abandono
Turismo,1,diurna,136.0,130.0,0,1,0,22,7.6,2.6,0.32,2,6,13,4,11.5,0,abandono
Administración,1,vespertina,120.0,120.0,1,1,0,34,10.8,1.4,1.74,6,10,10,7,11.714285714285714,0,abandono
Administración,1,vespertina,160.0,125.0,0,1,0,26,13.9,-0.3,0.79,0,5,7,5,12.6,0,graduado
Diseño de animación y multimedia,1,diurna,125.0,134.1,0,1,0,24,11.1,0.6,2.02,12,17,19,13,11.642857142857142,0,abandono
Gestión de publicidad y marketing,1,diurna,146.0,149.5,0,1,1,17,11.1,0.6,2.02,0,6,8,6,14.875,0,graduado
Gestión de publicidad y marketing,4,diurna,117.0,113.2,0,1,0,21,9.4,-0.8,-3.12,0,5,11,2,10.0,0,continua_matriculado
Administración,1,vespertina,150.0,146.0,0,1,0,34,12.7,3.7,-1.7,0,5,5,5,14.2,0,continua_matriculado
Agronomía,1,diurna,140.0,140.0,0,1,0,19,12.4,0.5,1.79,0,6,8,6,12.714285714285714,0,graduado
Agronomía,1,diurna,111.0,162.4,1,0,0,49,8.9,1.4,3.51,4,12,16,5,11.6,0,abandono
Enfermería,1,diurna,120.0,136.6,0,1,0,23,13.9,-0.3,0.79,0,7,14,5,11.94,0,abandono
Ingeniería informática,3,diurna,111.0,111.0,0,1,0,18,12.4,0.5,1.79,0,5,10,4,11.6,0,abandono
Enfermería,1,diurna,118.0,115.7,0,1,0,20,13.9,-0.3,0.79,0,7,9,5,12.7,0,continua_matriculado
Gestión de publicidad y marketing,3,diurna,106.0,105.7,0,1,0,19,8.9,1.4,3.51,0,6,6,6,13.333333333333334,0,graduado
Agronomía,1,diurna,120.0,128.2,0,1,0,24,16.2,0.3,-0.92,4,9,13,8,13.333333333333334,0,continua_matriculado
Administración,1,diurna,151.0,137.0,0,1,0,18,8.9,1.4,3.51,0,5,5,5,13.4,0,graduado
Turismo,1,diurna,133.1,120.0,1,0,0,45,9.4,-0.8,-3.12,0,6,12,0,0.0,0,abandono
Administración,1,vespertina,120.0,120.5,0,1,0,30,7.6,2.6,0.32,0,5,5,2,11.0,0,abandono
Administración,1,vespertina,120.0,118.1,0,1,0,28,8.9,1.4,3.51,13,15,17,13,12.0,0,abandono
Administración,1,vespertina,110.0,139.0,0,1,0,40,12.7,3.7,-1.7,0,5,0,0,0.0,0,abandono
Administración,2,diurna,133.1,116.3,0,0,0,32,10.8,1.4,1.74,0,5,5,0,0.0,0,abandono
Turismo,5,diurna,118.0,120.5,0,1,0,19,7.6,2.6,0.32,0,6,12,4,12.5,0,abandono
Diseño de comunicación,1,diurna,139.0,134.9,0,1,0,20,16.2,0.3,-0.92,0,6,7,6,13.666666666666666,0,graduado
Ingeniería informática,1,diurna,130.0,123.0,0,1,0,18,9.4,-0.8,-3.12,0,5,10,1,10.0,0,abandono
Gestión de publicidad y marketing,1,diurna,132.0,122.9,0,0,0,20,10.8,1.4,1.74,0,6,6,6,11.5,0,abandono
Administración,1,vespertina,100.0,140.0,0,1,0,39,15.5,2.8,-4.06,0,5,7,4,12.25,0,continua_matriculado
Enfermería veterinaria,1,diurna,120.0,122.5,0,0,0,19,11.1,0.6,2.02,0,6,11,5,13.6,0,continua_matriculado
Administración,1,vespertina,133.1,121.5,0,1,0,38,7.6,2.6,0.32,0,5,11,2,10.5,0,continua_matriculado
Enfermería,3,diurna,156.0,132.3,0,1,1,18,7.6,2.6,0.32,0,7,7,6,13.266666666666666,0,graduado
Enfermería,4,diurna,143.0,131.5,0,1,1,18,13.9,-0.3,0.79,0,7,8,7,12.5125,0,graduado
Equinocultura,1,diurna,133.1,128.2,0,1,0,28,7.6,2.6,0.32,0,5,9,0,0.0,0,abandono
Gestión de publicidad y marketing,1,diurna,140.0,148.0,0,0,0,31,12.7,3.7,-1.7,0,6,14,0,0.0,0,abandono
Enfermería,1,diurna,127.0,121.5,0,1,0,23,7.6,2.6,0.32,0,7,7,6,13.483333333333334,0,graduado
Enfermería,1,diurna,135.0,135.4,0,1,0,21,11.1,0.6,2.02,0,7,9,6,12.565,0,continua_matriculado
Servicio social,1,diurna,133.1,139.0,1,0,0,33,16.2,0.3,-0.92,0,6,8,0,0.0,0,abandono
Administración,1,diurna,120.0,113.4,0,1,0,22,12.7,3.7,-1.7,0,5,9,3,13.0,0,abandono
Ingeniería informática,1,diurna,150.0,150.0,1,1,0,20,12.4,0.5,1.79,0,5,6,5,16.5,0,abandono
Gestión de publicidad y marketing,1,diurna,123.0,122.0,1,1,0,19,8.9,1.4,3.51,0,6,7,6,13.166666666666666,0,continua_matriculado
Enfermería veterinaria,1,diurna,150.0,150.0,0,1,0,20,16.2,0.3,-0.92,1,6,11,6,13.8,0,graduado
Turismo,1,diurna,133.1,119.3,0,1,0,25,9.4,-0.8,-3.12,0,6,7,6,11.166666666666666,0,continua_matriculado
Agronomía,1,diurna,130.0,140.0,0,0,0,25,13.9,-0.3,0.79,0,6,0,0,0.0,0,abandono
Diseño de comunicación,4,diurna,140.0,125.0,0,1,0,19,9.4,-0.8,-3.12,0,6,7,6,12.666666666666666,0,continua_matriculado
Gestión de publicidad y marketing,1,diurna,141.0,140.7,0,1,0,20,7.6,2.6,0.32,0,5,5,5,12.6,0,graduado
Enfermería,1,diurna,133.1,100.0,0,1,0,33,16.2,0.3,-0.92,0,7,7,5,13.06,0,continua_matriculado
Periodismo y comunicación,5,diurna,146.0,146.7,0,1,0,19,7.6,2.6,0.32,0,6,7,6,13.833333333333334,0,graduado
Equinocultura,1,diurna,133.1,96.0,0,1,0,31,7.6,2.6,0.32,0,5,5,0,0.0,0,abandono
Ingeniería informática,1,diurna,160.0,160.0,1,0,0,24,8.9,1.4,3.51,2,6,6,2,16.0,0,abandono
Ingeniería informática,1,diurna,130.0,130.0,1,0,0,23,15.5,2.8,-4.06,0,5,5,0,0.0,0,abandono
Administración,1,vespertina,160.0,130.0,0,0,1,26,9.4,-0.8,-3.12,0,5,12,3,10.666666666666666,0,abandono
Diseño de comunicación,1,diurna,140.0,140.0,0,1,0,38,16.2,0.3,-0.92,14,18,18,18,14.5,0,graduado
Ingeniería informática,6,diurna,126.0,116.6,0,1,1,20,8.9,1.4,3.51,0,5,6,5,14.0,0,graduado
Ingeniería informática,5,diurna,118.0,120.5,0,1,0,20,12.4,0.5,1.79,0,5,10,3,13.333333333333334,0,graduado
Enfermería veterinaria,1,diurna,133.1,103.0,0,1,0,25,10.8,1.4,1.74,0,6,0,0,0.0,0,abandono
Diseño de comunicación,2,diurna,121.0,111.9,0,1,0,19,8.9,1.4,3.51,0,6,9,5,12.0,0,graduado
Ingeniería informática,1,diurna,148.0,148.7,0,1,0,18,8.9,1.4,3.51,0,5,6,5,16.2,0,graduado
Administración,1,vespertina,133.1,120.0,0,1,0,28,10.8,1.4,1.74,7,13,13,7,10.285714285714286,0,abandono
Ingeniería informática,2,diurna,140.0,125.7,0,1,0,18,9.4,-0.8,-3.12,0,5,5,0,0.0,0,continua_matriculado
Turismo,1,diurna,132.0,120.1,0,1,1,20,8.9,1.4,3.51,0,6,7,6,13.571428571428571,0,graduado
Equinocultura,1,diurna,140.0,127.8,0,1,0,18,11.1,0.6,2.02,0,6,7,6,14.285714285714286,0,graduado
Administración,3,diurna,112.0,106.4,0,1,0,19,12.4,0.5,1.79,0,5,7,5,10.2,0,graduado
Enfermería,1,diurna,100.0,100.0,1,1,0,24,12.7,3.7,-1.7,0,8,16,2,10.25,1,abandono
Enfermería veterinaria,4,diurna,126.0,123.9,0,1,0,21,10.8,1.4,1.74,0,6,0,0,0.0,0,abandono
Gestión de publicidad y marketing,1,diurna,150.0,139.5,0,1,1,20,12.7,3.7,-1.7,0,6,7,6,14.833333333333334,0,graduado
Agronomía,1,diurna,150.0,150.0,0,1,0,21,13.9,-0.3,0.79,0,6,12,5,13.625,0,graduado
Higiene oral,1,diurna,144.0,139.8,1,1,0,24,10.8,1.4,1.74,0,7,7,7,12.271428571428572,0,graduado
Administración,1,vespertina,133.1,154.4,0,1,0,27,10.8,1.4,1.74,0,5,0,0,0.0,0,abandono
Administración,6,diurna,120.0,115.5,1,0,0,19,8.9,1.4,3.51,0,5,8,4,12.5,0,continua_matriculado
Servicio social,1,vespertina,133.1,119.0,0,1,0,39,8.9,1.4,3.51,3,9,10,9,13.22222222222222,0,graduado
Tecnologías de producción de biocombustibles,1,diurna,133.1,96.1,0,1,0,25,12.4,0.5,1.79,0,7,13,2,15.0,0,abandono
Diseño de animación y multimedia,1,diurna,130.0,130.0,0,0,0,18,9.4,-0.8,-3.12,0,0,0,0,0.0,0,abandono
Diseño de comunicación,1,diurna,133.0,128.8,0,1,0,19,10.8,1.4,1.74,6,12,12,12,13.166666666666666,0,graduado
Periodismo y comunicación,1,diurna,124.0,126.8,0,1,1,21,13.9,-0.3,0.79,0,6,8,5,13.833333333333334,0,graduado
Administración,1,vespertina,130.0,130.0,0,1,0,27,8.9,1.4,3.51,0,5,0,0,0.0,0,abandono
Administración,3,diurna,124.0,116.7,0,1,0,19,7.6,2.6,0.32,0,5,6,0,0.0,0,continua_matriculado
Enfermería,3,diurna,132.0,125.5,0,1,0,18,10.8,1.4,1.74,0,8,8,7,13.154285714285717,0,continua_matriculado
Gestión de publicidad y marketing,1,diurna,110.0,110.0,0,1,0,27,9.4,-0.8,-3.12,7,12,12,9,12.333333333333334,0,abandono
Periodismo y comunicación,3,diurna,127.0,133.7,1,1,0,18,12.7,3.7,-1.7,0,6,6,6,13.0,0,abandono
Equinocultura,1,diurna,130.0,117.6,0,1,0,19,9.4,-0.8,-3.12,0,5,14,2,11.5,2,continua_matriculado
Agronomía,1,diurna,140.0,140.0,0,1,0,19,13.9,-0.3,0.79,0,6,15,3,13.25,0,abandono
Agronomía,1,diurna,150.0,150.0,0,1,0,22,15.5,2.8,-4.06,0,6,12,3,13.333333333333334,0,continua_matriculado
Servicio social,2,diurna,133.0,133.7,0,1,0,18,10.8,1.4,1.74,0,6,6,6,13.5,0,graduado
Periodismo y comunicación,4,diurna,109.0,137.0,0,1,1,18,10.8,1.4,1.74,0,6,7,6,12.666666666666666,0,graduado
Administración,1,diurna,133.1,128.2,0,1,0,23,9.4,-0.8,-3.12,7,11,18,11,15.090909090909092,1,abandono
Diseño de animación y multimedia,4,diurna,133.0,129.2,1,0,0,20,9.4,-0.8,-3.12,0,0,0,0,0.0,0,abandono
Periodismo y comunicación,3,diurna,134.0,129.5,0,1,0,18,16.2,0.3,-0.92,0,6,7,6,13.166666666666666,0,graduado
Periodismo y comunicación,4,diurna,125.0,129.6,0,1,0,18,12.4,0.5,1.79,0,6,6,6,12.833333333333334,0,graduado
Ingeniería informática,3,diurna,135.0,121.7,0,1,0,18,8.9,1.4,3.51,0,5,7,5,11.8,0,continua_matriculado
Periodismo y comunicación,2,diurna,132.0,141.8,0,1,0,20,12.7,3.7,-1.7,0,6,6,6,11.833333333333334,0,graduado
Periodismo y comunicación,3,diurna,135.0,129.8,0,1,0,20,15.5,2.8,-4.06,0,6,6,5,12.8,0,graduado
Diseño de comunicación,1,diurna,100.0,106.0,0,1,0,21,12.4,0.5,1.79,2,7,7,5,11.8,0,abandono
Diseño de animación y multimedia,1,diurna,144.0,121.6,0,1,0,22,13.9,-0.3,0.79,0,0,0,0,0.0,0,continua_matriculado
Ingeniería informática,1,diurna,125.0,121.5,0,1,0,20,11.1,0.6,2.02,0,5,7,5,15.8,0,abandono
Diseño de animación y multimedia,1,diurna,133.1,117.0,1,1,0,19,15.5,2.8,-4.06,0,0,0,0,0.0,0,continua_matriculado
Ingeniería informática,1,diurna,130.0,130.0,0,1,0,19,12.4,0.5,1.79,0,5,9,2,12.5,0,continua_matriculado
Gestión de publicidad y marketing,1,diurna,117.0,117.7,0,1,0,20,8.9,1.4,3.51,0,6,9,6,14.666666666666666,0,graduado
Enfermería veterinaria,1,diurna,140.0,140.0,0,1,0,19,12.4,0.5,1.79,2,6,10,4,12.5,0,abandono
Ingeniería informática,1,diurna,132.0,133.1,0,1,0,19,11.1,0.6,2.02,0,5,7,3,12.0,0,abandono
Ingeniería informática,1,diurna,133.1,100.0,1,1,0,24,8.9,1.4,3.51,2,8,8,7,13.142857142857142,0,continua_matriculado
Gestión de publicidad y marketing,1,diurna,132.0,119.1,1,1,0,18,10.8,1.4,1.74,0,6,6,3,12.666666666666666,0,abandono
Ingeniería informática,1,diurna,148.0,129.8,0,0,1,18,8.9,1.4,3.51,0,5,6,5,15.0,0,continua_matriculado
Servicio social,1,diurna,133.0,131.3,1,1,0,18,8.9,1.4,3.51,0,6,7,5,13.6,0,abandono
Periodismo y comunicación,5,diurna,143.0,136.7,0,1,0,18,8.9,1.4,3.51,0,6,6,6,12.5,0,graduado
Servicio social,1,diurna,143.0,126.2,0,1,1,21,12.4,0.5,1.79,0,6,7,6,13.333333333333334,0,graduado
Enfermería veterinaria,1,diurna,133.1,109.6,0,1,0,18,11.1,0.6,2.02,0,6,13,4,12.25,0,abandono
Enfermería,1,diurna,141.0,131.9,0,1,1,18,11.1,0.6,2.02,0,7,7,7,15.101428571428572,0,graduado
Servicio social,2,diurna,140.0,140.7,0,1,1,18,10.8,1.4,1.74,0,6,6,6,13.166666666666666,0,graduado
Servicio social,6,vespertina,134.0,120.7,0,1,0,23,13.9,-0.3,0.79,0,6,8,4,11.0,0,abandono
Administración,2,diurna,118.0,113.8,0,1,0,21,8.9,1.4,3.51,0,5,9,3,11.666666666666666,0,graduado
Servicio social,1,diurna,135.0,121.0,0,1,0,20,9.4,-0.8,-3.12,0,6,13,1,10.0,0,continua_matriculado
Servicio social,1,vespertina,119.0,112.4,0,1,0,26,7.6,2.6,0.32,4,7,15,7,11.571428571428571,0,abandono
Periodismo y comunicación,6,diurna,145.0,131.0,0,1,1,18,7.6,2.6,0.32,0,6,6,6,12.166666666666666,0,continua_matriculado
Diseño de animación y multimedia,1,diurna,143.0,142.7,0,1,0,18,16.2,0.3,-0.92,0,0,0,0,0.0,0,abandono
Gestión de publicidad y marketing,1,diurna,123.0,125.5,0,0,1,19,8.9,1.4,3.51,0,6,6,6,13.833333333333334,0,graduado
Enfermería,3,diurna,108.0,107.8,0,1,1,20,13.9,-0.3,0.79,0,7,10,6,12.357142857142858,0,graduado
Periodismo y comunicación,3,diurna,117.0,110.4,1,0,0,19,16.2,0.3,-0.92,0,6,7,6,12.166666666666666,0,abandono
Servicio social,1,diurna,140.0,136.1,1,1,0,21,12.4,0.5,1.79,3,6,8,3,12.0,0,continua_matriculado
Turismo,1,diurna,170.0,138.3,0,1,0,33,10.8,1.4,1.74,5,10,14,9,12.416666666666666,0,graduado
Enfermería veterinaria,2,diurna,157.0,142.3,0,1,0,18,7.6,2.6,0.32,0,5,7,4,12.75,0,graduado
Enfermería,1,diurna,141.0,145.0,0,1,0,21,7.6,2.6,0.32,12,21,33,18,14.933333333333334,12,graduado
Periodismo y comunicación,1,diurna,125.0,125.7,0,1,0,19,8.9,1.4,3.51,0,6,6,6,13.0,0,graduado
Educación básica,1,diurna,133.1,108.0,1,0,0,33,8.9,1.4,3.51,0,7,7,7,12.857142857142858,0,continua_matriculado
Enfermería,4,diurna,143.0,128.7,0,1,0,18,15.5,2.8,-4.06,0,7,10,7,14.455000000000002,0,graduado
Gestión de publicidad y marketing,1,diurna,142.0,128.0,0,1,1,18,11.1,0.6,2.02,0,6,8,6,14.0,0,graduado
Periodismo y comunicación,3,diurna,150.0,146.5,0,1,1,20,11.1,0.6,2.02,0,6,6,6,13.5,0,graduado
Turismo,2,diurna,112.0,106.1,0,0,0,20,11.1,0.6,2.02,0,6,0,0,0.0,0,abandono
Servicio social,2,vespertina,133.1,118.0,0,1,1,20,10.8,1.4,1.74,0,6,6,6,11.666666666666666,0,graduado
Enfermería veterinaria,1,diurna,125.0,117.0,0,1,1,19,10.8,1.4,1.74,0,5,6,4,12.0,0,graduado
Servicio social,3,diurna,121.0,115.4,0,1,1,19,13.9,-0.3,0.79,0,6,7,6,11.714285714285714,0,graduado
Servicio social,3,diurna,133.1,117.0,0,1,0,21,11.1,0.6,2.02,0,6,8,6,12.666666666666666,0,graduado
Enfermería veterinaria,1,diurna,133.1,144.9,0,1,0,26,12.4,0.5,1.79,0,6,11,3,11.75,0,continua_matriculado
Servicio social,1,diurna,135.0,127.0,0,1,0,21,16.2,0.3,-0.92,0,6,0,0,0.0,0,abandono
Enfermería,4,diurna,132.0,118.0,0,1,0,18,12.7,3.7,-1.7,0,8,8,7,12.328571428571427,0,graduado
Educación básica,1,diurna,133.1,118.0,0,1,0,27,12.4,0.5,1.79,0,7,14,6,11.666666666666666,0,abandono
Diseño de comunicación,1,diurna,135.0,126.4,0,1,1,20,15.5,2.8,-4.06,5,12,12,12,13.25,0,graduado
Gestión de publicidad y marketing,1,diurna,110.0,110.0,0,1,0,21,16.2,0.3,-0.92,0,6,8,5,11.833333333333334,0,continua_matriculado
Higiene oral,1,diurna,133.0,124.4,0,1,1,18,15.5,2.8,-4.06,0,7,7,7,13.3,0,graduado
Enfermería veterinaria,1,diurna,140.0,140.0,0,1,0,20,16.2,0.3,-0.92,1,6,13,6,12.555555555555555,0,continua_matriculado
Periodismo y comunicación,1,diurna,135.0,129.4,0,1,0,18,11.1,0.6,2.02,0,6,6,6,12.833333333333334,0,graduado
Servicio social,1,diurna,140.0,141.7,0,1,1,20,13.9,-0.3,0.79,3,6,6,6,12.833333333333334,0,graduado
Enfermería veterinaria,2,diurna,144.0,132.1,0,1,1,19,12.7,3.7,-1.7,0,5,10,3,12.666666666666666,1,graduado
Enfermería,5,diurna,122.0,116.8,0,1,0,20,13.9,-0.3,0.79,0,7,8,6,13.271428571428572,0,graduado
Administración,1,vespertina,143.0,135.0,0,1,1,20,10.8,1.4,1.74,0,5,5,5,12.4,0,graduado
Enfermería veterinaria,1,diurna,150.0,150.0,0,1,0,20,12.7,3.7,-1.7,0,5,10,2,14.5,1,continua_matriculado
Servicio social,3,diurna,124.0,116.0,1,1,0,19,13.9,-0.3,0.79,0,6,7,0,0.0,0,abandono
Periodismo y comunicación,1,diurna,156.0,155.0,0,1,0,18,8.9,1.4,3.51,0,6,7,6,14.285714285714286,0,graduado
Enfermería veterinaria,1,diurna,142.0,127.0,0,1,0,18,10.8,1.4,1.74,0,5,7,3,12.333333333333334,0,graduado
Enfermería,1,diurna,142.0,130.8,0,1,1,19,13.9,-0.3,0.79,0,7,10,6,12.583333333333334,0,graduado
Enfermería,6,diurna,126.0,121.8,0,1,0,19,12.4,0.5,1.79,0,7,8,6,13.731666666666667,0,abandono
Agronomía,1,diurna,133.1,140.0,0,1,0,43,16.2,0.3,-0.92,0,6,8,6,12.875,0,continua_matriculado
Diseño de comunicación,1,diurna,170.0,148.5,0,1,0,47,9.4,-0.8,-3.12,8,10,14,8,14.625,0,abandono
Administración,1,diurna,130.0,109.8,0,0,0,23,7.6,2.6,0.32,0,3,3,0,0.0,0,abandono
Servicio social,1,diurna,133.0,119.7,1,1,1,19,8.9,1.4,3.51,0,6,8,6,12.666666666666666,0,graduado
Enfermería,1,diurna,122.0,122.0,0,1,0,20,12.7,3.7,-1.7,0,8,11,6,12.491666666666667,0,graduado
Diseño de animación y multimedia,1,diurna,138.0,147.5,0,1,1,19,8.9,1.4,3.51,6,12,12,12,13.666666666666666,0,graduado
Enfermería veterinaria,1,diurna,163.0,150.8,0,1,0,19,15.5,2.8,-4.06,0,6,13,6,16.0,0,graduado
Enfermería veterinaria,1,diurna,150.0,150.0,0,1,0,19,13.9,-0.3,0.79,2,6,8,6,14.142857142857142,0,graduado
Servicio social,1,vespertina,133.1,131.5,1,1,1,39,11.1,0.6,2.02,0,6,9,6,11.833333333333334,0,graduado
Diseño de comunicación,1,diurna,144.0,127.2,0,1,1,20,10.8,1.4,1.74,0,6,6,6,12.666666666666666,0,graduado
Diseño de comunicación,1,diurna,118.0,111.0,0,1,0,21,7.6,2.6,0.32,0,6,6,6,12.5,0,graduado
Servicio social,5,diurna,101.0,119.9,1,0,0,22,9.4,-0.8,-3.12,5,11,16,9,10.88888888888889,0,graduado
Periodismo y comunicación,2,diurna,133.0,133.7,0,1,0,19,7.6,2.6,0.32,0,6,11,1,13.0,0,abandono
Gestión de publicidad y marketing,1,diurna,133.1,140.0,0,1,0,22,13.9,-0.3,0.79,0,6,6,6,15.166666666666666,0,graduado
Educación básica,2,diurna,124.0,113.9,0,1,1,19,12.7,3.7,-1.7,0,6,8,6,12.666666666666666,0,graduado
Diseño de animación y multimedia,1,diurna,127.0,120.7,1,1,0,18,7.6,2.6,0.32,0,0,0,0,0.0,0,abandono
Administración,1,diurna,133.1,119.8,0,1,0,26,11.1,0.6,2.02,0,5,9,5,12.0,0,continua_matriculado
Administración,1,vespertina,110.0,121.8,0,0,0,36,12.7,3.7,-1.7,0,5,5,0,0.0,0,abandono
Diseño de animación y multimedia,1,diurna,110.0,117.7,1,1,1,20,12.4,0.5,1.79,0,0,0,0,0.0,0,graduado
Administración,1,diurna,160.0,110.0,0,1,0,30,15.5,2.8,-4.06,0,5,8,2,11.0,0,abandono
Agronomía,1,diurna,120.0,134.4,0,1,0,24,15.5,2.8,-4.06,0,6,7,6,15.714285714285714,0,abandono
Administración,1,diurna,133.1,125.3,0,1,0,26,7.6,2.6,0.32,11,15,15,11,10.818181818181818,0,abandono
Administración,1,diurna,132.0,119.1,0,0,0,19,13.9,-0.3,0.79,0,5,16,1,12.0,0,abandono
Servicio social,1,diurna,130.0,146.0,0,1,0,34,12.4,0.5,1.79,0,6,8,5,12.6,0,graduado
Equinocultura,1,diurna,130.0,130.0,0,1,0,33,9.4,-0.8,-3.12,0,5,12,1,13.0,2,continua_matriculado
Administración,6,diurna,129.0,122.0,0,1,0,19,9.4,-0.8,-3.12,0,5,8,5,11.6,1,graduado
Ingeniería informática,5,diurna,130.0,118.1,1,0,0,26,8.9,1.4,3.51,0,5,11,1,10.0,0,abandono
Gestión de publicidad y marketing,1,diurna,140.0,105.2,0,1,0,29,16.2,0.3,-0.92,0,6,7,1,14.0,0,abandono
Ingeniería informática,5,diurna,131.0,123.3,0,1,1,19,8.9,1.4,3.51,0,5,9,5,12.6,0,abandono
Diseño de animación y multimedia,1,diurna,129.0,124.8,0,1,0,18,12.7,3.7,-1.7,0,0,0,0,0.0,0,abandono
Administración,1,vespertina,133.1,149.4,0,0,0,29,11.1,0.6,2.02,0,5,11,2,11.333333333333334,0,abandono
Turismo,1,diurna,112.0,108.5,0,1,0,21,9.4,-0.8,-3.12,0,6,6,6,12.666666666666666,0,graduado
Turismo,1,diurna,119.0,125.0,0,1,0,19,10.8,1.4,1.74,0,6,7,5,10.8,0,continua_matriculado
Enfermería,1,diurna,133.1,101.0,0,1,0,20,15.5,2.8,-4.06,0,7,14,5,12.87857142857143,0,graduado
Enfermería veterinaria,1,diurna,123.0,112.9,0,1,0,18,7.6,2.6,0.32,0,5,5,0,0.0,0,abandono
Diseño de comunicación,3,diurna,131.0,120.2,0,1,0,18,15.5,2.8,-4.06,0,6,6,6,12.833333333333334,0,continua_matriculado
Administración,1,diurna,120.0,111.6,1,1,1,21,10.8,1.4,1.74,0,5,5,5,12.6,0,continua_matriculado
Administración,1,diurna,125.0,134.1,0,1,0,20,8.9,1.4,3.51,0,5,0,0,0.0,0,abandono
Ingeniería informática,1,diurna,133.1,101.6,0,1,1,30,12.7,3.7,-1.7,0,5,11,0,0.0,0,abandono
Gestión de publicidad y marketing,2,diurna,121.0,111.9,0,1,0,19,13.9,-0.3,0.79,0,6,6,6,14.166666666666666,0,graduado
Administración,1,diurna,148.0,118.4,0,1,0,30,8.9,1.4,3.51,0,5,7,5,13.4,0,abandono
Administración,1,diurna,139.0,127.1,0,1,1,22,12.7,3.7,-1.7,0,5,8,5,11.2,0,graduado
Diseño de animación y multimedia,3,diurna,125.0,120.5,0,1,0,22,12.4,0.5,1.79,0,0,0,0,0.0,0,graduado
Diseño de comunicación,4,diurna,128.0,136.1,1,0,0,19,11.1,0.6,2.02,0,6,6,6,12.666666666666666,0,abandono
Gestión de publicidad y marketing,2,diurna,132.0,124.0,0,1,0,21,7.6,2.6,0.32,0,5,7,3,12.333333333333334,0,abandono
Enfermería veterinaria,4,diurna,137.0,141.6,0,1,0,21,7.6,2.6,0.32,0,5,7,4,12.25,0,graduado
Diseño de animación y multimedia,1,diurna,160.0,160.0,1,1,1,21,15.5,2.8,-4.06,0,0,0,0,0.0,0,abandono
Administración,1,diurna,120.0,110.0,0,1,0,27,15.5,2.8,-4.06,0,5,13,3,10.75,0,abandono
Tecnologías de producción de biocombustibles,1,diurna,134.0,100.0,0,1,0,32,13.9,-0.3,0.79,0,7,7,0,0.0,0,abandono
Gestión de publicidad y marketing,1,diurna,133.1,120.0,1,0,0,40,15.5,2.8,-4.06,0,6,13,0,0.0,0,abandono
Administración,2,diurna,116.0,124.8,0,1,0,20,7.6,2.6,0.32,0,5,9,2,14.333333333333334,0,continua_matriculado
Equinocultura,1,diurna,140.0,140.0,0,1,0,20,12.7,3.7,-1.7,1,5,8,2,11.5,0,abandono
Diseño de animación y multimedia,3,diurna,140.0,124.3,0,1,0,18,7.6,2.6,0.32,0,0,0,0,0.0,0,graduado
Administración,1,diurna,122.0,118.9,0,1,0,21,12.7,3.7,-1.7,0,5,11,2,10.5,0,abandono
Gestión de publicidad y marketing,1,diurna,141.0,130.2,0,1,0,18,12.7,3.7,-1.7,0,6,6,6,13.5,0,abandono
Agronomía,1,diurna,120.0,120.0,0,1,0,19,16.2,0.3,-0.92,0,6,17,1,11.0,0,continua_matriculado
Diseño de comunicación,1,diurna,140.0,140.0,0,0,0,30,15.5,2.8,-4.06,0,6,6,1,10.0,0,abandono
Agronomía,1,diurna,133.1,130.0,0,1,0,29,15.5,2.8,-4.06,0,6,17,0,0.0,2,abandono
Ingeniería informática,2,diurna,137.0,130.4,1,1,0,18,7.6,2.6,0.32,0,5,10,1,12.0,0,abandono
Gestión de publicidad y marketing,2,diurna,122.0,116.1,0,1,1,18,9.4,-0.8,-3.12,0,5,6,4,12.25,0,abandono
Agronomía,1,diurna,130.0,130.0,0,1,0,22,15.5,2.8,-4.06,4,10,21,5,11.4,1,abandono
Administración,2,vespertina,140.0,124.3,0,0,0,27,12.7,3.7,-1.7,0,5,5,0,0.0,0,abandono
Gestión de publicidad y marketing,6,diurna,125.0,125.0,0,1,0,20,10.8,1.4,1.74,0,6,8,4,14.25,0,graduado
Servicio social,1,vespertina,110.0,110.0,0,1,0,42,11.1,0.6,2.02,8,12,12,11,14.454545454545457,0,graduado
Agronomía,1,diurna,133.1,115.0,1,1,0,21,15.5,2.8,-4.06,8,12,13,12,14.538461538461538,0,graduado
Enfermería,1,diurna,132.0,129.6,0,1,0,23,16.2,0.3,-0.92,0,7,10,6,12.733333333333334,0,graduado
Diseño de comunicación,1,diurna,122.0,128.8,0,1,0,21,8.9,1.4,3.51,4,12,13,5,13.2,0,abandono
Diseño de animación y multimedia,3,diurna,155.0,144.2,0,1,0,19,12.7,3.7,-1.7,0,0,0,0,0.0,0,graduado
Servicio social,1,diurna,120.0,134.0,0,1,1,40,8.9,1.4,3.51,0,6,7,6,12.333333333333334,0,abandono
Administración,1,diurna,129.0,112.0,0,1,0,22,12.7,3.7,-1.7,5,9,9,5,11.2,0,abandono
Enfermería,2,diurna,144.0,128.8,0,1,0,19,7.6,2.6,0.32,0,7,7,6,13.2,0,graduado
Ingeniería informática,1,diurna,130.0,134.0,0,1,1,24,12.7,3.7,-1.7,0,5,8,5,11.833333333333334,0,continua_matriculado
Turismo,1,diurna,133.1,125.0,0,1,0,21,12.7,3.7,-1.7,0,6,10,5,11.333333333333334,0,continua_matriculado
Ingeniería informática,4,diurna,133.0,123.2,0,1,0,18,8.9,1.4,3.51,0,5,5,5,13.6,0,graduado
Ingeniería informática,3,diurna,131.0,118.4,0,1,0,18,7.6,2.6,0.32,0,5,10,0,0.0,0,abandono
Gestión de publicidad y marketing,1,diurna,133.1,116.2,0,1,0,24,11.1,0.6,2.02,0,6,11,5,12.857142857142858,0,abandono
Ingeniería informática,1,diurna,133.1,123.0,0,1,1,28,9.4,-0.8,-3.12,0,5,16,3,14.333333333333334,0,continua_matriculado
Gestión de publicidad y marketing,1,diurna,118.0,113.5,0,1,1,19,12.4,0.5,1.79,0,6,9,5,13.5,0,graduado
Enfermería veterinaria,1,diurna,120.0,125.0,0,1,0,28,11.1,0.6,2.02,0,6,8,6,14.428571428571429,0,continua_matriculado
Educación básica,3,diurna,133.1,134.8,0,1,0,18,7.6,2.6,0.32,0,6,12,0,0.0,0,abandono
Diseño de animación y multimedia,1,diurna,145.0,149.9,0,0,0,19,16.2,0.3,-0.92,0,0,0,0,0.0,0,graduado
Enfermería,1,diurna,125.0,119.8,0,1,1,19,9.4,-0.8,-3.12,0,8,8,8,12.82875,0,graduado
Equinocultura,1,diurna,125.0,125.0,0,1,0,21,10.8,1.4,1.74,0,5,6,0,0.0,5,graduado
Enfermería,3,diurna,148.0,135.1,1,1,0,18,13.9,-0.3,0.79,0,7,0,0,0.0,0,abandono
Diseño de comunicación,4,diurna,139.0,138.3,0,1,0,19,9.4,-0.8,-3.12,0,6,6,6,14.666666666666666,0,graduado
Enfermería,2,diurna,130.0,122.5,0,1,0,19,10.8,1.4,1.74,0,8,8,7,13.937142857142858,0,graduado
Diseño de comunicación,1,diurna,148.0,148.0,0,1,0,20,15.5,2.8,-4.06,7,12,12,10,14.7,0,graduado
Periodismo y comunicación,2,diurna,130.0,126.2,0,1,0,18,12.7,3.7,-1.7,0,6,6,6,11.666666666666666,0,graduado
Enfermería,4,diurna,134.0,129.8,0,1,0,20,7.6,2.6,0.32,0,7,7,6,14.85,0,graduado
Enfermería veterinaria,1,diurna,133.1,104.0,0,1,0,26,10.8,1.4,1.74,0,5,11,1,12.0,1,abandono
Enfermería,4,diurna,137.0,126.7,0,1,0,18,13.9,-0.3,0.79,0,7,8,7,13.6875,0,abandono
Servicio social,1,vespertina,130.0,120.0,0,1,0,58,9.4,-0.8,-3.12,0,6,14,5,12.4,0,graduado
Enfermería,2,diurna,137.0,124.6,0,1,0,18,15.5,2.8,-4.06,0,7,10,7,13.398,0,graduado
Enfermería veterinaria,1,diurna,130.0,130.0,0,1,0,20,12.4,0.5,1.79,0,6,13,5,11.8,0,continua_matriculado
Administración,1,vespertina,140.0,127.3,0,1,0,20,11.1,0.6,2.02,0,5,0,0,0.0,0,abandono
Administración,1,diurna,150.0,122.0,0,1,0,29,9.4,-0.8,-3.12,13,15,19,13,11.76923076923077,0,graduado
Servicio social,1,diurna,130.0,125.1,1,0,0,27,16.2,0.3,-0.92,0,6,8,0,0.0,0,abandono
Enfermería veterinaria,1,diurna,133.1,110.0,0,1,1,21,11.1,0.6,2.02,0,6,8,6,13.285714285714286,0,graduado
Servicio social,1,diurna,134.0,129.8,0,1,1,20,15.5,2.8,-4.06,0,6,6,6,11.666666666666666,0,graduado
Servicio social,1,diurna,125.0,114.9,0,1,1,19,11.1,0.6,2.02,0,6,13,6,11.5,0,graduado
Enfermería,1,diurna,141.0,125.6,0,1,1,22,11.1,0.6,2.02,0,7,9,6,13.081666666666669,0,graduado
Diseño de comunicación,3,diurna,138.0,125.1,0,1,1,19,15.5,2.8,-4.06,0,6,6,6,12.666666666666666,0,graduado
Periodismo y comunicación,1,diurna,116.0,115.7,1,0,0,19,12.4,0.5,1.79,0,6,6,3,11.333333333333334,0,abandono
Educación básica,3,diurna,122.0,112.6,0,1,0,23,7.6,2.6,0.32,0,6,8,5,13.6,0,continua_matriculado
Periodismo y comunicación,3,diurna,131.0,127.2,0,1,1,18,12.4,0.5,1.79,0,6,6,6,13.166666666666666,0,abandono
Equinocultura,1,diurna,140.0,140.0,0,1,0,19,12.7,3.7,-1.7,0,6,0,0,0.0,0,abandono
Agronomía,1,diurna,140.0,140.0,0,1,0,20,12.4,0.5,1.79,0,6,10,5,11.666666666666666,0,graduado
Servicio social,4,diurna,127.0,120.4,0,1,1,19,11.1,0.6,2.02,0,6,6,6,13.5,0,graduado
Enfermería veterinaria,1,diurna,133.1,100.0,1,0,1,26,13.9,-0.3,0.79,0,6,7,0,0.0,0,abandono
Servicio social,1,diurna,117.0,113.5,0,1,1,18,11.1,0.6,2.02,0,6,6,6,13.166666666666666,0,graduado
Enfermería veterinaria,1,diurna,150.0,132.1,1,1,0,29,12.7,3.7,-1.7,4,5,11,4,12.5,2,abandono
Agronomía,1,diurna,160.0,160.0,0,0,0,20,16.2,0.3,-0.92,0,6,10,6,13.375,0,graduado
Diseño de comunicación,1,diurna,128.0,126.3,0,1,0,19,15.5,2.8,-4.06,0,6,6,6,13.166666666666666,0,graduado
Enfermería veterinaria,1,diurna,160.0,160.0,0,1,0,23,12.4,0.5,1.79,1,6,12,4,13.4,0,continua_matriculado
Higiene oral,1,diurna,126.0,100.0,0,1,0,25,10.8,1.4,1.74,2,7,10,3,13.0,0,continua_matriculado
Enfermería,1,diurna,135.0,125.8,0,1,0,18,10.8,1.4,1.74,0,8,8,7,13.154285714285717,0,graduado
Diseño de comunicación,3,diurna,139.0,142.2,0,1,1,19,9.4,-0.8,-3.12,0,6,6,6,12.833333333333334,0,graduado
Educación básica,2,diurna,125.0,119.4,0,1,0,18,12.4,0.5,1.79,0,7,10,7,12.142857142857142,0,graduado
Enfermería,2,diurna,106.0,106.4,0,1,1,19,12.4,0.5,1.79,0,7,9,5,13.34,0,continua_matriculado
Servicio social,1,vespertina,120.0,120.0,0,1,0,36,8.9,1.4,3.51,6,10,15,4,13.0,0,abandono
Agronomía,1,diurna,150.0,150.0,0,1,1,20,15.5,2.8,-4.06,0,6,18,3,12.0,0,continua_matriculado
Diseño de animación y multimedia,2,diurna,130.0,148.6,0,1,0,20,11.1,0.6,2.02,0,0,0,0,0.0,0,abandono
Servicio social,1,diurna,116.0,108.7,0,1,0,18,11.1,0.6,2.02,0,6,9,5,11.0,0,abandono
Agronomía,1,diurna,130.0,130.0,0,1,0,19,12.4,0.5,1.79,0,6,8,5,11.5,0,continua_matriculado
Servicio social,1,diurna,140.0,124.6,1,0,0,20,8.9,1.4,3.51,3,9,9,3,13.333333333333334,0,abandono
Enfermería,2,diurna,134.0,131.0,0,1,0,18,15.5,2.8,-4.06,0,7,9,7,14.594444444444443,0,graduado
Equinocultura,1,diurna,130.0,130.0,1,1,0,20,12.4,0.5,1.79,2,6,9,4,11.0,0,abandono
Ingeniería informática,1,diurna,122.0,116.1,1,0,0,24,9.4,-0.8,-3.12,0,5,8,0,0.0,0,abandono
Periodismo y comunicación,1,diurna,128.0,125.6,0,1,0,19,8.9,1.4,3.51,0,6,6,0,0.0,0,abandono
Ingeniería informática,1,diurna,130.0,121.3,0,1,0,18,7.6,2.6,0.32,0,5,9,1,12.0,0,abandono
Ingeniería informática,3,diurna,113.0,107.4,0,1,0,18,8.9,1.4,3.51,0,5,8,5,14.0,0,graduado
Turismo,1,diurna,126.0,116.9,0,1,0,18,8.9,1.4,3.51,0,6,8,6,13.571428571428571,0,graduado
Gestión de publicidad y marketing,2,diurna,135.0,123.5,0,1,0,22,16.2,0.3,-0.92,0,6,12,0,0.0,0,abandono
Gestión de publicidad y marketing,1,diurna,141.0,130.5,0,1,0,19,11.1,0.6,2.02,0,6,8,6,14.25,0,graduado
Enfermería veterinaria,1,diurna,133.1,140.0,1,0,0,32,13.9,-0.3,0.79,0,6,7,0,0.0,0,abandono
Educación básica,1,diurna,133.1,117.1,0,1,1,21,7.6,2.6,0.32,0,6,12,0,0.0,0,abandono
Enfermería,1,diurna,144.0,127.5,0,1,1,19,12.7,3.7,-1.7,0,8,8,7,13.542857142857144,0,graduado
Servicio social,1,vespertina,140.0,126.0,0,1,1,39,12.7,3.7,-1.7,3,9,9,9,13.11111111111111,0,graduado
Servicio social,1,vespertina,100.0,113.0,0,1,0,30,7.6,2.6,0.32,3,9,11,9,12.666666666666666,0,graduado
Administración,1,diurna,135.0,130.1,0,1,0,18,9.4,-0.8,-3.12,0,5,10,4,10.75,1,abandono
Administración,1,vespertina,130.0,110.0,0,1,0,38,7.6,2.6,0.32,4,10,14,4,10.75,0,abandono
Diseño de comunicación,3,diurna,147.0,135.8,0,1,0,20,9.4,-0.8,-3.12,0,6,6,6,13.666666666666666,0,graduado
Servicio social,1,vespertina,149.0,126.3,0,1,0,55,7.6,2.6,0.32,0,6,6,6,13.833333333333334,0,graduado
Diseño de comunicación,1,diurna,130.0,130.0,0,1,0,53,7.6,2.6,0.32,15,18,18,17,13.176470588235292,0,abandono
Servicio social,1,vespertina,120.0,104.0,0,1,0,54,7.6,2.6,0.32,0,6,8,4,12.75,0,abandono
Enfermería,1,diurna,125.0,123.6,0,1,1,18,7.6,2.6,0.32,0,7,8,5,12.86,0,continua_matriculado
Servicio social,1,vespertina,133.1,121.0,1,0,0,44,8.9,1.4,3.51,2,8,12,4,12.0,2,abandono
Servicio social,1,diurna,149.0,130.5,0,1,0,28,10.8,1.4,1.74,8,11,11,9,11.666666666666666,0,graduado
Servicio social,1,vespertina,180.0,180.0,0,1,0,37,8.9,1.4,3.51,12,14,14,14,16.5,0,graduado
Servicio social,1,diurna,110.0,112.5,0,1,0,20,7.6,2.6,0.32,8,10,14,9,12.333333333333334,0,graduado
Enfermería,3,diurna,131.0,126.1,0,1,0,18,15.5,2.8,-4.06,0,7,8,7,12.59125,0,continua_matriculado
Servicio social,1,diurna,117.0,111.8,0,1,0,19,8.9,1.4,3.51,0,6,9,4,11.5,0,abandono
Agronomía,1,diurna,120.0,131.4,0,1,1,23,15.5,2.8,-4.06,17,18,19,18,11.894736842105264,0,graduado
Servicio social,1,diurna,160.0,144.3,0,1,0,22,13.9,-0.3,0.79,0,6,0,0,0.0,0,abandono
Turismo,1,diurna,100.0,115.0,0,0,0,24,11.1,0.6,2.02,0,6,0,0,0.0,0,abandono
Agronomía,1,diurna,140.0,120.0,0,1,0,22,12.4,0.5,1.79,0,6,13,5,13.0,0,continua_matriculado
Agronomía,1,diurna,160.0,168.6,0,1,0,26,13.9,-0.3,0.79,0,6,9,0,0.0,0,abandono
Periodismo y comunicación,6,diurna,141.0,127.7,0,1,0,18,9.4,-0.8,-3.12,0,6,6,6,15.166666666666666,0,graduado
Equinocultura,1,diurna,130.0,150.0,0,1,0,24,11.1,0.6,2.02,2,6,8,4,11.75,0,abandono
Ingeniería informática,1,diurna,142.0,129.8,0,1,0,18,10.8,1.4,1.74,0,5,5,0,0.0,0,continua_matriculado
Diseño de animación y multimedia,1,diurna,130.0,135.6,0,1,0,26,11.1,0.6,2.02,0,0,0,0,0.0,0,abandono
Turismo,1,diurna,133.1,100.0,0,1,0,27,16.2,0.3,-0.92,0,6,11,3,11.333333333333334,0,abandono
Agronomía,1,diurna,140.0,140.0,0,1,1,20,12.4,0.5,1.79,0,6,10,5,12.6,0,graduado
Ingeniería informática,1,diurna,129.0,124.1,0,1,0,19,7.6,2.6,0.32,0,5,10,0,0.0,0,abandono
Enfermería veterinaria,1,diurna,148.0,131.6,0,1,1,18,11.1,0.6,2.02,0,6,8,6,15.5,0,abandono
Enfermería,3,diurna,143.0,129.0,0,1,0,18,10.8,1.4,1.74,0,8,8,7,12.365714285714288,0,graduado
Gestión de publicidad y marketing,1,diurna,128.0,135.7,0,1,0,19,10.8,1.4,1.74,0,6,7,5,13.2,0,continua_matriculado
Diseño de comunicación,1,diurna,100.0,108.0,0,1,0,34,7.6,2.6,0.32,7,12,12,7,11.428571428571429,0,continua_matriculado
Servicio social,1,diurna,116.0,110.8,0,1,0,19,16.2,0.3,-0.92,0,6,0,0,0.0,0,abandono
Periodismo y comunicación,1,diurna,128.0,124.5,0,1,1,19,9.4,-0.8,-3.12,0,6,10,4,14.0,0,graduado
Agronomía,1,diurna,120.0,100.0,0,1,0,30,15.5,2.8,-4.06,3,12,12,3,12.0,0,abandono
Periodismo y comunicación,1,diurna,121.0,123.8,0,0,0,22,10.8,1.4,1.74,0,4,4,0,0.0,4,abandono
Administración,1,diurna,137.0,131.4,0,0,0,19,15.5,2.8,-4.06,0,5,13,4,10.0,0,abandono
Administración,1,diurna,115.0,118.5,0,1,0,21,7.6,2.6,0.32,0,5,9,1,10.0,0,abandono
Diseño de animación y multimedia,2,diurna,129.0,122.0,0,0,0,22,7.6,2.6,0.32,0,0,0,0,0.0,0,abandono
Turismo,1,diurna,125.0,122.9,0,1,1,19,10.8,1.4,1.74,0,6,7,6,11.166666666666666,0,continua_matriculado
Servicio social,1,diurna,125.0,118.7,0,1,0,20,15.5,2.8,-4.06,0,6,12,4,11.75,0,continua_matriculado
Agronomía,1,diurna,133.1,100.0,0,1,0,35,13.9,-0.3,0.79,0,6,13,3,11.75,0,abandono
Administración,2,diurna,131.0,135.9,0,1,0,20,7.6,2.6,0.32,0,5,8,1,10.0,0,abandono
Equinocultura,1,diurna,133.1,138.4,0,1,0,21,7.6,2.6,0.32,0,5,8,3,14.0,0,graduado
Enfermería veterinaria,1,diurna,133.1,128.2,1,0,0,27,7.6,2.6,0.32,0,5,5,0,0.0,0,abandono
Periodismo y comunicación,1,diurna,114.0,107.4,0,0,0,26,9.4,-0.8,-3.12,0,6,12,3,12.0,0,abandono
Periodismo y comunicación,1,diurna,127.0,129.8,0,0,0,20,10.8,1.4,1.74,0,6,10,0,0.0,0,abandono
Agronomía,1,diurna,130.0,100.0,1,0,0,28,15.5,2.8,-4.06,4,10,19,8,11.88888888888889,0,abandono
Periodismo y comunicación,3,diurna,121.0,113.0,0,1,0,19,11.1,0.6,2.02,0,6,6,6,13.833333333333334,0,graduado
Administración,1,vespertina,120.0,107.0,0,0,0,47,12.7,3.7,-1.7,0,5,5,0,0.0,0,abandono
Periodismo y comunicación,1,diurna,120.0,130.0,0,0,0,55,10.8,1.4,1.74,0,6,8,5,11.4,0,abandono
Agronomía,1,diurna,120.0,120.0,0,1,0,39,16.2,0.3,-0.92,0,6,8,0,0.0,0,abandono
Agronomía,1,diurna,120.0,120.5,1,1,0,35,15.5,2.8,-4.06,14,17,17,14,10.642857142857142,1,abandono
Servicio social,1,diurna,133.1,120.5,0,0,0,32,7.6,2.6,0.32,0,6,10,2,11.0,0,abandono
Periodismo y comunicación,4,diurna,124.0,137.0,0,1,0,20,8.9,1.4,3.51,0,6,6,6,16.833333333333332,0,graduado
Turismo,1,diurna,150.0,115.0,0,1,0,36,12.7,3.7,-1.7,0,6,8,6,13.571428571428571,0,graduado
Administración,1,vespertina,133.1,142.7,1,1,1,34,16.2,0.3,-0.92,0,5,11,5,14.714285714285714,0,graduado
Gestión de publicidad y marketing,1,diurna,116.0,116.7,0,1,0,21,9.4,-0.8,-3.12,0,5,8,0,0.0,0,abandono
Administración,1,vespertina,133.1,136.1,0,1,1,42,13.9,-0.3,0.79,0,5,14,1,10.0,0,abandono
Agronomía,1,diurna,133.1,134.3,0,1,0,25,12.4,0.5,1.79,0,6,15,1,11.0,0,abandono
Periodismo y comunicación,1,diurna,167.0,153.0,0,1,1,18,8.9,1.4,3.51,0,6,6,1,11.0,0,abandono
Periodismo y comunicación,1,diurna,140.0,132.0,0,1,1,18,12.7,3.7,-1.7,0,6,6,5,12.0,0,graduado
Servicio social,2,diurna,124.0,129.6,0,1,0,19,7.6,2.6,0.32,0,6,10,6,11.125,0,graduado
Enfermería veterinaria,1,diurna,110.0,105.0,1,0,0,34,13.9,-0.3,0.79,2,6,13,3,11.333333333333334,0,abandono
Periodismo y comunicación,2,diurna,150.0,130.8,0,1,0,20,10.8,1.4,1.74,0,6,15,2,12.0,0,abandono
Enfermería,1,diurna,123.0,119.7,0,1,0,20,13.9,-0.3,0.79,0,7,8,0,0.0,1,abandono
Enfermería,1,diurna,152.0,132.5,0,1,0,21,10.8,1.4,1.74,0,8,8,7,14.54,0,graduado
Agronomía,1,diurna,130.0,130.0,0,1,0,19,12.4,0.5,1.79,0,6,9,6,12.166666666666666,0,graduado
Enfermería veterinaria,1,diurna,133.1,120.0,1,0,0,31,9.4,-0.8,-3.12,0,5,13,4,13.5,1,abandono
Gestión de publicidad y marketing,1,diurna,133.1,150.0,0,1,0,21,11.1,0.6,2.02,0,6,8,6,14.75,0,graduado
Administración,1,diurna,124.0,115.6,0,1,1,20,13.9,-0.3,0.79,0,5,8,5,12.375,0,graduado
Enfermería,2,diurna,119.1,119.1,0,1,0,22,7.6,2.6,0.32,0,7,7,6,12.733333333333334,0,graduado
Diseño de comunicación,2,diurna,128.0,123.5,0,0,0,19,9.4,-0.8,-3.12,0,6,9,4,12.5,0,abandono
Equinocultura,1,diurna,133.1,120.0,1,0,0,41,12.7,3.7,-1.7,0,5,5,0,0.0,1,abandono
Enfermería,1,diurna,133.1,110.0,0,1,0,27,7.6,2.6,0.32,0,7,7,0,0.0,6,abandono
Enfermería,1,diurna,145.0,131.4,0,1,0,19,13.9,-0.3,0.79,0,7,7,7,13.44285714285714,0,abandono
Enfermería,2,diurna,141.0,126.8,0,1,1,20,9.4,-0.8,-3.12,0,8,8,8,14.2,0,graduado
Enfermería,4,diurna,118.9,118.9,0,1,1,19,7.6,2.6,0.32,0,7,7,6,13.55,0,graduado
Administración,1,vespertina,160.0,160.0,0,1,0,35,15.5,2.8,-4.06,0,5,5,5,11.6,0,graduado
Periodismo y comunicación,5,diurna,111.0,115.9,0,1,0,22,13.9,-0.3,0.79,0,6,7,6,13.571428571428571,0,graduado
Turismo,2,diurna,111.0,109.3,0,1,1,20,11.1,0.6,2.02,0,6,6,6,13.833333333333334,0,graduado
Gestión de publicidad y marketing,1,diurna,123.0,113.9,1,0,0,18,10.8,1.4,1.74,0,6,7,4,11.25,0,abandono
Servicio social,1,diurna,133.0,121.8,0,1,1,18,12.4,0.5,1.79,0,6,7,5,10.2,0,graduado
Enfermería,1,diurna,140.0,140.0,0,1,0,30,10.8,1.4,1.74,0,8,8,7,15.675714285714283,0,graduado
Servicio social,1,diurna,122.0,114.7,1,1,1,18,11.1,0.6,2.02,0,6,9,6,10.833333333333334,0,graduado
Turismo,1,diurna,128.0,120.0,0,1,1,20,12.4,0.5,1.79,0,6,6,6,14.5,0,continua_matriculado
Servicio social,1,diurna,108.0,107.3,0,1,1,19,12.4,0.5,1.79,0,6,12,4,10.4,0,continua_matriculado
Enfermería veterinaria,1,diurna,139.0,136.2,0,1,0,19,7.6,2.6,0.32,0,5,7,5,13.0,1,graduado
Higiene oral,2,diurna,130.0,119.5,0,1,1,21,15.5,2.8,-4.06,0,7,7,7,12.242857142857144,0,graduado
Educación básica,1,diurna,133.1,106.0,1,1,0,21,8.9,1.4,3.51,0,7,7,7,13.0,0,continua_matriculado
Gestión de publicidad y marketing,4,diurna,130.0,124.1,0,1,0,18,8.9,1.4,3.51,0,6,6,6,14.166666666666666,0,continua_matriculado
Administración,3,diurna,143.0,133.2,0,1,1,18,12.7,3.7,-1.7,0,5,11,4,14.25,0,graduado
Enfermería veterinaria,1,diurna,110.0,110.0,0,0,0,35,9.4,-0.8,-3.12,0,5,14,1,12.0,2,abandono
Enfermería,6,diurna,120.0,114.8,0,1,0,21,11.1,0.6,2.02,0,7,11,4,13.25,0,continua_matriculado
Enfermería,1,diurna,140.0,130.0,0,1,1,18,7.6,2.6,0.32,0,7,7,6,13.183333333333332,0,graduado
Diseño de comunicación,5,diurna,125.0,122.6,0,1,0,22,9.4,-0.8,-3.12,0,6,6,1,11.0,0,continua_matriculado
Enfermería,1,diurna,134.0,133.5,0,1,1,20,15.5,2.8,-4.06,0,7,8,7,11.9725,0,graduado
Turismo,1,diurna,130.0,120.0,0,1,0,34,9.4,-0.8,-3.12,0,6,7,5,12.4,0,graduado
Administración,1,diurna,120.0,120.0,0,1,0,33,10.8,1.4,1.74,3,8,9,5,12.6,2,continua_matriculado
Enfermería,3,diurna,142.0,137.3,0,1,1,22,7.6,2.6,0.32,0,7,7,6,13.9,0,graduado
Turismo,3,diurna,127.0,123.5,0,1,1,20,7.6,2.6,0.32,0,6,11,4,11.5,0,continua_matriculado
Administración,1,diurna,140.0,131.8,0,1,0,35,10.8,1.4,1.74,0,5,6,4,14.2,0,continua_matriculado
Administración,1,diurna,140.0,130.0,0,0,0,39,9.4,-0.8,-3.12,0,5,12,3,10.666666666666666,2,abandono
Enfermería,6,diurna,142.0,128.0,0,0,0,19,11.1,0.6,2.02,0,7,14,0,0.0,0,abandono
Turismo,1,diurna,120.0,95.0,0,1,1,36,10.8,1.4,1.74,0,6,10,6,11.0,0,graduado
Enfermería,2,diurna,124.0,116.0,0,1,1,21,12.7,3.7,-1.7,0,8,8,7,13.957142857142856,0,graduado
Servicio social,1,diurna,157.0,136.7,0,1,0,22,9.4,-0.8,-3.12,0,6,11,4,12.5,1,continua_matriculado
Servicio social,1,diurna,126.6,107.5,1,1,1,42,11.1,0.6,2.02,0,6,8,6,13.333333333333334,0,graduado
Ingeniería informática,1,diurna,110.0,108.4,0,1,0,34,10.8,1.4,1.74,0,5,5,0,0.0,0,abandono
Periodismo y comunicación,1,diurna,144.0,130.7,0,1,0,20,7.6,2.6,0.32,0,6,9,6,11.666666666666666,0,continua_matriculado
Servicio social,1,vespertina,160.0,155.9,0,1,0,33,13.9,-0.3,0.79,3,6,7,6,15.714285714285714,0,graduado
Turismo,4,diurna,105.0,106.1,0,1,0,20,13.9,-0.3,0.79,0,6,8,5,11.0,0,graduado
Gestión de publicidad y marketing,2,diurna,130.0,128.6,1,1,0,19,7.6,2.6,0.32,0,5,8,4,12.25,0,graduado
Administración,1,vespertina,140.0,140.0,1,1,0,34,16.2,0.3,-0.92,4,10,25,5,12.2,0,abandono
Administración,1,diurna,138.0,145.0,0,1,0,18,7.6,2.6,0.32,0,5,6,5,13.0,0,graduado
Servicio social,1,vespertina,120.0,113.0,0,1,1,24,10.8,1.4,1.74,0,6,11,4,12.0,0,graduado
Educación básica,1,diurna,135.0,137.1,0,1,0,18,7.6,2.6,0.32,0,6,6,6,13.333333333333334,0,graduado
Gestión de publicidad y marketing,1,diurna,119.0,119.7,0,1,0,20,7.6,2.6,0.32,0,5,6,3,13.0,0,continua_matriculado
Enfermería,1,diurna,121.0,120.5,0,1,0,21,10.8,1.4,1.74,0,8,8,7,12.91,0,graduado
Servicio social,5,diurna,126.0,125.7,0,1,1,19,9.4,-0.8,-3.12,0,6,8,6,11.0,0,graduado
Enfermería,4,diurna,132.0,125.5,0,1,1,19,15.5,2.8,-4.06,0,7,8,6,13.579999999999998,0,graduado
Servicio social,1,diurna,128.0,124.5,0,1,1,18,12.4,0.5,1.79,0,6,10,4,12.4,0,graduado
Servicio social,1,vespertina,160.0,126.0,0,1,1,38,13.9,-0.3,0.79,4,9,13,8,12.88888888888889,0,graduado
Diseño de animación y multimedia,1,diurna,125.0,136.2,1,1,0,21,8.9,1.4,3.51,6,12,12,11,11.545454545454543,0,continua_matriculado
Administración,1,diurna,127.0,124.2,0,1,0,23,15.5,2.8,-4.06,0,5,6,1,10.0,0,continua_matriculado
Enfermería,5,diurna,147.0,138.5,0,1,0,19,9.4,-0.8,-3.12,0,8,8,8,14.34125,0,graduado
Periodismo y comunicación,2,diurna,130.0,122.3,1,0,0,18,13.9,-0.3,0.79,0,6,8,6,14.142857142857142,0,abandono
Diseño de animación y multimedia,6,diurna,134.0,126.0,0,1,1,18,9.4,-0.8,-3.12,0,0,0,0,0.0,0,graduado
Agronomía,1,diurna,140.0,135.4,0,1,0,24,12.4,0.5,1.79,0,6,10,5,11.8,0,continua_matriculado
Periodismo y comunicación,1,diurna,151.0,146.5,0,1,1,18,12.7,3.7,-1.7,0,6,6,6,13.333333333333334,0,graduado
Equinocultura,1,diurna,132.0,121.9,0,1,0,18,13.9,-0.3,0.79,0,6,8,6,14.5,0,graduado
Administración,1,vespertina,130.0,130.0,0,1,0,26,11.1,0.6,2.02,5,10,13,8,12.666666666666666,0,graduado
Administración,1,diurna,126.0,115.2,1,1,0,19,12.4,0.5,1.79,0,5,13,1,10.0,0,continua_matriculado
Gestión de publicidad y marketing,3,diurna,119.0,115.2,0,1,1,19,12.7,3.7,-1.7,0,6,10,0,0.0,0,abandono
Turismo,1,diurna,123.0,125.1,0,1,0,19,16.2,0.3,-0.92,0,6,12,4,11.0,0,continua_matriculado
Equinocultura,1,diurna,106.0,108.0,1,1,0,20,9.4,-0.8,-3.12,0,5,10,2,12.0,2,abandono
Turismo,3,diurna,121.0,125.9,0,1,0,22,9.4,-0.8,-3.12,0,6,10,4,10.0,0,continua_matriculado
Enfermería,2,diurna,138.0,128.0,0,1,0,19,11.1,0.6,2.02,0,7,7,7,14.20857142857143,0,graduado
Enfermería,5,diurna,118.0,113.5,0,1,0,20,12.4,0.5,1.79,0,7,7,7,14.30714285714286,0,graduado
Administración,1,diurna,120.0,124.6,0,1,0,36,10.8,1.4,1.74,0,5,8,3,11.0,0,continua_matriculado
Educación básica,1,diurna,133.1,116.0,0,1,0,29,11.1,0.6,2.02,0,7,14,0,0.0,0,abandono
Servicio social,3,diurna,141.0,124.9,0,1,0,19,12.7,3.7,-1.7,0,6,10,6,12.0,0,graduado
Administración,1,diurna,180.0,140.5,1,0,0,24,13.9,-0.3,0.79,0,5,0,0,0.0,0,abandono
Agronomía,1,diurna,180.0,179.6,1,0,0,27,8.9,1.4,3.51,0,6,6,0,0.0,0,abandono
Periodismo y comunicación,1,diurna,115.0,116.1,0,1,1,18,13.9,-0.3,0.79,0,6,7,6,13.857142857142858,0,graduado
Diseño de animación y multimedia,2,diurna,142.0,139.4,0,1,1,18,15.5,2.8,-4.06,0,0,0,0,0.0,0,graduado
Higiene oral,4,diurna,135.0,129.0,0,1,0,21,12.7,3.7,-1.7,0,7,0,0,0.0,0,abandono
Gestión de publicidad y marketing,1,diurna,150.0,135.6,0,1,1,43,12.4,0.5,1.79,0,6,8,5,11.0,0,graduado
Administración,1,diurna,153.0,147.8,0,1,1,18,16.2,0.3,-0.92,0,5,9,5,13.2,0,graduado
Enfermería veterinaria,1,diurna,153.0,138.0,0,1,1,21,8.9,1.4,3.51,0,6,7,6,13.5,0,abandono
Administración,1,diurna,150.0,150.0,0,1,0,26,9.4,-0.8,-3.12,0,5,5,0,0.0,0,abandono
Enfermería,6,diurna,144.0,130.8,0,1,1,19,12.7,3.7,-1.7,0,8,8,7,14.214285714285714,0,graduado
Enfermería veterinaria,1,diurna,130.0,122.6,0,1,0,18,7.6,2.6,0.32,0,5,5,5,13.0,0,graduado
Periodismo y comunicación,1,diurna,125.0,119.1,0,1,0,22,9.4,-0.8,-3.12,0,6,13,2,12.0,0,abandono
Enfermería,1,diurna,133.1,111.8,0,1,0,27,11.1,0.6,2.02,0,7,0,0,0.0,0,abandono
Administración,3,diurna,133.0,125.0,0,1,0,18,9.4,-0.8,-3.12,0,5,6,5,12.8,1,graduado
Enfermería veterinaria,1,diurna,140.0,129.9,0,1,0,19,9.4,-0.8,-3.12,0,5,11,4,13.6,2,graduado
Enfermería,4,diurna,133.0,131.1,0,1,0,18,13.9,-0.3,0.79,0,7,7,7,13.971428571428572,0,graduado
Enfermería veterinaria,1,diurna,154.0,141.4,0,1,1,19,11.1,0.6,2.02,0,6,8,6,15.0,0,graduado
Enfermería veterinaria,1,diurna,133.1,120.0,0,0,0,32,11.1,0.6,2.02,0,6,0,0,0.0,0,abandono
Enfermería,1,diurna,168.0,133.4,0,1,0,23,15.5,2.8,-4.06,20,26,27,26,15.07777777777778,0,graduado
Enfermería,3,diurna,132.0,127.3,0,1,0,20,7.6,2.6,0.32,0,7,7,6,13.383333333333333,0,graduado
Diseño de animación y multimedia,1,diurna,133.1,131.8,1,1,0,20,8.9,1.4,3.51,6,12,12,12,13.25,0,graduado
Servicio social,1,diurna,120.0,114.8,1,0,0,19,16.2,0.3,-0.92,0,6,10,5,11.714285714285714,0,abandono
Enfermería,3,diurna,150.0,132.8,0,1,1,18,9.4,-0.8,-3.12,0,8,8,8,13.01125,0,graduado
Agronomía,1,diurna,140.0,140.0,0,1,0,21,15.5,2.8,-4.06,0,6,12,3,10.666666666666666,2,abandono
Enfermería,1,diurna,103.0,108.3,0,1,1,20,11.1,0.6,2.02,0,7,14,0,0.0,0,continua_matriculado
Enfermería veterinaria,1,diurna,150.0,150.0,0,1,0,22,12.4,0.5,1.79,1,6,9,6,13.0,0,graduado
Administración,1,vespertina,160.0,160.0,0,1,0,26,12.7,3.7,-1.7,0,5,5,5,12.0,0,graduado
Diseño de comunicación,1,diurna,131.0,131.7,0,1,0,20,12.7,3.7,-1.7,0,6,6,6,12.166666666666666,0,graduado
Enfermería,1,diurna,114.0,112.6,0,1,0,19,16.2,0.3,-0.92,0,7,10,6,11.85,0,graduado
Administración,1,vespertina,120.0,111.1,0,1,0,31,7.6,2.6,0.32,0,5,8,4,11.0,0,graduado
Enfermería,3,diurna,140.0,127.5,1,1,1,20,15.5,2.8,-4.06,0,7,9,7,12.327777777777778,0,graduado
Enfermería veterinaria,1,diurna,130.0,120.2,0,1,0,20,10.8,1.4,1.74,0,5,9,4,12.0,0,graduado
Enfermería,4,diurna,121.0,118.9,0,1,0,21,16.2,0.3,-0.92,0,7,7,7,14.428571428571429,0,graduado
Enfermería,4,diurna,130.0,119.9,0,1,0,18,12.4,0.5,1.79,0,7,7,7,13.78,0,graduado
Enfermería,2,diurna,141.0,127.3,0,1,1,19,7.6,2.6,0.32,0,7,7,6,13.8,0,graduado
Educación básica,1,diurna,131.0,127.9,0,1,1,18,13.9,-0.3,0.79,0,7,7,7,14.857142857142858,0,graduado
Periodismo y comunicación,1,diurna,133.1,133.0,0,1,0,40,16.2,0.3,-0.92,0,6,8,5,13.0,0,continua_matriculado
Servicio social,6,diurna,117.0,114.6,0,1,1,18,13.9,-0.3,0.79,0,6,7,6,12.142857142857142,0,graduado
Enfermería veterinaria,2,diurna,151.0,144.5,0,1,0,18,8.9,1.4,3.51,0,6,7,6,15.666666666666666,0,graduado
Enfermería,1,diurna,131.0,125.4,0,1,0,19,15.5,2.8,-4.06,0,7,13,5,12.5,0,graduado
Servicio social,1,diurna,145.0,145.0,0,1,1,19,12.4,0.5,1.79,0,6,7,6,12.833333333333334,0,graduado
Agronomía,1,diurna,135.0,138.1,1,0,0,28,8.9,1.4,3.51,0,6,6,0,0.0,0,abandono
Diseño de comunicación,1,diurna,119.0,124.6,0,1,0,20,7.6,2.6,0.32,0,6,6,6,12.5,0,graduado
Periodismo y comunicación,2,diurna,122.0,130.8,0,1,0,18,9.4,-0.8,-3.12,0,6,14,4,11.25,0,graduado
Enfermería,2,diurna,155.0,140.5,0,1,0,18,7.6,2.6,0.32,0,7,7,6,15.25,0,graduado
Enfermería veterinaria,1,diurna,123.0,124.1,0,1,1,20,9.4,-0.8,-3.12,0,5,13,5,14.0,2,graduado
Servicio social,1,diurna,130.0,118.4,1,1,0,28,16.2,0.3,-0.92,15,16,16,13,12.076923076923077,0,graduado
Educación básica,1,diurna,133.1,128.2,0,1,0,23,8.9,1.4,3.51,11,16,17,16,14.625,0,graduado
Educación básica,1,diurna,114.0,109.5,0,1,0,19,16.2,0.3,-0.92,0,7,10,4,10.5,0,abandono
Servicio social,1,diurna,137.0,131.1,0,1,1,18,8.9,1.4,3.51,0,6,8,6,12.833333333333334,0,graduado
Periodismo y comunicación,3,diurna,161.0,137.9,1,0,1,20,10.8,1.4,1.74,0,6,6,6,12.5,0,graduado
Diseño de animación y multimedia,1,diurna,133.1,128.2,0,1,0,20,11.1,0.6,2.02,5,12,13,12,11.23076923076923,0,graduado
Administración,1,vespertina,133.1,126.5,0,1,0,27,7.6,2.6,0.32,0,5,5,2,10.5,0,abandono
Educación básica,1,diurna,128.0,120.0,0,1,0,18,12.7,3.7,-1.7,0,6,11,3,12.0,0,abandono
Higiene oral,2,diurna,133.1,123.0,0,1,1,37,10.8,1.4,1.74,0,7,10,7,10.985714285714286,0,graduado
Enfermería,1,diurna,130.0,130.0,0,0,0,42,12.4,0.5,1.79,2,7,10,5,12.62,0,abandono
Enfermería,6,diurna,147.0,141.1,0,1,0,20,13.9,-0.3,0.79,0,7,9,6,13.0,0,abandono
Ingeniería informática,1,diurna,140.0,140.0,0,0,0,34,15.5,2.8,-4.06,0,5,5,0,0.0,0,abandono
Ingeniería informática,1,diurna,140.0,133.6,0,1,0,22,10.8,1.4,1.74,0,5,0,0,0.0,0,abandono
Turismo,2,diurna,133.1,123.5,0,1,0,39,12.4,0.5,1.79,0,6,6,6,13.5,0,graduado
Enfermería,1,diurna,141.0,136.3,0,1,1,18,7.6,2.6,0.32,0,7,7,6,13.516666666666666,0,graduado
Diseño de comunicación,2,diurna,128.0,123.5,0,1,1,21,8.9,1.4,3.51,0,6,6,6,13.166666666666666,0,graduado
Enfermería veterinaria,1,diurna,150.0,112.0,0,1,0,34,10.8,1.4,1.74,0,6,0,0,0.0,0,abandono
Agronomía,1,diurna,160.0,160.0,0,1,1,22,16.2,0.3,-0.92,0,6,8,6,13.125,0,graduado
Agronomía,1,diurna,133.1,110.0,0,1,0,31,16.2,0.3,-0.92,0,6,15,3,14.4,0,abandono
Educación básica,3,diurna,128.0,116.8,0,0,0,19,10.8,1.4,1.74,0,6,10,4,12.0,0,abandono
Turismo,5,diurna,114.0,109.5,0,1,0,19,10.8,1.4,1.74,0,5,5,0,0.0,0,abandono
Higiene oral,1,diurna,133.1,100.0,0,1,0,31,15.5,2.8,-4.06,0,7,7,0,0.0,0,abandono
Administración,1,diurna,126.0,117.3,0,1,0,19,13.9,-0.3,0.79,0,5,15,3,10.8,0,continua_matriculado
Gestión de publicidad y marketing,2,diurna,133.1,130.0,0,1,0,30,9.4,-0.8,-3.12,0,6,0,0,0.0,0,abandono
Enfermería,1,diurna,129.0,137.8,0,1,1,20,11.1,0.6,2.02,2,7,7,7,16.13142857142857,0,graduado
Enfermería,1,diurna,140.0,136.5,0,1,1,18,12.4,0.5,1.79,0,7,7,7,14.838571428571427,0,graduado
Administración,1,vespertina,133.1,138.7,0,1,0,31,10.8,1.4,1.74,0,5,7,3,10.333333333333334,0,abandono
Turismo,1,diurna,134.0,124.9,0,1,0,19,7.6,2.6,0.32,0,6,11,3,12.0,0,abandono
Servicio social,1,vespertina,133.1,140.0,0,1,1,43,8.9,1.4,3.51,0,6,6,0,0.0,0,abandono
Turismo,2,diurna,132.0,122.6,0,1,1,20,13.9,-0.3,0.79,0,6,6,6,13.166666666666666,0,graduado
Enfermería,2,diurna,131.0,129.5,0,1,1,19,9.4,-0.8,-3.12,0,8,8,8,13.9475,0,graduado
Gestión de publicidad y marketing,1,diurna,133.1,155.0,0,1,0,22,9.4,-0.8,-3.12,0,5,6,3,11.333333333333334,0,abandono
Servicio social,1,vespertina,133.1,100.0,0,1,0,26,16.2,0.3,-0.92,2,8,11,7,12.75,0,graduado
Administración,1,diurna,160.0,137.6,0,1,1,19,10.8,1.4,1.74,0,5,6,5,12.6,0,graduado
Enfermería,1,diurna,120.0,120.0,0,1,0,29,12.7,3.7,-1.7,0,8,8,6,12.25,1,abandono
Higiene oral,1,diurna,114.0,114.0,0,1,0,20,8.9,1.4,3.51,0,7,14,0,0.0,6,continua_matriculado
Administración,1,vespertina,140.0,139.0,0,1,1,38,9.4,-0.8,-3.12,0,5,8,5,11.0,0,continua_matriculado
Agronomía,1,diurna,100.0,110.0,0,1,0,41,15.5,2.8,-4.06,8,12,17,12,11.833333333333334,0,graduado
Enfermería,6,diurna,139.0,128.5,0,1,0,19,12.7,3.7,-1.7,0,8,10,6,13.066666666666668,0,abandono
Diseño de comunicación,1,diurna,136.0,132.2,1,1,0,19,10.8,1.4,1.74,0,6,6,6,13.833333333333334,0,graduado
Enfermería,1,diurna,130.0,130.0,0,1,0,43,16.2,0.3,-0.92,0,7,7,3,13.833333333333334,1,abandono
Equinocultura,1,diurna,145.0,129.3,0,1,0,19,10.8,1.4,1.74,0,5,5,5,11.8,0,graduado
Diseño de animación y multimedia,1,diurna,133.1,128.2,0,1,1,19,8.9,1.4,3.51,6,12,12,12,13.333333333333334,0,continua_matriculado
Enfermería,6,diurna,146.0,130.3,0,1,0,18,9.4,-0.8,-3.12,0,8,8,8,13.74625,0,graduado
Diseño de animación y multimedia,1,diurna,159.0,162.5,0,1,0,19,16.2,0.3,-0.92,0,0,0,0,0.0,0,abandono
Servicio social,1,vespertina,133.1,130.0,0,1,0,38,9.4,-0.8,-3.12,0,6,0,0,0.0,0,abandono
Equinocultura,1,diurna,110.0,110.0,0,1,0,37,16.2,0.3,-0.92,0,6,9,0,0.0,0,abandono
Gestión de publicidad y marketing,1,diurna,120.0,142.3,0,1,1,26,10.8,1.4,1.74,0,6,6,6,13.333333333333334,0,graduado
Servicio social,1,diurna,130.0,122.0,0,1,1,21,12.7,3.7,-1.7,0,6,8,1,10.0,0,continua_matriculado
Enfermería veterinaria,3,diurna,158.0,153.6,0,1,1,18,8.9,1.4,3.51,0,6,7,6,15.666666666666666,0,graduado
Educación básica,1,diurna,122.0,112.9,0,1,0,18,16.2,0.3,-0.92,0,7,9,7,11.857142857142858,0,graduado
Enfermería veterinaria,1,diurna,140.0,124.1,0,1,0,18,9.4,-0.8,-3.12,0,5,12,5,14.5,2,graduado
Servicio social,1,diurna,136.0,129.7,0,1,0,19,15.5,2.8,-4.06,0,6,6,6,12.166666666666666,0,graduado
Periodismo y comunicación,1,diurna,111.0,110.0,0,1,0,18,11.1,0.6,2.02,0,6,6,5,12.6,0,graduado
Enfermería,2,diurna,145.0,136.3,0,1,0,18,12.7,3.7,-1.7,0,8,12,7,12.285714285714286,0,continua_matriculado
Servicio social,1,diurna,133.1,146.0,1,1,1,19,8.9,1.4,3.51,0,6,6,6,12.666666666666666,0,graduado
Enfermería,1,diurna,140.0,129.9,0,1,0,19,16.2,0.3,-0.92,0,7,0,0,0.0,0,abandono
Turismo,1,diurna,140.0,140.9,0,1,1,18,12.7,3.7,-1.7,0,6,7,6,12.857142857142858,0,graduado
Enfermería,1,diurna,156.0,135.5,0,1,0,18,12.7,3.7,-1.7,0,8,8,7,13.9,0,graduado
Enfermería,1,diurna,132.0,122.0,0,1,1,20,10.8,1.4,1.74,0,8,8,7,13.817142857142857,0,graduado
Higiene oral,1,diurna,140.0,140.0,0,1,1,22,8.9,1.4,3.51,1,7,10,6,13.314285714285717,0,graduado
Equinocultura,1,diurna,164.0,163.0,0,1,0,18,7.6,2.6,0.32,0,6,0,0,0.0,0,abandono
Turismo,4,diurna,113.0,107.4,0,1,1,19,12.4,0.5,1.79,0,6,6,6,12.166666666666666,0,graduado
Turismo,1,diurna,122.0,114.3,0,0,1,20,7.6,2.6,0.32,0,6,12,4,11.25,0,abandono
Diseño de comunicación,1,diurna,150.0,140.8,0,1,0,19,10.8,1.4,1.74,1,6,6,5,12.4,0,continua_matriculado
Periodismo y comunicación,2,diurna,135.0,126.3,0,1,1,20,8.9,1.4,3.51,0,6,6,6,14.666666666666666,0,graduado
Enfermería veterinaria,1,diurna,133.1,110.0,0,1,0,28,11.1,0.6,2.02,0,6,15,4,12.0,0,abandono
Enfermería veterinaria,2,diurna,122.0,126.2,0,1,0,19,12.4,0.5,1.79,0,6,8,6,14.0,0,graduado
Agronomía,1,diurna,140.0,140.0,0,1,0,22,15.5,2.8,-4.06,0,6,10,6,12.571428571428571,0,continua_matriculado
Enfermería veterinaria,1,diurna,138.0,123.0,0,1,0,19,15.5,2.8,-4.06,1,6,14,6,15.538461538461538,0,graduado
Periodismo y comunicación,3,diurna,130.0,157.0,0,0,0,18,13.9,-0.3,0.79,0,6,0,0,0.0,0,abandono
Equinocultura,1,diurna,157.0,149.7,0,1,0,18,8.9,1.4,3.51,0,6,6,6,15.0,0,graduado
Equinocultura,1,diurna,140.0,140.0,0,1,0,22,12.7,3.7,-1.7,0,5,11,4,12.25,0,graduado
Enfermería veterinaria,1,diurna,170.0,170.0,0,1,0,20,8.9,1.4,3.51,7,11,13,11,15.692307692307692,0,graduado
Administración,1,vespertina,150.0,130.2,0,1,1,24,16.2,0.3,-0.92,0,5,7,5,12.285714285714286,0,graduado
Diseño de animación y multimedia,1,diurna,146.0,135.5,1,1,0,22,11.1,0.6,2.02,12,17,19,12,11.833333333333334,0,continua_matriculado
Servicio social,1,vespertina,120.0,118.3,0,1,0,20,12.7,3.7,-1.7,2,6,6,6,12.166666666666666,0,continua_matriculado
Higiene oral,1,diurna,118.0,116.3,0,1,1,20,12.7,3.7,-1.7,0,7,10,7,11.88888888888889,0,graduado
Servicio social,1,vespertina,120.0,120.0,0,0,0,35,10.8,1.4,1.74,0,6,0,0,0.0,0,abandono
Gestión de publicidad y marketing,1,diurna,154.0,154.7,0,1,1,18,9.4,-0.8,-3.12,0,5,6,5,11.8,0,graduado
Servicio social,2,diurna,139.0,132.7,0,1,0,19,9.4,-0.8,-3.12,0,6,7,6,11.166666666666666,0,graduado
Enfermería,1,diurna,136.0,130.8,0,1,0,18,16.2,0.3,-0.92,0,7,7,7,14.05714285714286,0,graduado
Turismo,2,diurna,130.0,122.7,0,1,0,18,7.6,2.6,0.32,0,6,10,4,11.75,0,abandono
Servicio social,1,diurna,133.1,130.0,0,1,0,31,9.4,-0.8,-3.12,0,6,6,6,13.166666666666666,0,continua_matriculado
Servicio social,1,diurna,133.0,123.6,0,1,1,19,15.5,2.8,-4.06,0,6,7,6,13.5,0,graduado
Enfermería,1,diurna,143.0,116.5,0,1,1,20,15.5,2.8,-4.06,0,7,10,7,12.625,0,graduado
Enfermería veterinaria,3,diurna,117.0,111.1,0,1,0,21,15.5,2.8,-4.06,0,6,0,0,0.0,0,abandono
Enfermería,3,diurna,145.0,136.3,0,1,1,18,12.7,3.7,-1.7,0,8,8,7,13.971428571428572,0,graduado
Diseño de comunicación,5,diurna,134.0,129.8,0,1,0,18,9.4,-0.8,-3.12,0,6,7,2,11.0,0,abandono
Administración,1,vespertina,170.0,134.7,0,1,0,33,10.8,1.4,1.74,0,5,5,5,12.8,0,graduado
Gestión de publicidad y marketing,2,diurna,143.0,131.8,0,1,1,18,12.4,0.5,1.79,0,6,8,6,13.571428571428571,0,continua_matriculado
Diseño de animación y multimedia,1,diurna,140.0,126.8,0,0,1,18,12.7,3.7,-1.7,0,0,0,0,0.0,0,abandono
Enfermería veterinaria,1,diurna,131.0,130.7,1,1,0,21,10.8,1.4,1.74,0,5,9,2,11.5,0,continua_matriculado
Turismo,3,diurna,115.0,109.8,0,1,0,19,10.8,1.4,1.74,0,6,8,4,11.25,0,continua_matriculado
Administración,1,vespertina,130.0,133.9,0,1,0,28,16.2,0.3,-0.92,0,5,7,5,13.714285714285714,0,graduado
Administración,1,diurna,130.0,109.9,0,0,0,29,12.7,3.7,-1.7,0,4,4,0,0.0,0,abandono
Equinocultura,1,diurna,160.0,160.0,1,0,0,36,12.4,0.5,1.79,2,6,9,6,12.0,0,abandono
Servicio social,1,vespertina,133.1,106.5,0,1,1,32,12.7,3.7,-1.7,0,6,7,6,12.666666666666666,0,graduado
Enfermería,1,diurna,130.0,120.0,0,1,1,25,9.4,-0.8,-3.12,0,8,11,7,13.29,3,continua_matriculado
Administración,1,vespertina,140.0,107.8,0,1,0,33,7.6,2.6,0.32,8,10,15,8,10.375,0,continua_matriculado
Servicio social,1,vespertina,133.1,100.0,0,0,0,34,9.4,-0.8,-3.12,3,7,13,3,12.0,0,abandono
Servicio social,1,vespertina,150.0,112.5,0,1,0,33,7.6,2.6,0.32,0,6,10,5,11.4,0,graduado
Administración,1,vespertina,140.0,135.5,1,0,0,29,16.2,0.3,-0.92,0,5,15,2,13.25,0,abandono
Enfermería,1,diurna,145.0,145.0,0,1,0,18,12.4,0.5,1.79,0,7,7,6,13.861666666666666,0,abandono
Periodismo y comunicación,1,diurna,126.0,119.0,0,1,1,18,15.5,2.8,-4.06,0,6,6,6,12.166666666666666,0,graduado
Servicio social,1,diurna,130.0,130.0,0,1,0,38,16.2,0.3,-0.92,0,6,17,4,13.75,0,graduado
Enfermería,4,diurna,135.0,126.3,0,1,1,19,7.6,2.6,0.32,0,7,7,6,15.433333333333332,0,graduado
Servicio social,1,vespertina,133.1,113.5,0,1,1,39,11.1,0.6,2.02,0,6,6,6,13.833333333333334,0,graduado
Administración,1,vespertina,120.0,120.0,0,1,0,37,12.7,3.7,-1.7,7,14,21,12,11.833333333333334,0,graduado
Higiene oral,2,diurna,120.0,111.3,0,1,0,32,16.2,0.3,-0.92,0,7,7,0,0.0,0,abandono
Servicio social,1,diurna,147.0,130.2,0,1,0,18,10.8,1.4,1.74,0,1,1,0,0.0,1,abandono
Higiene oral,1,diurna,149.0,140.2,0,1,0,20,12.7,3.7,-1.7,1,7,9,7,12.333333333333334,0,continua_matriculado
Diseño de comunicación,5,diurna,124.0,113.9,0,1,0,20,7.6,2.6,0.32,0,6,6,6,11.166666666666666,0,graduado
Enfermería veterinaria,1,diurna,133.1,99.0,0,1,1,23,8.9,1.4,3.51,0,6,6,6,14.666666666666666,0,graduado
Administración,2,diurna,125.0,124.0,0,1,0,19,10.8,1.4,1.74,0,5,5,5,11.2,0,continua_matriculado
Servicio social,1,diurna,141.0,138.9,0,1,0,18,13.9,-0.3,0.79,0,6,9,6,13.714285714285714,0,graduado
Administración,1,diurna,131.0,130.0,0,1,0,19,10.8,1.4,1.74,0,5,5,5,12.8,0,graduado
Periodismo y comunicación,4,diurna,118.0,120.8,0,1,0,20,12.4,0.5,1.79,0,6,9,4,13.25,0,graduado
Enfermería,6,diurna,129.0,127.8,0,1,0,19,9.4,-0.8,-3.12,0,8,10,6,13.78,1,abandono
Enfermería,3,diurna,136.0,126.0,0,1,0,19,10.8,1.4,1.74,0,8,8,7,15.11,0,graduado
Servicio social,2,diurna,134.0,126.0,0,1,0,18,10.8,1.4,1.74,0,6,10,4,11.0,0,graduado
Enfermería,1,diurna,153.0,138.5,0,1,1,20,10.8,1.4,1.74,0,8,8,7,15.798571428571426,0,graduado
Enfermería,3,diurna,119.0,119.4,0,1,0,20,12.4,0.5,1.79,0,7,7,7,13.775714285714288,0,graduado
Enfermería,1,diurna,140.0,101.5,0,1,0,24,10.8,1.4,1.74,0,8,11,7,12.16,0,graduado
Higiene oral,2,diurna,133.1,101.5,0,1,0,24,10.8,1.4,1.74,0,7,0,0,0.0,0,abandono
Periodismo y comunicación,2,diurna,130.0,126.2,0,1,0,20,12.4,0.5,1.79,0,6,6,6,14.333333333333334,0,graduado
Diseño de comunicación,3,diurna,128.0,129.8,0,1,0,20,9.4,-0.8,-3.12,0,6,6,6,11.833333333333334,0,continua_matriculado
Enfermería veterinaria,1,diurna,145.0,138.4,0,0,0,18,8.9,1.4,3.51,0,6,7,6,14.833333333333334,0,continua_matriculado
Enfermería,1,diurna,146.0,129.3,0,1,0,18,12.7,3.7,-1.7,0,8,8,7,14.2,0,graduado
Enfermería veterinaria,1,diurna,119.0,113.1,0,1,0,21,10.8,1.4,1.74,0,5,6,5,12.2,0,graduado
Educación básica,1,diurna,160.0,144.3,0,1,0,18,9.4,-0.8,-3.12,0,6,10,4,13.0,0,graduado
Enfermería,5,diurna,144.0,141.0,0,1,1,19,12.7,3.7,-1.7,0,8,8,7,12.485714285714286,0,graduado
Enfermería veterinaria,1,diurna,130.0,130.0,0,1,0,22,11.1,0.6,2.02,0,6,7,6,17.0,0,graduado
Servicio social,3,diurna,122.0,117.5,0,1,0,19,8.9,1.4,3.51,0,6,7,5,10.8,0,graduado
Enfermería,3,diurna,153.0,131.8,0,1,0,18,7.6,2.6,0.32,0,7,7,6,14.716666666666669,0,graduado
Enfermería veterinaria,1,diurna,147.0,133.7,0,1,1,19,10.8,1.4,1.74,0,5,10,2,13.5,0,continua_matriculado
Enfermería,1,diurna,121.0,115.4,0,1,1,24,12.7,3.7,-1.7,0,8,8,7,11.971428571428572,0,continua_matriculado
Enfermería veterinaria,3,diurna,134.0,129.1,0,1,0,19,7.6,2.6,0.32,0,5,7,3,12.0,0,continua_matriculado
Servicio social,1,vespertina,133.0,135.5,0,1,0,34,10.8,1.4,1.74,0,6,7,6,12.333333333333334,0,graduado
Enfermería veterinaria,5,diurna,118.0,112.4,0,1,0,19,15.5,2.8,-4.06,0,12,22,6,15.307692307692308,0,graduado
Enfermería,1,diurna,137.0,130.8,0,1,1,18,7.6,2.6,0.32,0,7,7,6,12.666666666666666,0,graduado
Enfermería,5,diurna,143.0,131.6,0,1,1,19,15.5,2.8,-4.06,0,7,10,7,14.368,0,graduado
Enfermería,1,diurna,123.0,140.8,0,1,0,25,10.8,1.4,1.74,0,8,8,7,12.084285714285716,0,graduado
Enfermería veterinaria,1,diurna,140.0,140.0,0,1,0,21,12.4,0.5,1.79,7,12,18,8,12.25,0,continua_matriculado
Turismo,1,diurna,118.0,114.2,0,1,0,18,16.2,0.3,-0.92,0,6,10,5,12.2,0,continua_matriculado
Servicio social,1,diurna,142.0,127.3,0,1,1,18,9.4,-0.8,-3.12,0,6,12,4,11.0,0,graduado
Servicio social,1,vespertina,115.0,115.0,0,1,0,28,9.4,-0.8,-3.12,0,6,8,5,12.8,0,graduado
Enfermería,1,diurna,131.0,118.8,0,1,1,18,12.7,3.7,-1.7,0,8,8,7,11.857142857142858,0,graduado
Turismo,1,diurna,130.0,125.0,0,1,0,41,8.9,1.4,3.51,0,6,8,6,12.285714285714286,0,graduado
Educación básica,2,diurna,133.1,111.5,0,1,0,18,7.6,2.6,0.32,0,6,11,3,12.333333333333334,0,abandono
Servicio social,1,diurna,134.0,124.2,0,1,1,21,15.5,2.8,-4.06,0,6,11,4,11.25,0,graduado
Servicio social,1,diurna,130.0,130.0,1,1,0,41,11.1,0.6,2.02,0,6,0,0,0.0,0,abandono
Diseño de comunicación,1,diurna,133.1,120.0,0,1,0,32,7.6,2.6,0.32,0,3,3,2,16.0,0,abandono
Servicio social,1,vespertina,114.0,110.0,0,1,0,29,7.6,2.6,0.32,0,6,10,6,11.666666666666666,0,graduado
Higiene oral,1,diurna,130.0,113.3,0,1,0,24,12.4,0.5,1.79,0,7,15,5,12.4,0,continua_matriculado
Higiene oral,1,diurna,128.0,123.5,0,1,0,22,12.7,3.7,-1.7,0,7,14,6,10.744444444444444,1,continua_matriculado
Servicio social,1,diurna,133.1,101.0,0,1,0,21,15.5,2.8,-4.06,0,6,0,0,0.0,0,abandono
Enfermería,1,diurna,133.1,120.9,0,1,0,39,11.1,0.6,2.02,0,7,12,4,12.0,0,abandono
Enfermería veterinaria,1,diurna,140.0,154.6,0,0,1,44,8.9,1.4,3.51,0,6,12,4,12.75,0,continua_matriculado
Administración,1,diurna,117.0,120.2,0,1,0,20,7.6,2.6,0.32,0,5,9,2,10.0,0,continua_matriculado
Enfermería,3,diurna,139.0,146.5,0,1,0,21,7.6,2.6,0.32,11,14,26,12,13.417391304347827,1,graduado
Periodismo y comunicación,1,diurna,159.0,160.1,0,1,0,18,7.6,2.6,0.32,0,6,6,6,15.166666666666666,0,graduado
Agronomía,1,diurna,140.0,150.0,1,1,0,34,16.2,0.3,-0.92,0,6,10,5,13.833333333333334,0,graduado
Enfermería veterinaria,3,diurna,140.0,135.8,0,1,0,18,7.6,2.6,0.32,0,5,6,5,13.333333333333334,0,graduado
Diseño de animación y multimedia,1,diurna,135.0,143.8,1,1,0,19,12.7,3.7,-1.7,0,0,0,0,0.0,0,continua_matriculado
Educación básica,1,diurna,121.0,116.8,0,1,0,18,9.4,-0.8,-3.12,0,6,11,3,11.666666666666666,0,abandono
Enfermería veterinaria,5,diurna,124.0,113.9,0,1,0,19,16.2,0.3,-0.92,0,6,12,5,15.0,0,graduado
Enfermería,3,diurna,131.0,118.0,0,1,1,18,12.7,3.7,-1.7,0,8,8,7,13.242857142857144,0,continua_matriculado
Equinocultura,5,diurna,160.0,150.2,0,1,0,19,12.7,3.7,-1.7,0,5,13,1,13.0,0,abandono
Enfermería,2,diurna,120.0,115.1,0,1,1,19,12.4,0.5,1.79,0,7,8,6,13.075,0,graduado
Gestión de publicidad y marketing,1,diurna,140.0,131.3,0,1,1,18,10.8,1.4,1.74,0,6,6,6,13.5,0,graduado
Administración,1,vespertina,120.0,120.0,0,1,1,23,9.4,-0.8,-3.12,2,6,8,5,11.8,0,graduado
Turismo,2,diurna,118.0,110.3,0,0,0,18,11.1,0.6,2.02,0,6,7,5,12.6,0,continua_matriculado
Educación básica,1,diurna,133.1,100.0,0,1,0,33,7.6,2.6,0.32,0,6,6,6,12.166666666666666,0,abandono
Servicio social,2,diurna,111.0,110.7,0,1,0,19,8.9,1.4,3.51,0,6,9,6,12.166666666666666,0,graduado
Diseño de animación y multimedia,3,diurna,140.0,143.4,0,1,0,21,9.4,-0.8,-3.12,0,0,0,0,0.0,0,abandono
Enfermería,6,diurna,125.0,115.9,0,1,0,18,12.4,0.5,1.79,0,7,7,7,13.557142857142855,0,graduado
Administración,1,vespertina,133.1,145.0,0,1,1,21,10.8,1.4,1.74,0,5,6,4,12.25,0,continua_matriculado
Diseño de comunicación,2,diurna,136.0,140.9,0,1,0,19,9.4,-0.8,-3.12,0,6,6,6,14.333333333333334,0,graduado
Periodismo y comunicación,2,diurna,115.0,108.4,0,1,0,20,7.6,2.6,0.32,0,6,10,4,10.5,0,graduado
Periodismo y comunicación,1,diurna,116.0,114.3,0,1,0,20,7.6,2.6,0.32,0,4,8,0,0.0,0,abandono
Educación básica,5,diurna,110.0,110.0,0,1,0,20,10.8,1.4,1.74,0,6,10,4,12.75,0,continua_matriculado
Servicio social,1,diurna,135.0,121.7,0,1,1,18,7.6,2.6,0.32,0,6,14,0,0.0,0,continua_matriculado
Administración,2,diurna,131.0,123.7,0,1,0,18,7.6,2.6,0.32,0,5,10,1,14.0,0,continua_matriculado
Enfermería,2,diurna,124.0,116.5,0,1,1,20,11.1,0.6,2.02,0,7,9,7,14.093333333333332,0,graduado
Servicio social,1,diurna,163.0,155.0,0,1,1,21,9.4,-0.8,-3.12,0,6,6,6,13.333333333333334,0,graduado
Enfermería,1,diurna,137.0,129.3,0,1,0,19,12.7,3.7,-1.7,0,8,12,7,12.071428571428571,0,graduado
Turismo,3,diurna,128.0,121.7,0,1,1,18,12.4,0.5,1.79,0,6,6,6,12.666666666666666,0,graduado
Enfermería veterinaria,1,diurna,133.1,148.2,1,1,0,27,12.4,0.5,1.79,0,6,11,6,12.125,0,continua_matriculado
Enfermería,2,diurna,133.1,125.5,0,1,1,21,15.5,2.8,-4.06,0,7,9,7,13.2,0,graduado
Enfermería,4,diurna,148.0,131.9,0,1,1,18,15.5,2.8,-4.06,0,7,8,7,14.15,0,graduado
Educación básica,1,diurna,127.0,121.8,1,1,0,18,10.8,1.4,1.74,0,6,12,4,13.5,0,continua_matriculado
Educación básica,1,diurna,110.0,107.7,1,0,0,28,10.8,1.4,1.74,0,6,0,0,0.0,0,abandono
Higiene oral,1,diurna,133.1,115.5,0,1,0,36,11.1,0.6,2.02,0,7,13,5,12.2,0,abandono
Enfermería veterinaria,1,diurna,145.0,139.8,0,1,0,20,12.7,3.7,-1.7,0,5,6,5,14.8,1,graduado
Servicio social,1,diurna,136.0,133.2,0,1,0,19,7.6,2.6,0.32,0,6,8,5,11.0,0,graduado
Administración,1,vespertina,131.0,118.4,0,1,0,20,7.6,2.6,0.32,0,5,10,0,0.0,0,continua_matriculado
Enfermería veterinaria,2,diurna,138.0,123.3,0,1,0,19,9.4,-0.8,-3.12,0,5,15,3,14.0,3,continua_matriculado
Servicio social,1,vespertina,150.0,134.5,0,1,0,28,16.2,0.3,-0.92,0,6,8,5,11.833333333333334,0,graduado
Gestión de publicidad y marketing,1,diurna,112.0,110.6,0,1,0,20,7.6,2.6,0.32,0,5,7,4,11.75,0,graduado
Turismo,1,diurna,154.0,154.0,0,1,0,28,9.4,-0.8,-3.12,8,14,22,12,12.333333333333334,0,graduado
Administración,1,vespertina,160.0,160.0,0,1,0,24,9.4,-0.8,-3.12,3,10,16,3,11.666666666666666,0,abandono
Enfermería veterinaria,1,diurna,140.0,140.0,0,1,0,20,13.9,-0.3,0.79,1,6,9,6,12.666666666666666,0,continua_matriculado
Educación básica,2,diurna,150.0,132.5,0,1,0,22,10.8,1.4,1.74,0,6,9,4,12.25,0,continua_matriculado
Turismo,2,diurna,141.0,127.7,0,1,1,18,16.2,0.3,-0.92,0,6,7,6,11.285714285714286,0,graduado
Administración,5,diurna,122.0,117.5,1,0,0,22,12.7,3.7,-1.7,0,5,12,2,11.5,0,abandono
Turismo,5,diurna,120.0,127.0,0,1,1,18,9.4,-0.8,-3.12,0,6,10,6,11.666666666666666,0,graduado
Enfermería,1,diurna,139.0,125.5,0,1,1,21,12.7,3.7,-1.7,0,8,8,7,13.514285714285714,0,graduado
Periodismo y comunicación,6,diurna,138.0,140.5,0,1,0,19,7.6,2.6,0.32,0,6,7,6,13.0,0,graduado
Educación básica,1,diurna,119.0,118.3,0,1,0,22,9.4,-0.8,-3.12,0,6,11,3,15.0,0,continua_matriculado
Enfermería,1,diurna,129.0,120.8,0,1,1,20,10.8,1.4,1.74,0,8,8,7,12.744285714285716,0,graduado
Administración,1,diurna,133.1,95.0,0,1,0,20,11.1,0.6,2.02,0,5,10,4,11.75,0,graduado
Servicio social,1,vespertina,125.0,122.2,1,1,0,19,10.8,1.4,1.74,0,6,6,6,12.166666666666666,0,graduado
Diseño de animación y multimedia,1,diurna,125.0,143.9,0,1,0,20,15.5,2.8,-4.06,0,0,0,0,0.0,0,continua_matriculado
Diseño de comunicación,2,diurna,137.0,127.2,0,1,1,20,13.9,-0.3,0.79,1,6,9,5,13.4,1,graduado
Servicio social,1,diurna,123.0,120.2,0,1,0,20,7.6,2.6,0.32,0,6,9,5,11.8,0,abandono
Enfermería,3,diurna,154.0,134.8,0,1,0,19,7.6,2.6,0.32,0,7,7,6,13.533333333333331,0,graduado
Turismo,1,diurna,144.0,142.6,0,1,1,18,15.5,2.8,-4.06,0,6,7,6,14.166666666666666,0,graduado
Enfermería,1,diurna,153.0,147.9,0,1,1,18,12.4,0.5,1.79,0,7,7,7,14.652857142857142,0,graduado
Diseño de animación y multimedia,1,diurna,152.0,160.4,0,0,0,19,7.6,2.6,0.32,0,0,0,0,0.0,0,abandono
Administración,1,diurna,150.0,134.6,0,1,0,20,9.4,-0.8,-3.12,0,5,5,5,13.6,0,graduado
Turismo,1,diurna,129.0,121.0,0,1,1,22,16.2,0.3,-0.92,0,6,9,6,12.833333333333334,0,graduado
Servicio social,1,diurna,150.0,142.7,0,1,1,18,9.4,-0.8,-3.12,0,6,6,6,14.666666666666666,0,graduado
Periodismo y comunicación,2,diurna,125.0,115.6,0,1,0,19,12.4,0.5,1.79,0,6,6,6,13.333333333333334,0,graduado
Servicio social,1,diurna,133.1,130.0,0,0,1,20,10.8,1.4,1.74,0,6,10,5,13.4,0,graduado
Enfermería,2,diurna,140.0,124.3,0,1,1,19,13.9,-0.3,0.79,0,7,9,7,13.3125,0,graduado
Diseño de animación y multimedia,1,diurna,140.0,137.9,1,0,0,18,8.9,1.4,3.51,0,0,0,0,0.0,0,abandono
Periodismo y comunicación,6,diurna,133.1,100.0,1,0,0,20,12.4,0.5,1.79,0,4,4,0,0.0,0,abandono
Periodismo y comunicación,2,diurna,132.0,128.2,0,1,1,19,9.4,-0.8,-3.12,0,6,7,6,12.333333333333334,0,graduado
Periodismo y comunicación,3,diurna,135.0,135.0,0,1,0,18,12.4,0.5,1.79,0,6,6,6,13.5,0,continua_matriculado
Servicio social,4,diurna,135.0,121.0,0,1,0,18,10.8,1.4,1.74,0,6,8,5,13.0,0,graduado
Gestión de publicidad y marketing,1,diurna,133.1,147.0,0,1,0,22,9.4,-0.8,-3.12,0,5,6,2,12.5,0,abandono
Servicio social,1,diurna,168.0,149.5,0,1,0,18,12.4,0.5,1.79,0,6,10,6,17.0,0,graduado
Servicio social,1,diurna,143.0,144.4,0,1,0,20,10.8,1.4,1.74,0,6,7,6,13.5,0,graduado
Turismo,2,diurna,116.0,116.0,0,1,0,19,8.9,1.4,3.51,0,6,7,6,12.714285714285714,0,graduado
Enfermería,1,diurna,134.0,120.7,0,1,1,19,16.2,0.3,-0.92,0,7,9,6,13.0,0,graduado
Servicio social,1,diurna,140.0,141.8,0,1,0,21,12.4,0.5,1.79,3,6,7,6,12.571428571428571,0,graduado
Servicio social,2,vespertina,133.0,119.7,0,1,1,19,9.4,-0.8,-3.12,0,6,10,4,11.5,0,abandono
Servicio social,6,diurna,125.0,118.4,0,1,1,19,11.1,0.6,2.02,0,6,6,6,13.5,0,graduado
Servicio social,1,vespertina,133.1,134.5,0,1,0,45,15.5,2.8,-4.06,0,6,8,5,13.6,0,continua_matriculado
Enfermería veterinaria,1,diurna,133.1,128.2,0,0,1,28,9.4,-0.8,-3.12,0,5,14,1,12.0,3,abandono
Enfermería,1,diurna,137.0,115.0,0,1,0,28,13.9,-0.3,0.79,0,7,8,7,14.95,0,graduado
Administración,1,vespertina,140.0,130.0,1,1,0,25,12.7,3.7,-1.7,0,5,10,4,11.25,0,continua_matriculado
Gestión de publicidad y marketing,1,diurna,134.0,120.7,1,0,0,19,15.5,2.8,-4.06,0,6,13,3,10.666666666666666,0,abandono
Enfermería,5,diurna,139.0,130.5,0,1,0,19,10.8,1.4,1.74,0,8,8,7,14.992857142857142,0,graduado
Administración,2,diurna,113.0,107.4,0,1,0,20,12.4,0.5,1.79,0,5,12,3,10.5,0,continua_matriculado
Servicio social,3,diurna,133.1,100.0,0,1,0,22,8.9,1.4,3.51,0,6,6,4,11.25,0,continua_matriculado
Periodismo y comunicación,1,diurna,132.0,125.0,0,1,1,20,12.4,0.5,1.79,0,6,6,6,12.333333333333334,0,graduado
Enfermería,4,diurna,127.0,121.5,0,1,0,20,7.6,2.6,0.32,0,7,7,6,13.016666666666666,0,continua_matriculado
Enfermería veterinaria,1,diurna,123.0,127.2,1,0,0,20,7.6,2.6,0.32,0,5,7,3,11.333333333333334,0,abandono
Enfermería veterinaria,1,diurna,130.0,160.0,0,1,0,27,13.9,-0.3,0.79,0,6,7,6,16.142857142857142,0,graduado
Enfermería veterinaria,1,diurna,125.0,120.0,0,1,0,22,11.1,0.6,2.02,0,6,8,6,14.833333333333334,0,graduado
Enfermería,3,diurna,140.0,141.5,1,0,0,19,10.8,1.4,1.74,0,8,8,7,13.327142857142857,0,abandono
Servicio social,1,diurna,111.0,111.4,0,0,0,19,12.7,3.7,-1.7,0,6,13,4,11.0,0,abandono
Diseño de comunicación,1,diurna,132.0,136.6,0,1,0,18,13.9,-0.3,0.79,1,6,10,6,11.714285714285714,1,continua_matriculado
Diseño de animación y multimedia,1,diurna,150.0,154.6,0,1,0,19,8.9,1.4,3.51,6,12,13,12,12.333333333333334,0,abandono
Educación básica,4,diurna,118.0,111.4,1,0,0,20,11.1,0.6,2.02,0,7,9,0,0.0,0,abandono
Administración,1,vespertina,150.0,120.1,0,0,0,39,10.8,1.4,1.74,11,15,15,12,11.916666666666666,0,abandono
Servicio social,2,vespertina,100.0,100.0,1,1,0,37,7.6,2.6,0.32,0,6,9,6,11.833333333333334,0,graduado
Enfermería,1,diurna,130.0,140.0,1,0,0,30,13.9,-0.3,0.79,3,7,11,3,12.333333333333334,0,abandono
Administración,1,vespertina,130.0,130.0,0,1,0,41,12.7,3.7,-1.7,5,10,11,10,14.3,0,graduado
Enfermería,1,diurna,133.1,100.0,0,0,0,40,9.4,-0.8,-3.12,0,8,11,5,11.832,4,abandono
Administración,1,diurna,112.0,106.1,0,1,0,20,9.4,-0.8,-3.12,0,5,13,2,10.0,1,abandono
Administración,1,vespertina,144.0,151.4,0,1,0,28,7.6,2.6,0.32,0,5,5,5,12.0,0,graduado
Educación básica,2,diurna,120.0,113.7,1,0,0,19,12.4,0.5,1.79,0,7,11,5,12.2,0,abandono
Gestión de publicidad y marketing,1,diurna,121.0,116.5,0,1,0,23,7.6,2.6,0.32,0,5,7,3,11.333333333333334,0,abandono
Servicio social,1,vespertina,120.0,120.0,0,1,0,18,15.5,2.8,-4.06,10,16,24,13,13.846153846153848,0,abandono
Enfermería,1,diurna,100.0,122.0,0,1,0,24,10.8,1.4,1.74,0,8,8,7,12.412857142857144,0,graduado
Gestión de publicidad y marketing,5,diurna,115.0,117.1,0,1,0,21,7.6,2.6,0.32,0,5,7,3,12.666666666666666,0,continua_matriculado
Enfermería,2,diurna,123.0,120.8,0,1,0,19,10.8,1.4,1.74,0,8,11,7,12.545714285714286,0,graduado
Periodismo y comunicación,1,diurna,134.0,141.4,0,1,0,19,9.4,-0.8,-3.12,0,6,12,3,13.0,0,abandono
Agronomía,1,diurna,123.0,110.0,1,0,0,48,11.1,0.6,2.02,0,6,6,0,0.0,0,abandono
Administración,1,vespertina,120.0,120.0,0,0,0,38,9.4,-0.8,-3.12,9,12,12,9,12.22222222222222,2,abandono
Administración,1,diurna,131.0,120.2,0,1,0,19,12.7,3.7,-1.7,0,5,10,5,13.285714285714286,0,graduado
Administración,1,vespertina,133.1,138.4,0,1,0,30,7.6,2.6,0.32,0,5,7,3,11.666666666666666,0,abandono
Agronomía,1,diurna,150.0,150.0,0,1,1,24,13.9,-0.3,0.79,0,6,9,6,13.555555555555555,0,graduado
Periodismo y comunicación,5,diurna,134.0,121.8,0,1,0,19,16.2,0.3,-0.92,0,6,6,6,13.166666666666666,0,graduado
Diseño de animación y multimedia,1,diurna,140.0,140.0,0,1,0,21,15.5,2.8,-4.06,0,0,0,0,0.0,0,continua_matriculado
Turismo,1,diurna,117.0,116.3,0,1,1,21,10.8,1.4,1.74,0,6,6,6,11.666666666666666,0,graduado
Administración,2,vespertina,143.0,131.5,0,1,0,19,15.5,2.8,-4.06,0,5,11,4,11.0,0,abandono
Diseño de comunicación,2,diurna,142.0,141.0,0,1,0,18,10.8,1.4,1.74,0,6,6,6,13.0,0,continua_matriculado
Diseño de comunicación,1,diurna,132.0,138.0,0,1,1,18,12.4,0.5,1.79,0,6,6,6,13.666666666666666,0,graduado
Ingeniería informática,4,diurna,138.0,127.5,0,1,0,19,8.9,1.4,3.51,0,5,6,5,14.6,0,abandono
Enfermería,1,diurna,131.0,127.0,0,1,1,19,12.7,3.7,-1.7,0,8,8,7,12.514285714285714,0,graduado
Enfermería veterinaria,2,diurna,123.0,118.9,0,1,0,18,7.6,2.6,0.32,0,5,5,3,14.0,0,continua_matriculado
Turismo,1,diurna,131.0,134.5,0,1,0,25,7.6,2.6,0.32,0,6,8,6,13.166666666666666,0,continua_matriculado
Ingeniería informática,1,diurna,141.0,133.0,0,1,0,18,7.6,2.6,0.32,0,5,10,4,13.0,0,continua_matriculado
Administración,1,diurna,133.1,114.0,0,0,0,29,8.9,1.4,3.51,0,5,5,1,13.0,0,abandono
Ingeniería informática,1,diurna,116.0,116.7,0,1,0,21,7.6,2.6,0.32,0,5,10,1,10.0,0,abandono
Periodismo y comunicación,3,diurna,123.0,125.1,1,1,1,18,11.1,0.6,2.02,0,6,6,6,14.333333333333334,0,graduado
Turismo,1,diurna,133.0,137.2,0,1,1,20,10.8,1.4,1.74,0,6,6,0,0.0,0,abandono
Administración,1,vespertina,133.1,111.4,0,1,0,27,13.9,-0.3,0.79,0,5,7,1,11.0,0,abandono
Enfermería veterinaria,1,diurna,133.1,105.0,0,1,0,21,12.4,0.5,1.79,0,6,15,3,11.25,0,continua_matriculado
Administración,2,diurna,140.0,124.3,0,1,0,20,10.8,1.4,1.74,0,5,7,4,10.75,0,abandono
Administración,1,diurna,100.0,132.0,1,0,0,28,10.8,1.4,1.74,0,5,7,1,11.0,0,abandono
Higiene oral,2,diurna,130.0,110.0,0,1,1,24,12.7,3.7,-1.7,0,7,13,6,10.857142857142858,0,continua_matriculado
Administración,5,diurna,134.0,134.7,0,1,0,22,7.6,2.6,0.32,1,5,10,4,11.75,0,continua_matriculado
Enfermería veterinaria,1,diurna,134.0,136.8,0,1,0,20,10.8,1.4,1.74,0,5,8,5,12.8,0,graduado
Enfermería veterinaria,1,diurna,160.0,160.0,0,1,0,21,9.4,-0.8,-3.12,1,5,15,3,12.333333333333334,2,graduado
Agronomía,1,diurna,130.0,130.0,1,0,0,23,13.9,-0.3,0.79,0,6,12,2,11.333333333333334,0,abandono
Servicio social,1,diurna,141.0,128.8,0,1,0,18,10.8,1.4,1.74,0,6,10,5,11.6,0,graduado
Diseño de animación y multimedia,1,diurna,147.0,148.4,0,1,1,20,11.1,0.6,2.02,8,14,15,12,10.923076923076923,0,graduado
Diseño de animación y multimedia,1,diurna,137.0,130.4,0,1,0,19,15.5,2.8,-4.06,0,0,0,0,0.0,0,graduado
Enfermería,1,diurna,130.0,126.0,0,1,0,32,13.9,-0.3,0.79,0,7,7,7,13.62857142857143,0,graduado
Turismo,6,diurna,119.0,118.7,0,1,0,20,10.8,1.4,1.74,0,6,16,3,10.333333333333334,0,abandono
Agronomía,1,diurna,130.0,120.0,0,1,0,32,15.5,2.8,-4.06,12,18,25,18,13.736842105263158,0,graduado
Agronomía,1,diurna,130.0,120.0,0,1,0,28,15.5,2.8,-4.06,7,13,19,8,11.625,0,continua_matriculado
Diseño de comunicación,1,diurna,120.0,116.3,0,1,1,21,12.4,0.5,1.79,2,7,7,4,11.5,0,graduado
Periodismo y comunicación,1,diurna,130.0,133.9,0,1,1,19,10.8,1.4,1.74,0,6,8,5,14.0,0,graduado
Administración,1,vespertina,150.0,150.3,0,1,0,24,10.8,1.4,1.74,0,5,7,3,11.333333333333334,0,abandono
Administración,1,diurna,120.0,118.3,0,1,0,18,12.7,3.7,-1.7,0,5,13,1,10.0,0,abandono
Agronomía,1,diurna,130.0,130.0,0,1,0,20,16.2,0.3,-0.92,0,6,14,5,11.714285714285714,0,graduado
Diseño de animación y multimedia,1,diurna,140.0,140.0,0,0,0,25,15.5,2.8,-4.06,0,0,0,0,0.0,0,abandono
Administración,6,diurna,130.0,110.4,0,1,0,25,7.6,2.6,0.32,13,15,15,13,10.76923076923077,0,abandono
Periodismo y comunicación,4,diurna,147.0,139.7,0,1,0,18,9.4,-0.8,-3.12,0,6,10,5,11.6,0,abandono
Administración,1,diurna,148.0,138.3,0,1,0,19,12.4,0.5,1.79,0,5,6,4,13.75,0,abandono
Administración,5,diurna,133.0,123.2,0,1,0,18,13.9,-0.3,0.79,0,5,14,4,11.0,0,abandono
Administración,1,diurna,135.0,120.0,0,0,0,25,15.5,2.8,-4.06,0,5,6,0,0.0,0,abandono
Diseño de animación y multimedia,1,diurna,116.0,127.0,0,1,0,38,7.6,2.6,0.32,0,0,0,0,0.0,0,abandono
Diseño de animación y multimedia,1,diurna,110.0,114.2,0,1,0,19,12.4,0.5,1.79,0,0,0,0,0.0,0,abandono
Periodismo y comunicación,4,diurna,133.0,119.7,0,1,0,19,16.2,0.3,-0.92,0,6,7,6,12.333333333333334,0,graduado
Enfermería veterinaria,1,diurna,150.0,150.0,0,1,1,22,12.4,0.5,1.79,0,6,9,6,13.428571428571429,0,graduado
Ingeniería informática,6,diurna,135.0,123.5,0,1,0,18,7.6,2.6,0.32,0,5,10,0,0.0,0,continua_matriculado
Administración,1,vespertina,130.0,130.0,0,0,0,32,16.2,0.3,-0.92,0,5,12,4,14.75,0,abandono
Educación básica,1,diurna,130.0,124.6,0,1,0,37,12.4,0.5,1.79,19,21,21,21,12.476190476190476,0,graduado
Ingeniería informática,1,diurna,132.0,119.4,0,1,0,21,7.6,2.6,0.32,0,5,8,0,0.0,0,abandono
Turismo,1,diurna,125.0,121.9,0,1,0,18,10.8,1.4,1.74,0,6,15,3,11.666666666666666,0,abandono
Diseño de comunicación,3,diurna,118.0,110.0,1,1,0,19,8.9,1.4,3.51,0,6,6,6,12.0,0,graduado
Gestión de publicidad y marketing,1,diurna,118.0,118.7,0,1,1,19,12.4,0.5,1.79,0,6,7,6,12.0,0,graduado
Diseño de animación y multimedia,1,diurna,161.0,163.1,0,0,0,19,8.9,1.4,3.51,6,12,12,12,15.25,0,graduado
Periodismo y comunicación,1,diurna,136.0,121.7,0,1,1,19,12.7,3.7,-1.7,0,6,9,5,12.4,0,graduado
Administración,1,diurna,135.0,135.0,1,1,0,21,8.9,1.4,3.51,0,5,9,3,12.333333333333334,0,continua_matriculado
Administración,1,vespertina,147.0,147.9,0,1,0,28,10.8,1.4,1.74,0,5,8,4,11.5,0,continua_matriculado
Periodismo y comunicación,1,diurna,124.0,118.1,1,0,0,19,16.2,0.3,-0.92,0,6,8,5,12.2,0,abandono
Administración,1,vespertina,133.1,105.3,1,1,0,28,12.4,0.5,1.79,0,5,14,2,10.5,0,abandono
Enfermería,1,diurna,141.0,139.8,0,1,1,19,12.7,3.7,-1.7,0,8,8,7,14.4,0,graduado
Servicio social,1,vespertina,130.0,130.0,0,1,0,32,10.8,1.4,1.74,8,14,18,13,12.846153846153848,0,graduado
Servicio social,1,vespertina,110.0,127.5,1,0,0,26,16.2,0.3,-0.92,0,6,13,4,12.0,0,abandono
Administración,1,diurna,133.1,120.0,0,1,0,25,9.4,-0.8,-3.12,0,5,0,0,0.0,0,abandono
Educación básica,2,diurna,130.0,124.2,0,1,0,31,9.4,-0.8,-3.12,3,7,8,6,13.666666666666666,0,abandono
Servicio social,1,diurna,120.0,113.4,0,1,1,20,12.7,3.7,-1.7,0,6,10,5,11.857142857142858,0,graduado
Servicio social,4,diurna,133.1,118.0,0,1,0,19,12.7,3.7,-1.7,0,6,0,0,0.0,0,abandono
Diseño de animación y multimedia,1,diurna,145.0,130.0,0,1,0,23,11.1,0.6,2.02,0,0,0,0,0.0,0,abandono
Servicio social,1,diurna,131.0,135.9,0,1,0,18,9.4,-0.8,-3.12,0,6,8,5,13.2,0,graduado
Servicio social,2,diurna,147.0,135.8,0,1,1,19,13.9,-0.3,0.79,0,6,8,6,12.714285714285714,0,abandono
Turismo,1,diurna,138.0,133.1,0,1,0,18,15.5,2.8,-4.06,0,6,6,6,12.5,0,graduado
Administración,1,diurna,123.0,118.8,0,1,0,21,7.6,2.6,0.32,0,5,9,3,10.666666666666666,0,continua_matriculado
Periodismo y comunicación,2,diurna,129.0,117.1,0,1,0,20,9.4,-0.8,-3.12,0,6,12,1,17.0,0,continua_matriculado
Enfermería veterinaria,1,diurna,125.0,114.5,0,1,0,24,12.7,3.7,-1.7,0,5,6,5,13.0,1,graduado
Gestión de publicidad y marketing,1,diurna,131.0,127.2,0,1,1,18,9.4,-0.8,-3.12,0,5,7,3,12.666666666666666,0,continua_matriculado
Enfermería,1,diurna,100.0,130.0,0,1,0,25,7.6,2.6,0.32,0,14,14,12,13.291666666666666,1,graduado
Enfermería veterinaria,1,diurna,120.0,116.1,0,1,0,20,9.4,-0.8,-3.12,0,5,12,3,11.666666666666666,2,graduado
Enfermería,2,diurna,145.0,130.5,0,1,0,18,10.8,1.4,1.74,0,8,8,7,14.24,0,graduado
Gestión de publicidad y marketing,1,diurna,120.0,104.0,0,1,0,24,7.6,2.6,0.32,0,5,10,3,13.0,0,abandono
Enfermería,2,diurna,140.0,128.5,0,1,0,18,12.4,0.5,1.79,0,7,9,5,14.06,0,continua_matriculado
Servicio social,5,diurna,134.0,126.0,1,0,0,21,13.9,-0.3,0.79,0,6,10,5,11.833333333333334,0,abandono
Periodismo y comunicación,1,diurna,140.0,141.1,0,1,0,18,9.4,-0.8,-3.12,0,6,6,6,12.833333333333334,0,graduado
Turismo,2,diurna,107.0,102.8,0,1,0,20,10.8,1.4,1.74,0,6,16,1,10.0,0,abandono
Administración,5,diurna,133.0,129.2,0,1,0,19,7.6,2.6,0.32,0,5,9,2,11.0,0,abandono
Enfermería,1,diurna,127.0,119.3,0,1,0,20,11.1,0.6,2.02,0,7,7,7,14.105714285714289,0,graduado
Enfermería,5,diurna,141.0,126.3,0,1,0,20,12.7,3.7,-1.7,0,8,12,7,12.471428571428572,0,graduado
Enfermería veterinaria,1,diurna,140.0,140.0,0,1,1,20,12.4,0.5,1.79,2,6,11,6,11.833333333333334,0,graduado
Diseño de comunicación,3,diurna,150.0,131.5,0,1,0,20,7.6,2.6,0.32,0,6,6,6,12.5,0,graduado
Educación básica,6,diurna,140.0,137.6,0,1,0,18,10.8,1.4,1.74,0,6,7,6,11.666666666666666,0,abandono
Diseño de animación y multimedia,1,diurna,141.0,142.8,0,1,0,18,12.4,0.5,1.79,0,0,0,0,0.0,0,graduado
Administración,1,vespertina,150.0,146.2,0,1,0,30,12.4,0.5,1.79,0,5,11,3,10.333333333333334,0,continua_matriculado
Enfermería veterinaria,2,diurna,160.0,162.1,0,1,0,18,9.4,-0.8,-3.12,0,5,8,5,16.166666666666668,2,graduado
Enfermería veterinaria,1,diurna,133.1,140.0,0,1,0,35,11.1,0.6,2.02,0,6,11,3,12.666666666666666,0,abandono
Servicio social,1,vespertina,133.1,120.0,1,0,0,31,11.1,0.6,2.02,0,6,14,2,10.5,0,abandono
Turismo,1,diurna,134.0,133.3,1,1,0,19,7.6,2.6,0.32,0,6,13,2,11.5,0,abandono
Servicio social,4,diurna,130.0,124.8,0,1,0,19,8.9,1.4,3.51,0,6,6,6,13.0,0,graduado
Enfermería,4,diurna,140.0,133.3,0,1,0,19,7.6,2.6,0.32,0,7,7,6,11.966666666666669,0,graduado
Enfermería,1,diurna,145.0,141.8,0,1,0,19,9.4,-0.8,-3.12,0,8,8,8,13.3475,0,graduado
Enfermería veterinaria,3,diurna,133.0,128.2,0,1,0,21,7.6,2.6,0.32,0,5,7,5,12.0,0,graduado
Educación básica,3,diurna,133.1,115.0,0,1,0,18,7.6,2.6,0.32,0,6,10,2,10.5,0,abandono
Servicio social,1,diurna,132.0,123.6,0,1,0,18,7.6,2.6,0.32,0,6,9,4,11.5,0,continua_matriculado
Diseño de animación y multimedia,2,diurna,117.0,120.2,0,1,0,19,7.6,2.6,0.32,0,0,0,0,0.0,0,graduado
Gestión de publicidad y marketing,1,diurna,127.0,127.0,0,1,0,18,12.4,0.5,1.79,0,6,9,6,13.571428571428571,0,graduado
Enfermería veterinaria,1,diurna,134.0,120.4,0,1,0,18,16.2,0.3,-0.92,0,6,10,6,14.7,0,graduado
Administración,1,vespertina,120.0,120.0,0,0,0,25,9.4,-0.8,-3.12,0,5,5,0,0.0,0,abandono
Enfermería,1,diurna,136.0,120.0,0,1,0,18,7.6,2.6,0.32,0,7,8,6,11.833333333333334,0,continua_matriculado
Diseño de animación y multimedia,3,diurna,137.0,133.9,0,1,0,19,12.7,3.7,-1.7,0,0,0,0,0.0,0,graduado
Enfermería,6,diurna,118.0,113.5,0,1,0,18,12.4,0.5,1.79,0,7,7,7,13.175714285714289,0,graduado
Agronomía,1,diurna,130.0,126.1,0,1,0,24,12.4,0.5,1.79,0,6,7,0,0.0,0,abandono
Servicio social,1,diurna,124.0,121.2,0,1,0,19,7.6,2.6,0.32,0,6,12,2,13.0,0,continua_matriculado
Enfermería,1,diurna,150.0,150.0,0,1,0,29,12.7,3.7,-1.7,1,8,11,7,13.742857142857144,0,graduado
Administración,1,vespertina,161.0,100.0,0,1,0,27,7.6,2.6,0.32,0,5,5,0,0.0,0,abandono
Enfermería,6,diurna,143.0,127.3,0,1,0,18,11.1,0.6,2.02,0,7,8,7,12.217142857142855,0,graduado
Administración,1,vespertina,130.0,103.8,0,1,0,28,9.4,-0.8,-3.12,14,15,15,14,11.071428571428571,0,abandono
Educación básica,1,diurna,133.1,131.0,0,1,1,32,13.9,-0.3,0.79,0,7,10,7,13.428571428571429,0,graduado
Administración,1,vespertina,110.0,133.9,0,1,0,30,10.8,1.4,1.74,0,5,7,5,11.4,0,abandono
Enfermería,1,diurna,140.0,140.0,0,1,0,29,12.7,3.7,-1.7,0,8,14,4,11.325,1,abandono
Servicio social,2,diurna,145.0,121.4,0,1,0,20,9.4,-0.8,-3.12,0,6,13,0,0.0,0,continua_matriculado
Enfermería,1,diurna,131.0,122.0,0,1,0,19,12.7,3.7,-1.7,0,8,8,7,15.0,0,graduado
Servicio social,2,vespertina,141.0,150.5,0,1,0,29,12.4,0.5,1.79,0,6,7,6,13.166666666666666,0,graduado
Servicio social,1,diurna,145.0,139.4,0,0,0,27,9.4,-0.8,-3.12,0,6,12,2,11.0,0,abandono
Servicio social,1,diurna,122.0,112.6,0,1,0,19,12.4,0.5,1.79,0,6,0,0,0.0,0,abandono
Gestión de publicidad y marketing,1,diurna,118.0,115.2,0,1,1,21,7.6,2.6,0.32,0,5,7,3,12.333333333333334,0,abandono
Administración,1,vespertina,150.0,131.8,0,0,0,29,10.8,1.4,1.74,0,5,6,4,12.25,0,abandono
Administración,1,diurna,120.0,122.8,1,0,0,42,15.5,2.8,-4.06,13,13,13,13,11.923076923076923,0,abandono
Servicio social,1,diurna,167.0,156.2,0,1,1,18,15.5,2.8,-4.06,0,6,6,6,14.333333333333334,0,graduado
Enfermería veterinaria,1,diurna,150.0,132.0,0,1,0,24,10.8,1.4,1.74,0,5,6,5,12.0,0,graduado
Enfermería,1,diurna,130.0,130.0,0,1,0,32,15.5,2.8,-4.06,0,7,9,7,13.761111111111113,0,continua_matriculado
Administración,1,diurna,151.0,138.4,0,1,0,18,10.8,1.4,1.74,0,5,6,4,11.25,0,continua_matriculado
Administración,1,vespertina,120.0,146.2,0,1,0,27,11.1,0.6,2.02,0,5,10,3,12.333333333333334,0,graduado
Enfermería,4,diurna,168.0,166.0,0,1,0,18,9.4,-0.8,-3.12,0,8,8,8,14.88875,0,graduado
Periodismo y comunicación,3,diurna,153.0,133.1,1,1,1,19,9.4,-0.8,-3.12,0,6,8,6,12.166666666666666,0,abandono
Periodismo y comunicación,2,diurna,131.0,121.9,0,1,1,18,11.1,0.6,2.02,0,6,7,6,12.666666666666666,0,graduado
Educación básica,4,diurna,116.0,110.4,0,1,0,21,9.4,-0.8,-3.12,0,6,9,5,12.6,0,continua_matriculado
Administración,1,diurna,160.0,121.4,0,1,1,26,16.2,0.3,-0.92,0,5,8,4,13.0,0,graduado
Turismo,1,diurna,152.0,137.0,0,1,1,22,9.4,-0.8,-3.12,0,6,9,6,13.875,0,graduado
Administración,1,vespertina,133.1,140.0,1,1,0,37,9.4,-0.8,-3.12,0,5,10,4,10.75,0,abandono
Enfermería veterinaria,1,diurna,150.0,140.0,0,1,0,24,7.6,2.6,0.32,3,5,10,3,14.666666666666666,1,abandono
Educación básica,2,diurna,168.0,126.8,0,1,0,18,10.8,1.4,1.74,0,6,7,5,12.6,0,continua_matriculado
Enfermería,3,diurna,137.0,124.8,0,1,1,19,15.5,2.8,-4.06,0,7,11,6,12.4125,0,graduado
Equinocultura,1,diurna,133.1,120.0,1,0,0,28,16.2,0.3,-0.92,0,6,12,1,11.0,0,abandono
Enfermería,4,diurna,160.0,133.0,0,1,1,18,12.7,3.7,-1.7,0,8,8,7,14.314285714285717,0,graduado
Diseño de comunicación,1,diurna,145.0,127.5,0,1,0,20,10.8,1.4,1.74,0,6,6,4,12.0,0,continua_matriculado
Periodismo y comunicación,1,diurna,138.0,131.7,0,1,0,18,15.5,2.8,-4.06,0,6,6,6,12.833333333333334,0,graduado
Periodismo y comunicación,1,diurna,100.0,133.0,0,1,0,47,12.7,3.7,-1.7,0,6,8,5,11.4,0,abandono
Administración,1,vespertina,140.0,122.7,0,1,0,38,13.9,-0.3,0.79,0,5,5,5,14.6,0,graduado
Diseño de comunicación,1,diurna,124.0,121.2,0,1,1,20,10.8,1.4,1.74,1,6,7,6,13.5,0,graduado
Equinocultura,1,diurna,150.0,150.0,0,1,0,21,13.9,-0.3,0.79,1,6,8,6,12.5,0,abandono
Diseño de comunicación,1,diurna,125.0,133.4,0,1,1,19,13.9,-0.3,0.79,4,6,6,4,13.0,0,continua_matriculado
Tecnologías de producción de biocombustibles,1,diurna,143.0,121.2,0,1,0,25,12.4,0.5,1.79,5,10,13,5,11.6,0,continua_matriculado
Equinocultura,1,diurna,137.0,129.3,0,1,0,18,9.4,-0.8,-3.12,0,5,6,5,11.8,1,graduado
Enfermería,1,diurna,133.1,117.8,1,0,0,46,11.1,0.6,2.02,0,7,14,3,12.333333333333334,0,abandono
Enfermería,2,diurna,136.0,131.3,0,1,0,23,7.6,2.6,0.32,11,14,15,12,12.625,1,graduado
Diseño de comunicación,1,diurna,132.0,133.8,0,1,1,20,16.2,0.3,-0.92,0,6,6,6,13.833333333333334,0,graduado
Diseño de comunicación,1,diurna,120.0,120.0,0,1,0,20,16.2,0.3,-0.92,2,7,7,6,12.5,0,graduado
Periodismo y comunicación,6,diurna,125.0,122.2,0,1,0,19,15.5,2.8,-4.06,0,6,7,5,13.6,0,graduado
Periodismo y comunicación,2,diurna,120.0,119.0,1,0,0,18,11.1,0.6,2.02,0,6,6,6,12.0,0,abandono
Enfermería,1,diurna,154.0,149.5,0,1,1,30,13.9,-0.3,0.79,0,7,8,7,14.9125,0,abandono
Administración,1,diurna,180.0,153.8,0,1,1,20,9.4,-0.8,-3.12,0,5,5,5,13.8,0,graduado
Periodismo y comunicación,1,diurna,152.0,152.0,0,1,0,22,12.7,3.7,-1.7,0,6,8,6,11.666666666666666,0,graduado
